اسم السوبر ماركت,فترة سريان العرض,الفرع / الموقع,تاريخ تعديل ملف الفلاير,الفئة,اسم العلامة التجارية,اسم المنتج (الأساسي),الاسم بالعربية,العبارة الترويجية,الوحدة,السعر الأصلي,السعر الحالي,الخصم %,العملة,قيود العرض,اسم ملف الفلاير,اسم المجلد الفرعي,الاحداثيات,الموثوقية,السعر المحسوب,solution_key,end_date,status,standard_supermarket_name,source_file,__source_file__
العثيم,ينتهي في الثلاثاء، ٢١ أبريل ٢٠٢٦,,2026-04-20 05:36:55,أطعمة -زيوت ودهون,Rehana,Rehana Premium Rice,ريحانة أرز فاخر ٥ كجم,أرز أبيض مصرى الفئة أطعمة -زيوت ودهون,5 kg,204.0,174.95,14,EGP,,page_2.jpg,flyer_10001,"{'ymin': 188, 'xmin': 118, 'ymax': 568, 'xmax': 418}",0.99,173.4,10001,٢١ أبريل ٢٠٢٦,ينتهي في الثلاثاء، ٢١ أبريل ٢٠٢٦,Othaim,key_merged_cleansed_output.xlsx,merged_cleansed_output.xlsx
العثيم,ينتهي في الثلاثاء، ٢١ أبريل ٢٠٢٦,,2026-04-20 05:36:55,أطعمة -زيوت ودهون,Al Sakia,Al Sakia Egyptian Rice,الساقية أرز مصرى ١ كيلو,أرز مصرى فاخر الفئة أطعمة -زيوت ودهون,1 kg,27.0,24.45,9,EGP,,page_2.jpg,flyer_10001,"{'ymin': 218, 'xmin': 584, 'ymax': 568, 'xmax': 940}",0.98,24.3,10001,٢١ أبريل ٢٠٢٦,ينتهي في الثلاثاء، ٢١ أبريل ٢٠٢٦,Othaim,key_merged_cleansed_output.xlsx,merged_cleansed_output.xlsx
العثيم,ينتهي في الثلاثاء، ٢١ أبريل ٢٠٢٦,,2026-04-20 05:36:55,أطعمة -زيوت ودهون,Star,Star Pasta Assorted,ستار مكرونة انواع ١ كيلو,عبوة التوفير الفئة أطعمة -زيوت ودهون,1 kg,37.0,32.95,10,EGP,,page_2.jpg,flyer_10001,"{'ymin': 636, 'xmin': 88, 'ymax': 958, 'xmax': 434}",0.98,32.93,10001,٢١ أبريل ٢٠٢٦,ينتهي في الثلاثاء، ٢١ أبريل ٢٠٢٦,Othaim,key_merged_cleansed_output.xlsx,merged_cleansed_output.xlsx
العثيم,ينتهي في الثلاثاء، ٢١ أبريل ٢٠٢٦,,2026-04-20 05:36:55,أطعمة -زيوت ودهون,Regina,Regina Pasta Assorted,ريجينا مكرونة انواع ٤٠٠ جم,Finest Quality Pasta الفئة أطعمة -زيوت ودهون,400 g,29.0,25.95,10,EGP,,page_2.jpg,flyer_10001,"{'ymin': 635, 'xmin': 574, 'ymax': 953, 'xmax': 951}",0.97,25.81,10001,٢١ أبريل ٢٠٢٦,ينتهي في الثلاثاء، ٢١ أبريل ٢٠٢٦,Othaim,key_merged_cleansed_output.xlsx,merged_cleansed_output.xlsx
العثيم,ينتهي في الثلاثاء، ٢١ أبريل ٢٠٢٦,,2026-04-20 05:36:56,أطعمة -الألبان ومنتجاتها,Labanita,Labanita Full Cream Milk,لبنيتا حليب كامل الدسم ١ لتر,حليب كامل الدسم الفئة أطعمة -الألبان ومنتجاتها,1L,50.0,44.95,10,EGP,,page_3.jpg,flyer_10001,"{'ymin': 605, 'xmin': 108, 'ymax': 988, 'xmax': 460}",0.98,45.0,10001,٢١ أبريل ٢٠٢٦,ينتهي في الثلاثاء، ٢١ أبريل ٢٠٢٦,Othaim,key_merged_cleansed_output.xlsx,merged_cleansed_output.xlsx
العثيم,ينتهي في الثلاثاء، ٢١ أبريل ٢٠٢٦,,2026-04-20 05:36:56,أطعمة -زيوت ودهون,Hero,Hero Peanut Butter Crunchy/Creamy,هيرو زبدة فول سودانى ٣٠٠جم كرانشى/كريمة,زبدة الفول السوداني الفئة أطعمة -زيوت ودهون,300g,112.0,94.95,15,EGP,,page_3.jpg,flyer_10001,"{'ymin': 595, 'xmin': 545, 'ymax': 988, 'xmax': 930}",0.96,95.2,10001,٢١ أبريل ٢٠٢٦,ينتهي في الثلاثاء، ٢١ أبريل ٢٠٢٦,Othaim,key_merged_cleansed_output.xlsx,merged_cleansed_output.xlsx
العثيم,ينتهي في الثلاثاء، ٢١ أبريل ٢٠٢٦,,2026-04-20 05:36:56,أطعمة -زيوت ودهون,Halwani Bros,Halwani Plain Halawa,حلواني حلاوة ساده ٥٣٠ جم,حلاوة طحينية سادة الفئة أطعمة -زيوت ودهون,530g,87.0,79.95,8,EGP,,page_3.jpg,flyer_10001,"{'ymin': 168, 'xmin': 54, 'ymax': 568, 'xmax': 440}",0.97,77.43,10001,٢١ أبريل ٢٠٢٦,ينتهي في الثلاثاء، ٢١ أبريل ٢٠٢٦,Othaim,key_merged_cleansed_output.xlsx,merged_cleansed_output.xlsx
العثيم,ينتهي في الثلاثاء، ٢١ أبريل ٢٠٢٦,,2026-04-20 05:36:56,أطعمة -زيوت ودهون,Vitrac,Vitrac Jam Strawberry / Fig,فيتراك مربي ٨٥٠ جم فراولة / تين,مربى التين / الفراولة الفئة أطعمة -زيوت ودهون,850g,89.0,69.95,21,EGP,,page_3.jpg,flyer_10001,"{'ymin': 148, 'xmin': 538, 'ymax': 578, 'xmax': 920}",0.98,70.31,10001,٢١ أبريل ٢٠٢٦,ينتهي في الثلاثاء، ٢١ أبريل ٢٠٢٦,Othaim,key_merged_cleansed_output.xlsx,merged_cleansed_output.xlsx
العثيم,ينتهي في الثلاثاء، ٢١ أبريل ٢٠٢٦,,2026-04-20 05:36:57,أطعمة -زيوت ودهون,Miro,Miro Milk Powder 700g Bag,ميرو لبن بودرة ٧٠٠جم كيس,BEST PRICE الفئة أطعمة -زيوت ودهون,700g,241.0,232.95,3,EGP,,page_4.jpg,flyer_10001,"{'ymin': 603, 'xmin': 65, 'ymax': 983, 'xmax': 448}",0.97,,10001,٢١ أبريل ٢٠٢٦,ينتهي في الثلاثاء، ٢١ أبريل ٢٠٢٦,Othaim,key_merged_cleansed_output.xlsx,merged_cleansed_output.xlsx
العثيم,ينتهي في الثلاثاء، ٢١ أبريل ٢٠٢٦,,2026-04-20 05:36:57,أطعمة -زيوت ودهون,Bonjorno,Bonjorno Coffee Mix 12g 12 Sachets,بونجورنو كوفى ميكس ١٢ جم علبة ١٢ اظرف,BEST PRICE الفئة أطعمة -زيوت ودهون,12 Sachets,72.0,67.45,6,EGP,,page_4.jpg,flyer_10001,"{'ymin': 598, 'xmin': 525, 'ymax': 983, 'xmax': 914}",0.96,,10001,٢١ أبريل ٢٠٢٦,ينتهي في الثلاثاء، ٢١ أبريل ٢٠٢٦,Othaim,key_merged_cleansed_output.xlsx,merged_cleansed_output.xlsx
العثيم,ينتهي في الثلاثاء، ٢١ أبريل ٢٠٢٦,,2026-04-20 05:36:57,أطعمة -زيوت ودهون,Lipton,Lipton Tea 100 Bags + Mug Gift,ليبنتون شاي ١٠٠ فتله + مج هدية,مج هدية الفئة أطعمة -زيوت ودهون,100 Bags,120.0,104.95,12,EGP,99.95 لعملاء اكتساب,page_4.jpg,flyer_10001,"{'ymin': 164, 'xmin': 17, 'ymax': 573, 'xmax': 454}",0.97,100.8,10001,٢١ أبريل ٢٠٢٦,ينتهي في الثلاثاء، ٢١ أبريل ٢٠٢٦,Othaim,key_merged_cleansed_output.xlsx,merged_cleansed_output.xlsx
العثيم,ينتهي في الثلاثاء، ٢١ أبريل ٢٠٢٦,,2026-04-20 05:36:57,أطعمة -زيوت ودهون,Lipton,Lipton Tea Soft 250g,ليبنتون شاي ناعم ٢٥٠جم,توليفة جديدة بجودة عالية الفئة أطعمة -زيوت ودهون,250g,66.0,56.95,13,EGP,,page_4.jpg,flyer_10001,"{'ymin': 151, 'xmin': 518, 'ymax': 578, 'xmax': 943}",0.98,57.42,10001,٢١ أبريل ٢٠٢٦,ينتهي في الثلاثاء، ٢١ أبريل ٢٠٢٦,Othaim,key_merged_cleansed_output.xlsx,merged_cleansed_output.xlsx
العثيم,ينتهي في الثلاثاء، ٢١ أبريل ٢٠٢٦,,2026-04-20 05:36:58,أطعمة -زيوت ودهون,Qalya,Qalya Mixed Oil 4.5L,"قلية زيت خليط ٤,٥ لتر",الفئة أطعمة -زيوت ودهون,4.5L,375.0,320.0,14,EGP,,page_5.jpg,flyer_10001,"{'ymin': 158, 'xmin': 558, 'ymax': 575, 'xmax': 948}",0.98,318.75,10001,٢١ أبريل ٢٠٢٦,ينتهي في الثلاثاء، ٢١ أبريل ٢٠٢٦,Othaim,key_merged_cleansed_output.xlsx,merged_cleansed_output.xlsx
العثيم,ينتهي في الثلاثاء، ٢١ أبريل ٢٠٢٦,,2026-04-20 05:36:58,أطعمة -زيوت ودهون,Sunshine,Sunshine Tuna Chunks Easy Open 185g,صن شاين ونة قطع سهلة الفتح ١٨٥جم,الفئة أطعمة -زيوت ودهون,185g,71.0,63.95,9,EGP,,page_5.jpg,flyer_10001,"{'ymin': 596, 'xmin': 522, 'ymax': 970, 'xmax': 933}",0.96,63.9,10001,٢١ أبريل ٢٠٢٦,ينتهي في الثلاثاء، ٢١ أبريل ٢٠٢٦,Othaim,key_merged_cleansed_output.xlsx,merged_cleansed_output.xlsx
العثيم,ينتهي في الثلاثاء، ٢١ أبريل ٢٠٢٦,,2026-04-20 05:36:58,أطعمة -زيوت ودهون,Dolphin,Dolphin Tuna Solid Easy Open 200g,دولفين تونه قطعه واحدة سهلة الفتح ٢٠٠جم,BEST PRICE الفئة أطعمة -زيوت ودهون,200g,75.0,69.95,6,EGP,لعملاء اكتساب 67.95,page_5.jpg,flyer_10001,"{'ymin': 594, 'xmin': 57, 'ymax': 978, 'xmax': 451}",0.95,,10001,٢١ أبريل ٢٠٢٦,ينتهي في الثلاثاء، ٢١ أبريل ٢٠٢٦,Othaim,key_merged_cleansed_output.xlsx,merged_cleansed_output.xlsx
العثيم,ينتهي في الثلاثاء، ٢١ أبريل ٢٠٢٦,,2026-04-20 05:36:58,أطعمة -زيوت ودهون,Toledo,Toledo White Vinegar 1L,توليدو خل ابيض ١ لتر,الفئة أطعمة -زيوت ودهون,1L,16.0,11.95,25,EGP,,page_5.jpg,flyer_10001,"{'ymin': 161, 'xmin': 82, 'ymax': 575, 'xmax': 424}",0.97,12.0,10001,٢١ أبريل ٢٠٢٦,ينتهي في الثلاثاء، ٢١ أبريل ٢٠٢٦,Othaim,key_merged_cleansed_output.xlsx,merged_cleansed_output.xlsx
العثيم,ينتهي في الثلاثاء، ٢١ أبريل ٢٠٢٦,,2026-04-20 05:36:59,أطعمة -مشروبات,Aqua Delta,Aqua Delta Natural Drinking Water,"أكوا دلتا ٦٠٠ ملل / ١,٥ لتر كرتونه",الفئة أطعمة -مشروبات,12 x 1.5 L,112.0,87.95,21,EGP,,page_6.jpg,flyer_10001,"{'ymin': 643, 'xmin': 548, 'ymax': 972, 'xmax': 954}",0.96,88.48,10001,٢١ أبريل ٢٠٢٦,ينتهي في الثلاثاء، ٢١ أبريل ٢٠٢٦,Othaim,key_merged_cleansed_output.xlsx,merged_cleansed_output.xlsx
العثيم,ينتهي في الثلاثاء، ٢١ أبريل ٢٠٢٦,,2026-04-20 05:36:59,أطعمة -مشروبات,Coca-Cola / Sprite / Fanta / Schweppes,Coca-Cola / Sprite / Fanta / Schweppes Cans,كوكاكولا / سبرايت / فانتا / شويبس ٣٢٠ مل كانز,BEST PRICE الفئة أطعمة -مشروبات,320 ml,17.0,15.95,6,EGP,,page_6.jpg,flyer_10001,"{'ymin': 249, 'xmin': 86, 'ymax': 575, 'xmax': 438}",0.97,,10001,٢١ أبريل ٢٠٢٦,ينتهي في الثلاثاء، ٢١ أبريل ٢٠٢٦,Othaim,key_merged_cleansed_output.xlsx,merged_cleansed_output.xlsx
العثيم,ينتهي في الثلاثاء، ٢١ أبريل ٢٠٢٦,,2026-04-20 05:36:59,أطعمة -مشروبات,Coca-Cola / Sprite / Fanta,Coca-Cola / Sprite / Fanta Soft Drink,"كوكاكولا / سبرايت / فانتا مشروب غازي ٢,٤٥ لتر",١/٤ لتر زيادة الفئة أطعمة -مشروبات,2.45 L,40.0,35.95,10,EGP,,page_6.jpg,flyer_10001,"{'ymin': 214, 'xmin': 561, 'ymax': 575, 'xmax': 921}",0.98,36.0,10001,٢١ أبريل ٢٠٢٦,ينتهي في الثلاثاء، ٢١ أبريل ٢٠٢٦,Othaim,key_merged_cleansed_output.xlsx,merged_cleansed_output.xlsx
العثيم,ينتهي في الثلاثاء، ٢١ أبريل ٢٠٢٦,,2026-04-20 05:37:00,أطعمة- شيكولاتة وحلويات,Kinder,Kinder Joy Egg Chocolate For Girls/Boys 20g,كيندر جوى بيض شوكو بناتى / اولادى ٢٠ج,WITH SURPRISE الفئة أطعمة- شيكولاتة وحلويات,20g,60.0,51.45,14,EGP,,page_7.jpg,flyer_10001,"{'ymin': 593, 'xmin': 93, 'ymax': 988, 'xmax': 424}",0.94,,10001,٢١ أبريل ٢٠٢٦,ينتهي في الثلاثاء، ٢١ أبريل ٢٠٢٦,العثيم Othaim,key_merged_cleansed_output.xlsx,merged_cleansed_output.xlsx
العثيم,ينتهي في الثلاثاء، ٢١ أبريل ٢٠٢٦,,2026-04-20 05:37:00,أطعمة- شيكولاتة وحلويات,Kinder,Kinder Bueno 43g,كيندر شيكولاتة بينو ٤٣جم,خصم 12% الفئة أطعمة- شيكولاتة وحلويات,43g,45.0,38.95,13,EGP,,page_7.jpg,flyer_10001,"{'ymin': 604, 'xmin': 530, 'ymax': 988, 'xmax': 921}",0.96,39.6,10001,٢١ أبريل ٢٠٢٦,ينتهي في الثلاثاء، ٢١ أبريل ٢٠٢٦,العثيم Othaim,key_merged_cleansed_output.xlsx,merged_cleansed_output.xlsx
العثيم,ينتهي في الثلاثاء، ٢١ أبريل ٢٠٢٦,,2026-04-20 05:37:00,أطعمة -حلويات وبسكويت,Al Shama'dan,Al Shama'dan Nawaem Economic,الشمعدان نواعم اقتصادى,الفئة أطعمة -حلويات وبسكويت,Pack,40.0,27.95,30,EGP,26.95 لعملاء اكتساب,page_7.jpg,flyer_10001,"{'ymin': 154, 'xmin': 17, 'ymax': 568, 'xmax': 458}",0.92,,10001,٢١ أبريل ٢٠٢٦,ينتهي في الثلاثاء، ٢١ أبريل ٢٠٢٦,العثيم Othaim,key_merged_cleansed_output.xlsx,merged_cleansed_output.xlsx
العثيم,ينتهي في الثلاثاء، ٢١ أبريل ٢٠٢٦,,2026-04-20 05:37:00,أطعمة -حلويات وبسكويت,McVitie's,McVitie's Digestive/Hobnobs 28g,مكفيتيز دايجستيف ٢٨جم ميلك / دارك / ذهبي / شوفان,BEST PRICE الفئة أطعمة -حلويات وبسكويت,28g,10.0,9.45,5,EGP,,page_7.jpg,flyer_10001,"{'ymin': 158, 'xmin': 519, 'ymax': 564, 'xmax': 948}",0.95,,10001,٢١ أبريل ٢٠٢٦,ينتهي في الثلاثاء، ٢١ أبريل ٢٠٢٦,العثيم Othaim,key_merged_cleansed_output.xlsx,merged_cleansed_output.xlsx
بيم,ينتهي في الاثنين، ٢٠ أبريل ٢٠٢٦,,2026-04-20 05:37:51,أطعمة -زيوت ودهون,Crystal,Crystal Ghee,"كريستال سمن ١,٥ كجم",بطعم وريحة الزبدة الصفراء، 100% غير مهدرج الفئة أطعمة -زيوت ودهون,1.5 kg,181.5,156.45,13,EGP,عرض ساري لمدة يوم واحد,page_1.jpg,flyer_10003,"{'ymin': 268, 'xmin': 255, 'ymax': 898, 'xmax': 741}",0.98,156.09,10003,٢٠ أبريل ٢٠٢٦,ينتهي في الاثنين، ٢٠ أبريل ٢٠٢٦,BIM,key_merged_cleansed_output.xlsx,merged_cleansed_output.xlsx
بيم,ينتهي في الاثنين، ٢٠ أبريل ٢٠٢٦,,2026-04-20 05:37:52,أطعمة -زيوت ودهون,Crystal,Crystal Sunflower Oil,كريستال زيت دوار الشمس,HOT PRICE الفئة أطعمة -زيوت ودهون,1 Liter,107.5,93.95,12,EGP,عرض ساري لمدة يوم واحد,page_2.jpg,flyer_10003,"{'ymin': 270, 'xmin': 289, 'ymax': 898, 'xmax': 725}",0.98,93.525,10003,٢٠ أبريل ٢٠٢٦,ينتهي في الاثنين، ٢٠ أبريل ٢٠٢٦,BIM,key_merged_cleansed_output.xlsx,merged_cleansed_output.xlsx
بيم,ينتهي في الثلاثاء، ٢١ أبريل ٢٠٢٦,,2026-04-20 05:37:57,أطعمة -فواكه وخضروات,,Imported Red Apple,تفاح أحمر مستورد,بالوزن الفئة أطعمة -فواكه وخضروات,,99.95,74.95,25,EGP,,page_1.jpg,flyer_10004,"{'ymin': 583, 'xmin': 41, 'ymax': 965, 'xmax': 414}",0.99,74.9625,10004,٢١ أبريل ٢٠٢٦,ينتهي في الثلاثاء، ٢١ أبريل ٢٠٢٦,BIM,key_merged_cleansed_output.xlsx,merged_cleansed_output.xlsx
بيم,ينتهي في الثلاثاء، ٢١ أبريل ٢٠٢٦,,2026-04-20 05:37:57,أطعمة -فواكه وخضروات,Pico,Local Banana,بيكو موز بلدي,بالوزن الفئة أطعمة -فواكه وخضروات,1 kg,42.95,34.95,18,EGP,,page_1.jpg,flyer_10004,"{'ymin': 173, 'xmin': 503, 'ymax': 546, 'xmax': 951}",0.97,34.7895,10004,٢١ أبريل ٢٠٢٦,ينتهي في الثلاثاء، ٢١ أبريل ٢٠٢٦,BIM,key_merged_cleansed_output.xlsx,merged_cleansed_output.xlsx
بيم,ينتهي في الثلاثاء، ٢١ أبريل ٢٠٢٦,,2026-04-20 05:37:57,أطعمة -فواكه وخضروات,,Local Tangerine,يوسفي بلدي,بالوزن الفئة أطعمة -فواكه وخضروات,,26.95,19.95,25,EGP,,page_1.jpg,flyer_10004,"{'ymin': 213, 'xmin': 33, 'ymax': 546, 'xmax': 411}",0.98,19.943,10004,٢١ أبريل ٢٠٢٦,ينتهي في الثلاثاء، ٢١ أبريل ٢٠٢٦,BIM,key_merged_cleansed_output.xlsx,merged_cleansed_output.xlsx
بيم,ينتهي في الثلاثاء، ٢١ أبريل ٢٠٢٦,,2026-04-20 05:37:58,أطعمة -فواكه وخضروات,,Cucumber,خيار ١ كجم,وفر ٧ جنيه الفئة أطعمة -فواكه وخضروات,,26.95,19.95,25,EGP,بالوزن,page_2.jpg,flyer_10004,"{'ymin': 196, 'xmin': 516, 'ymax': 403, 'xmax': 980}",0.98,19.943,10004,٢١ أبريل ٢٠٢٦,ينتهي في الثلاثاء، ٢١ أبريل ٢٠٢٦,BIM,key_merged_cleansed_output.xlsx,merged_cleansed_output.xlsx
بيم,ينتهي في الثلاثاء، ٢١ أبريل ٢٠٢٦,,2026-04-20 05:37:58,أطعمة -فواكه وخضروات,,Colored Pepper,فلفل الوان ١ كجم,وفر ١٥ جنيه الفئة أطعمة -فواكه وخضروات,,64.95,49.95,23,EGP,بالوزن,page_2.jpg,flyer_10004,"{'ymin': 206, 'xmin': 31, 'ymax': 444, 'xmax': 483}",0.97,50.01150000000001,10004,٢١ أبريل ٢٠٢٦,ينتهي في الثلاثاء، ٢١ أبريل ٢٠٢٦,BIM,key_merged_cleansed_output.xlsx,merged_cleansed_output.xlsx
بيم,ينتهي في الثلاثاء، ٢١ أبريل ٢٠٢٦,,2026-04-20 05:37:58,أطعمة -فواكه وخضروات,,Imported Garlic,ثوم مستورد ٢٠٠ جم,وفر ٦ جنيه الفئة أطعمة -فواكه وخضروات,,27.95,21.95,21,EGP,شبكة,page_2.jpg,flyer_10004,"{'ymin': 724, 'xmin': 524, 'ymax': 898, 'xmax': 983}",0.98,22.0805,10004,٢١ أبريل ٢٠٢٦,ينتهي في الثلاثاء، ٢١ أبريل ٢٠٢٦,BIM,key_merged_cleansed_output.xlsx,merged_cleansed_output.xlsx
بيم,ينتهي في الثلاثاء، ٢١ أبريل ٢٠٢٦,,2026-04-20 05:37:58,أطعمة -فواكه وخضروات,,First Grade Tomato,طماطم درجة اولي ١ كجم,وفر ٦ جنيه الفئة أطعمة -فواكه وخضروات,,33.95,27.95,17,EGP,بالوزن,page_2.jpg,flyer_10004,"{'ymin': 441, 'xmin': 349, 'ymax': 669, 'xmax': 678}",0.96,27.83900000000001,10004,٢١ أبريل ٢٠٢٦,ينتهي في الثلاثاء، ٢١ أبريل ٢٠٢٦,BIM,key_merged_cleansed_output.xlsx,merged_cleansed_output.xlsx
بيم,ينتهي في الثلاثاء، ٢١ أبريل ٢٠٢٦,,2026-04-20 05:37:58,أطعمة -فواكه وخضروات,,Red Onion,بصل احمر ١ كجم,وفر ٥ جنيه الفئة أطعمة -فواكه وخضروات,,17.95,12.95,27,EGP,بالوزن,page_2.jpg,flyer_10004,"{'ymin': 458, 'xmin': 654, 'ymax': 669, 'xmax': 983}",0.98,12.924,10004,٢١ أبريل ٢٠٢٦,ينتهي في الثلاثاء، ٢١ أبريل ٢٠٢٦,BIM,key_merged_cleansed_output.xlsx,merged_cleansed_output.xlsx
بيم,ينتهي في الثلاثاء، ٢١ أبريل ٢٠٢٦,,2026-04-20 05:37:58,أطعمة -فواكه وخضروات,,Lemon,ليمون ٥٠٠ جم,وفر ٧ جنيه الفئة أطعمة -فواكه وخضروات,,21.95,14.95,31,EGP,شبكة,page_2.jpg,flyer_10004,"{'ymin': 724, 'xmin': 41, 'ymax': 898, 'xmax': 513}",0.98,14.926,10004,٢١ أبريل ٢٠٢٦,ينتهي في الثلاثاء، ٢١ أبريل ٢٠٢٦,BIM,key_merged_cleansed_output.xlsx,merged_cleansed_output.xlsx
بيم,ينتهي في السبت، ٢٥ أبريل ٢٠٢٦,,2026-04-20 05:38:16,أطعمة -زيوت ودهون,Abu Auf,Abu Auf Seven Spices / Chili Powder,ابو عوف السبع بهارات - شطه ٧٠ جم,وفر ٧ جنيه الفئة أطعمة -زيوت ودهون,70 g,45.0,37.95,15,EGP,,page_1.jpg,flyer_10005,"{'ymin': 755, 'xmin': 535, 'ymax': 955, 'xmax': 865}",0.95,37.8,10005,٢٥ أبريل ٢٠٢٦,ينتهي في السبت، ٢٥ أبريل ٢٠٢٦,BIM,key_merged_cleansed_output.xlsx,merged_cleansed_output.xlsx
بيم,ينتهي في السبت، ٢٥ أبريل ٢٠٢٦,,2026-04-20 05:38:16,أطعمة -زيوت ودهون,Abu Auf,Abu Auf Smoked Paprika,ابو عوف بابريكا مدخن ٧٠ جم,وفر ٦ جنيه الفئة أطعمة -زيوت ودهون,70 g,55.0,48.95,10,EGP,,page_1.jpg,flyer_10005,"{'ymin': 755, 'xmin': 162, 'ymax': 925, 'xmax': 440}",0.97,48.95,10005,٢٥ أبريل ٢٠٢٦,ينتهي في السبت، ٢٥ أبريل ٢٠٢٦,BIM,key_merged_cleansed_output.xlsx,merged_cleansed_output.xlsx
بيم,ينتهي في السبت، ٢٥ أبريل ٢٠٢٦,,2026-04-20 05:38:16,أطعمة -زيوت ودهون,Meza,Meza Rice,ميزه أرز ١ كجم,أرز مصري كامولينو الفئة أطعمة -زيوت ودهون,1 kg,27.95,24.95,10,EGP,,page_1.jpg,flyer_10005,"{'ymin': 421, 'xmin': 794, 'ymax': 725, 'xmax': 965}",0.98,24.8755,10005,٢٥ أبريل ٢٠٢٦,ينتهي في السبت، ٢٥ أبريل ٢٠٢٦,BIM,key_merged_cleansed_output.xlsx,merged_cleansed_output.xlsx
بيم,ينتهي في السبت، ٢٥ أبريل ٢٠٢٦,,2026-04-20 05:38:16,أطعمة -زيوت ودهون,El Maleka,El Maleka Pasta Assorted,الملكة ملوكي مكرونة انواع ٤٠٠ جم,الفئة أطعمة -زيوت ودهون,400 g,14.25,13.25,7,EGP,,page_1.jpg,flyer_10005,"{'ymin': 394, 'xmin': 289, 'ymax': 688, 'xmax': 722}",0.96,13.2525,10005,٢٥ أبريل ٢٠٢٦,ينتهي في السبت، ٢٥ أبريل ٢٠٢٦,BIM,key_merged_cleansed_output.xlsx,merged_cleansed_output.xlsx
بيم,ينتهي في السبت، ٢٥ أبريل ٢٠٢٦,,2026-04-20 05:38:16,أطعمة -زيوت ودهون,Zizi,Zizi White Sugar,زيزي سكر ١ كجم,سكر ابيض الفئة أطعمة -زيوت ودهون,1 kg,29.95,26.95,10,EGP,,page_1.jpg,flyer_10005,"{'ymin': 421, 'xmin': 58, 'ymax': 735, 'xmax': 232}",0.99,26.955,10005,٢٥ أبريل ٢٠٢٦,ينتهي في السبت، ٢٥ أبريل ٢٠٢٦,BIM,key_merged_cleansed_output.xlsx,merged_cleansed_output.xlsx
بيم,ينتهي في السبت، ٢٥ أبريل ٢٠٢٦,,2026-04-20 05:38:16,أطعمة -زيوت ودهون,Al Naqaa,Al Naqaa Sunflower Oil,النقاء زيت عباد ٧٠٠ مللى,الفئة أطعمة -زيوت ودهون,700 ml,61.75,58.95,4,EGP,,page_1.jpg,flyer_10005,"{'ymin': 112, 'xmin': 598, 'ymax': 362, 'xmax': 905}",0.97,58.66249999999999,10005,٢٥ أبريل ٢٠٢٦,ينتهي في السبت، ٢٥ أبريل ٢٠٢٦,BIM,key_merged_cleansed_output.xlsx,merged_cleansed_output.xlsx
بيم,ينتهي في السبت، ٢٥ أبريل ٢٠٢٦,,2026-04-20 05:38:16,أطعمة -زيوت ودهون,Al Naqaa,Al Naqaa Corn Oil,النقاء زيت ذرة ٧٠٠ مللى,وفر ١٠ جنيه الفئة أطعمة -زيوت ودهون,700 ml,69.95,59.95,14,EGP,,page_1.jpg,flyer_10005,"{'ymin': 112, 'xmin': 148, 'ymax': 362, 'xmax': 420}",0.98,60.157,10005,٢٥ أبريل ٢٠٢٦,ينتهي في السبت، ٢٥ أبريل ٢٠٢٦,BIM,key_merged_cleansed_output.xlsx,merged_cleansed_output.xlsx
بيم,ينتهي في السبت، ٢٥ أبريل ٢٠٢٦,,2026-04-20 05:38:17,أطعمة -الألبان ومنتجاتها,Kiri,Kiri Square Cheese with Cream 24 Pieces,كيري جبنة مربعات بالقشطة ٢٤ ق,وفر ٤٠ جنيه الفئة أطعمة -الألبان ومنتجاتها,24 Pieces,280.0,239.95,14,EGP,,page_2.jpg,flyer_10005,"{'ymin': 134, 'xmin': 589, 'ymax': 368, 'xmax': 850}",0.98,240.8,10005,٢٥ أبريل ٢٠٢٦,ينتهي في السبت، ٢٥ أبريل ٢٠٢٦,BIM,key_merged_cleansed_output.xlsx,merged_cleansed_output.xlsx
بيم,ينتهي في السبت، ٢٥ أبريل ٢٠٢٦,,2026-04-20 05:38:17,أطعمة -الألبان ومنتجاتها,Cariby,Cariby Natural Baramily Cheese Plain/Pepper 500g,كاريبى جبن براميلى طبيعى سادة/بالفلفل ٥٠٠ جم,وفر ١٦ جنيه الفئة أطعمة -الألبان ومنتجاتها,500g,115.95,99.95,13,EGP,,page_2.jpg,flyer_10005,"{'ymin': 134, 'xmin': 108, 'ymax': 361, 'xmax': 488}",0.97,99.717,10005,٢٥ أبريل ٢٠٢٦,ينتهي في السبت، ٢٥ أبريل ٢٠٢٦,BIM,key_merged_cleansed_output.xlsx,merged_cleansed_output.xlsx
بيم,ينتهي في السبت، ٢٥ أبريل ٢٠٢٦,,2026-04-20 05:38:17,أطعمة -الألبان ومنتجاتها,Avanti,Avanti Tetra Pak Natural Feta Cheese 500g,افانتى تتراباك جبن فيتا طبيعى ٥٠٠ جم,وفر ٢٥ جنيه الفئة أطعمة -الألبان ومنتجاتها,500g,114.95,89.95,21,EGP,,page_2.jpg,flyer_10005,"{'ymin': 473, 'xmin': 463, 'ymax': 656, 'xmax': 934}",0.97,89.661,10005,٢٥ أبريل ٢٠٢٦,ينتهي في السبت، ٢٥ أبريل ٢٠٢٦,BIM,key_merged_cleansed_output.xlsx,merged_cleansed_output.xlsx
بيم,ينتهي في السبت، ٢٥ أبريل ٢٠٢٦,,2026-04-20 05:38:17,أطعمة -الألبان ومنتجاتها,Royal - One,Royal One Butter 1kg,رويال وان زبدة ١ كجم,وفر ١١ جنيه الفئة أطعمة -الألبان ومنتجاتها,1kg,135.95,124.95,8,EGP,,page_2.jpg,flyer_10005,"{'ymin': 734, 'xmin': 210, 'ymax': 885, 'xmax': 822}",0.98,125.074,10005,٢٥ أبريل ٢٠٢٦,ينتهي في السبت، ٢٥ أبريل ٢٠٢٦,BIM,key_merged_cleansed_output.xlsx,merged_cleansed_output.xlsx
بيم,ينتهي في السبت، ٢٥ أبريل ٢٠٢٦,,2026-04-20 05:38:17,أطعمة -الألبان ومنتجاتها,Labanita,Labanita Triangle Cheese 24 Pieces,لبنيتا جبنة مثلثات ٢٤ قطعه,وفر ٧ جنيه الفئة أطعمة -الألبان ومنتجاتها,24 Pieces,126.95,119.95,5,EGP,,page_2.jpg,flyer_10005,"{'ymin': 475, 'xmin': 47, 'ymax': 656, 'xmax': 428}",0.96,120.6025,10005,٢٥ أبريل ٢٠٢٦,ينتهي في السبت، ٢٥ أبريل ٢٠٢٦,BIM,key_merged_cleansed_output.xlsx,merged_cleansed_output.xlsx
بيم,ينتهي في السبت، ٢٥ أبريل ٢٠٢٦,,2026-04-20 05:38:18,أطعمة مجمدة,Atyab Al Bahr,Atyab Al Bahr Crispy Shrimp,جمبرى كرسبي ٤٠٠ جم,وفر ١٥ جنيه الفئة أطعمة مجمدة,400g,289.95,274.95,5,EGP,,page_3.jpg,flyer_10005,"[738, 509, 945, 850]",0.97,275.4525,10005,٢٥ أبريل ٢٠٢٦,ينتهي في السبت، ٢٥ أبريل ٢٠٢٦,BIM,key_merged_cleansed_output.xlsx,merged_cleansed_output.xlsx
بيم,ينتهي في السبت، ٢٥ أبريل ٢٠٢٦,,2026-04-20 05:38:18,أطعمة -الألبان ومنتجاتها,Italiano,Italiano Shredded Cheddar Cheese,ايطاليانو جبن شيدر مبشور ١ كجم,وفر ١٥ جنيه الفئة أطعمة -الألبان ومنتجاتها,1KG,125.0,110.0,12,EGP,,page_3.jpg,flyer_10005,"[728, 89, 945, 465]",0.96,110.0,10005,٢٥ أبريل ٢٠٢٦,ينتهي في السبت، ٢٥ أبريل ٢٠٢٦,BIM,key_merged_cleansed_output.xlsx,merged_cleansed_output.xlsx
بيم,ينتهي في السبت، ٢٥ أبريل ٢٠٢٦,,2026-04-20 05:38:18,أطعمة مجمدة,Brika,Brika Chicken Pane,بريكه بانيه دجاج ١ كجم,وفر ١٥ جنيه الفئة أطعمة مجمدة,1KG,139.95,124.95,10,EGP,,page_3.jpg,flyer_10005,"[419, 695, 711, 938]",0.98,125.955,10005,٢٥ أبريل ٢٠٢٦,ينتهي في السبت، ٢٥ أبريل ٢٠٢٦,BIM,key_merged_cleansed_output.xlsx,merged_cleansed_output.xlsx
بيم,ينتهي في السبت، ٢٥ أبريل ٢٠٢٦,,2026-04-20 05:38:18,أطعمة مجمدة,Brika,Brika Beef Burger,بريكه برجر بقرى ١ كجم,وفر ٢٠ جنيه الفئة أطعمة مجمدة,1KG,194.95,174.95,10,EGP,,page_3.jpg,flyer_10005,"[419, 371, 696, 661]",0.98,175.455,10005,٢٥ أبريل ٢٠٢٦,ينتهي في السبت، ٢٥ أبريل ٢٠٢٦,BIM,key_merged_cleansed_output.xlsx,merged_cleansed_output.xlsx
بيم,ينتهي في السبت، ٢٥ أبريل ٢٠٢٦,,2026-04-20 05:38:18,أطعمة مجمدة,Brika,Brika Chicken Burger,بريكه برجر دجاج ١ كجم,وفر ١٠ جنيه الفئة أطعمة مجمدة,1KG,139.95,129.95,7,EGP,,page_3.jpg,flyer_10005,"[419, 66, 711, 314]",0.98,130.1535,10005,٢٥ أبريل ٢٠٢٦,ينتهي في السبت، ٢٥ أبريل ٢٠٢٦,BIM,key_merged_cleansed_output.xlsx,merged_cleansed_output.xlsx
بيم,ينتهي في السبت، ٢٥ أبريل ٢٠٢٦,,2026-04-20 05:38:18,أطعمة مجمدة,Brika,Brika Chicken Strips,بريكه استربس دجاج ١ كجم,وفر ٤٠ جنيه الفئة أطعمة مجمدة,1KG,259.95,219.95,15,EGP,,page_3.jpg,flyer_10005,"[154, 54, 386, 485]",0.98,220.9575,10005,٢٥ أبريل ٢٠٢٦,ينتهي في السبت، ٢٥ أبريل ٢٠٢٦,BIM,key_merged_cleansed_output.xlsx,merged_cleansed_output.xlsx
بيم,ينتهي في السبت، ٢٥ أبريل ٢٠٢٦,Egypt,2026-04-20 05:38:19,أطعمة -زيوت ودهون,El Bawadi,El Bawadi Creamy Jam Fig/Strawberry,البوادي مربى كريمي تين - فراولة ٣٦٥ جم,وفر ٦ جنيه الفئة أطعمة -زيوت ودهون,365g,39.0,32.95,15,EGP,,page_4.jpg,flyer_10005,"{'ymin': 138, 'xmin': 458, 'ymax': 380, 'xmax': 918}",0.97,32.76,10005,٢٥ أبريل ٢٠٢٦,ينتهي في السبت، ٢٥ أبريل ٢٠٢٦,BIM,key_merged_cleansed_output.xlsx,merged_cleansed_output.xlsx
بيم,ينتهي في السبت، ٢٥ أبريل ٢٠٢٦,Egypt,2026-04-20 05:38:19,أطعمة -الألبان ومنتجاتها,Almarai,Almarai Yogurt Bundle,المراعي زبادي بندل ١٠٥ جم ٤ سادة + ٢ فواكه,وفر ٧ جنيه الفئة أطعمة -الألبان ومنتجاتها,6 x 105g,69.5,62.95,9,EGP,,page_4.jpg,flyer_10005,"{'ymin': 446, 'xmin': 80, 'ymax': 680, 'xmax': 431}",0.96,62.55,10005,٢٥ أبريل ٢٠٢٦,ينتهي في السبت، ٢٥ أبريل ٢٠٢٦,BIM,key_merged_cleansed_output.xlsx,merged_cleansed_output.xlsx
بيم,ينتهي في السبت، ٢٥ أبريل ٢٠٢٦,Egypt,2026-04-20 05:38:19,أطعمة -زيوت ودهون,El Rashidi El Mizan,El Rashidi El Mizan Halawa,الرشيدي الميزان حلاوة ٧٠٠ جم,وفر ١٥ جنيه الفئة أطعمة -زيوت ودهون,700g,134.95,119.95,11,EGP,,page_4.jpg,flyer_10005,"{'ymin': 134, 'xmin': 34, 'ymax': 344, 'xmax': 415}",0.98,120.1055,10005,٢٥ أبريل ٢٠٢٦,ينتهي في السبت، ٢٥ أبريل ٢٠٢٦,BIM,key_merged_cleansed_output.xlsx,merged_cleansed_output.xlsx
بيم,ينتهي في السبت، ٢٥ أبريل ٢٠٢٦,Egypt,2026-04-20 05:38:19,أطعمة -الألبان ومنتجاتها,Danette,Danette Caramel Cream,دانيت كريم كراميل ٧٠ جم,الفئة أطعمة -الألبان ومنتجاتها,70g,10.5,8.95,14,EGP,,page_4.jpg,flyer_10005,"{'ymin': 751, 'xmin': 62, 'ymax': 925, 'xmax': 441}",0.98,9.03,10005,٢٥ أبريل ٢٠٢٦,ينتهي في السبت، ٢٥ أبريل ٢٠٢٦,BIM,key_merged_cleansed_output.xlsx,merged_cleansed_output.xlsx
بيم,ينتهي في السبت، ٢٥ أبريل ٢٠٢٦,Egypt,2026-04-20 05:38:19,أطعمة -الألبان ومنتجاتها,Danette,Danette Chocolate Pudding,دانيت بودينج شيكولاتة ٨٥ جم * ٦,٥ + ١ مجاناً الفئة أطعمة -الألبان ومنتجاتها,6 x 85g,54.95,51.95,5,EGP,,page_4.jpg,flyer_10005,"{'ymin': 419, 'xmin': 569, 'ymax': 673, 'xmax': 914}",0.97,52.2025,10005,٢٥ أبريل ٢٠٢٦,ينتهي في السبت، ٢٥ أبريل ٢٠٢٦,BIM,key_merged_cleansed_output.xlsx,merged_cleansed_output.xlsx
بيم,ينتهي في السبت، ٢٥ أبريل ٢٠٢٦,Egypt,2026-04-20 05:38:19,أطعمة -الألبان ومنتجاتها,Zabado,Zabado Strawberry Yogurt Drink,زبادو مشروب زبادي بقطع الفراولة ٤٢٥ ملي,وفر ٥ جنيه الفئة أطعمة -الألبان ومنتجاتها,425ml,30.0,24.95,16,EGP,,page_4.jpg,flyer_10005,"{'ymin': 706, 'xmin': 569, 'ymax': 945, 'xmax': 874}",0.98,24.9,10005,٢٥ أبريل ٢٠٢٦,ينتهي في السبت، ٢٥ أبريل ٢٠٢٦,BIM,key_merged_cleansed_output.xlsx,merged_cleansed_output.xlsx
بيم,ينتهي في السبت، ٢٥ أبريل ٢٠٢٦,,2026-04-20 05:38:20,أطعمة -مشروبات,Lipton,Lipton Black Tea Soft,ليبنتون شاي اسود ناعم ٥٠٠ جم,عبوة توفير الفئة أطعمة -مشروبات,500g,124.95,99.0,20,EGP,,page_5.jpg,flyer_10005,"{'ymin': 124, 'xmin': 81, 'ymax': 341, 'xmax': 512}",0.98,99.96,10005,٢٥ أبريل ٢٠٢٦,ينتهي في السبت، ٢٥ أبريل ٢٠٢٦,BIM,key_merged_cleansed_output.xlsx,merged_cleansed_output.xlsx
بيم,ينتهي في السبت، ٢٥ أبريل ٢٠٢٦,,2026-04-20 05:38:20,أطعمة -مشروبات,Abu Auf,Abu Auf Classic Instant Coffee,ابو عوف قهوة سريعة التحضير كلاسيك ٥٠ جم,الفئة أطعمة -مشروبات,50g,120.0,103.95,13,EGP,,page_5.jpg,flyer_10005,"{'ymin': 144, 'xmin': 602, 'ymax': 341, 'xmax': 954}",0.97,104.4,10005,٢٥ أبريل ٢٠٢٦,ينتهي في السبت، ٢٥ أبريل ٢٠٢٦,BIM,key_merged_cleansed_output.xlsx,merged_cleansed_output.xlsx
بيم,ينتهي في السبت، ٢٥ أبريل ٢٠٢٦,,2026-04-20 05:38:20,أطعمة -مشروبات,Kol Youm,Kol Youm Juice Assorted,كل يوم عصير أنواع ٢٢٥ مل,الفئة أطعمة -مشروبات,225ml,6.95,5.75,17,EGP,,page_5.jpg,flyer_10005,"{'ymin': 421, 'xmin': 26, 'ymax': 588, 'xmax': 512}",0.96,5.7685,10005,٢٥ أبريل ٢٠٢٦,ينتهي في السبت، ٢٥ أبريل ٢٠٢٦,BIM,key_merged_cleansed_output.xlsx,merged_cleansed_output.xlsx
بيم,ينتهي في السبت، ٢٥ أبريل ٢٠٢٦,,2026-04-20 05:38:20,أطعمة- شيكولاتة وحلويات,Ona,Ona Protein Puffs Assorted,اونا بروتين بافس ٥٠ جم انواع,الفئة أطعمة- شيكولاتة وحلويات,50g,15.0,13.5,10,EGP,,page_5.jpg,flyer_10005,"{'ymin': 796, 'xmin': 298, 'ymax': 944, 'xmax': 725}",0.92,13.5,10005,٢٥ أبريل ٢٠٢٦,ينتهي في السبت، ٢٥ أبريل ٢٠٢٦,BIM,key_merged_cleansed_output.xlsx,merged_cleansed_output.xlsx
بيم,ينتهي في السبت، ٢٥ أبريل ٢٠٢٦,,2026-04-20 05:38:20,أطعمة- شيكولاتة وحلويات,Bake Rolz,Bake Rolz Ketchup/Pizza/Chili & Lemon,بيك رولز كاتشب-بيتزا-شطة وليمون ٩٠ جم,Family size الفئة أطعمة- شيكولاتة وحلويات,90g,15.0,12.45,17,EGP,,page_5.jpg,flyer_10005,"{'ymin': 629, 'xmin': 33, 'ymax': 801, 'xmax': 512}",0.94,12.45,10005,٢٥ أبريل ٢٠٢٦,ينتهي في السبت، ٢٥ أبريل ٢٠٢٦,BIM,key_merged_cleansed_output.xlsx,merged_cleansed_output.xlsx
بيم,ينتهي في السبت، ٢٥ أبريل ٢٠٢٦,,2026-04-20 05:38:20,أطعمة- شيكولاتة وحلويات,Bravo,Bravo Chips Salt/Chili & Lemon/Cheese Mix XXL,برافو بطاطس ملح-شطة وليمون-جبنه ميكس xxl,2XL الفئة أطعمة- شيكولاتة وحلويات,XXL,20.0,16.95,15,EGP,,page_5.jpg,flyer_10005,"{'ymin': 638, 'xmin': 528, 'ymax': 801, 'xmax': 954}",0.93,17.0,10005,٢٥ أبريل ٢٠٢٦,ينتهي في السبت، ٢٥ أبريل ٢٠٢٦,BIM,key_merged_cleansed_output.xlsx,merged_cleansed_output.xlsx
بيم,ينتهي في السبت، ٢٥ أبريل ٢٠٢٦,,2026-04-20 05:38:20,أطعمة -مشروبات,PepsiCo,Pepsi / Mirinda / 7Up Extra Fizz,"بيبسي-ميرندا-سفن اب اكسترا فيز ١,٥ لتر",الفئة أطعمة -مشروبات,1.5L,25.95,23.95,7,EGP,,page_5.jpg,flyer_10005,"{'ymin': 392, 'xmin': 570, 'ymax': 618, 'xmax': 954}",0.95,23.874,10005,٢٥ أبريل ٢٠٢٦,ينتهي في السبت، ٢٥ أبريل ٢٠٢٦,BIM,key_merged_cleansed_output.xlsx,merged_cleansed_output.xlsx
بيم,ينتهي في السبت، ٢٥ أبريل ٢٠٢٦,Egypt,2026-04-20 05:38:21,أطعمة -حلويات وبسكويت,Bakys,Bakys Plain Biscuits Assorted,بيكيز بسكويت ساده ٩ قطع انواع,الفئة أطعمة -حلويات وبسكويت,9 pieces,5.5,4.5,18,EGP,,page_6.jpg,flyer_10005,"{'ymin': 148, 'xmin': 41, 'ymax': 381, 'xmax': 488}",0.97,4.510000000000001,10005,٢٥ أبريل ٢٠٢٦,ينتهي في السبت، ٢٥ أبريل ٢٠٢٦,BIM,key_merged_cleansed_output.xlsx,merged_cleansed_output.xlsx
بيم,ينتهي في السبت، ٢٥ أبريل ٢٠٢٦,Egypt,2026-04-20 05:38:21,أطعمة -حلويات وبسكويت,Reef,Reef Sugar Free Wafer Assorted,ريف ويفر انواع بدون سكر ٨ قطع,بدون سكر الفئة أطعمة -حلويات وبسكويت,8 pieces,14.95,12.5,16,EGP,,page_6.jpg,flyer_10005,"{'ymin': 123, 'xmin': 556, 'ymax': 358, 'xmax': 958}",0.98,12.558,10005,٢٥ أبريل ٢٠٢٦,ينتهي في السبت، ٢٥ أبريل ٢٠٢٦,BIM,key_merged_cleansed_output.xlsx,merged_cleansed_output.xlsx
بيم,ينتهي في السبت، ٢٥ أبريل ٢٠٢٦,Egypt,2026-04-20 05:38:21,أطعمة- شيكولاتة وحلويات,Corona,Corona Milk Chocolate with Salted Almond,كورونا شيكولاتة محشوه لوز مملح ١ قطعه,وفر ١٠ جنيه الفئة أطعمة- شيكولاتة وحلويات,1 piece,49.95,39.95,20,EGP,,page_6.jpg,flyer_10005,"{'ymin': 461, 'xmin': 607, 'ymax': 715, 'xmax': 910}",0.98,39.96000000000001,10005,٢٥ أبريل ٢٠٢٦,ينتهي في السبت، ٢٥ أبريل ٢٠٢٦,BIM,key_merged_cleansed_output.xlsx,merged_cleansed_output.xlsx
بيم,ينتهي في السبت، ٢٥ أبريل ٢٠٢٦,Egypt,2026-04-20 05:38:21,أطعمة -حبوب الإفطار,Temmy's,Temmy's Cereals Assorted,تيميز انواع ٢٥ جم,الفئة أطعمة -حبوب الإفطار,25g,10.0,9.25,7,EGP,,page_6.jpg,flyer_10005,"{'ymin': 765, 'xmin': 173, 'ymax': 923, 'xmax': 845}",0.95,9.2,10005,٢٥ أبريل ٢٠٢٦,ينتهي في السبت، ٢٥ أبريل ٢٠٢٦,BIM,key_merged_cleansed_output.xlsx,merged_cleansed_output.xlsx
بيم,ينتهي في السبت، ٢٥ أبريل ٢٠٢٦,Egypt,2026-04-20 05:38:21,أطعمة- شيكولاتة وحلويات,Mimix,Mimix Jellix Fruit Flavor,ميمكس جيلى بطعم الفاكهه ١٤ق,الفئة أطعمة- شيكولاتة وحلويات,14 pieces,9.95,8.5,14,EGP,,page_6.jpg,flyer_10005,"{'ymin': 461, 'xmin': 111, 'ymax': 692, 'xmax': 488}",0.96,8.4575,10005,٢٥ أبريل ٢٠٢٦,ينتهي في السبت، ٢٥ أبريل ٢٠٢٦,BIM,key_merged_cleansed_output.xlsx,merged_cleansed_output.xlsx
بيم,ينتهي في السبت، ٢٥ أبريل ٢٠٢٦,,2026-04-20 05:38:23,مستلزمات منزلية,Classy,Classy Facial Tissues 550 Tissues * 3 Packs,كلاسي مناديل وجه 550 * 3,وفر 20 جنيه الفئة مستلزمات منزلية,3 Packs,104.95,84.95,19,EGP,,page_7.jpg,flyer_10005,"{'ymin': 708, 'xmin': 505, 'ymax': 910, 'xmax': 965}",0.96,85.0095,10005,٢٥ أبريل ٢٠٢٦,ينتهي في السبت، ٢٥ أبريل ٢٠٢٦,BIM,key_merged_cleansed_output.xlsx,merged_cleansed_output.xlsx
بيم,ينتهي في السبت، ٢٥ أبريل ٢٠٢٦,,2026-04-20 05:38:23,العناية الشخصية,Classy,Classy Wet Wipes 72 Wipes * 2 Packs,كلاسي مناديل مبللة 72 م * 2 ق,وفر 10.5 جنيه الفئة العناية الشخصية,2 Packs,82.95,72.25,12,EGP,,page_7.jpg,flyer_10005,"{'ymin': 708, 'xmin': 30, 'ymax': 880, 'xmax': 495}",0.96,72.99600000000001,10005,٢٥ أبريل ٢٠٢٦,ينتهي في السبت، ٢٥ أبريل ٢٠٢٦,BIM,key_merged_cleansed_output.xlsx,merged_cleansed_output.xlsx
بيم,ينتهي في السبت، ٢٥ أبريل ٢٠٢٦,,2026-04-20 05:38:23,مستلزمات منزلية,White Magic,White Magic Kitchen Paper 12 Rolls,وايت مناديل مطبخ 12 رول,وفر 20 جنيه الفئة مستلزمات منزلية,12 Rolls,149.95,129.95,13,EGP,,page_7.jpg,flyer_10005,"{'ymin': 422, 'xmin': 545, 'ymax': 662, 'xmax': 910}",0.97,130.4565,10005,٢٥ أبريل ٢٠٢٦,ينتهي في السبت، ٢٥ أبريل ٢٠٢٦,BIM,key_merged_cleansed_output.xlsx,merged_cleansed_output.xlsx
بيم,ينتهي في السبت، ٢٥ أبريل ٢٠٢٦,,2026-04-20 05:38:23,مستلزمات منزلية,White Magic,White Magic Toilet Paper 12 Rolls,وايت ورق تواليت ماجيك 12 رول,وفر 30 جنيه الفئة مستلزمات منزلية,12 Rolls,149.95,119.95,20,EGP,,page_7.jpg,flyer_10005,"{'ymin': 158, 'xmin': 538, 'ymax': 348, 'xmax': 950}",0.97,119.96,10005,٢٥ أبريل ٢٠٢٦,ينتهي في السبت، ٢٥ أبريل ٢٠٢٦,BIM,key_merged_cleansed_output.xlsx,merged_cleansed_output.xlsx
بيم,ينتهي في السبت، ٢٥ أبريل ٢٠٢٦,,2026-04-20 05:38:23,مستلزمات منزلية,White,White Facial Tissues 480 Tissues * 3 Packs,وايت مناديل وجه 480 م * 3 ق,وفر 19 جنيه الفئة مستلزمات منزلية,3 Packs,99.95,80.95,19,EGP,,page_7.jpg,flyer_10005,"{'ymin': 148, 'xmin': 121, 'ymax': 343, 'xmax': 480}",0.98,80.9595,10005,٢٥ أبريل ٢٠٢٦,ينتهي في السبت، ٢٥ أبريل ٢٠٢٦,BIM,key_merged_cleansed_output.xlsx,merged_cleansed_output.xlsx
بيم,ينتهي في السبت، ٢٥ أبريل ٢٠٢٦,,2026-04-20 05:38:23,مستلزمات منزلية,White,White Facial Tissues 400 Tissues * 3 Packs,وايت مناديل وجه 400 منديل * 3 ق,وفر 8 جنيه الفئة مستلزمات منزلية,3 Packs,77.95,69.95,10,EGP,,page_7.jpg,flyer_10005,"{'ymin': 405, 'xmin': 67, 'ymax': 648, 'xmax': 470}",0.98,70.155,10005,٢٥ أبريل ٢٠٢٦,ينتهي في السبت، ٢٥ أبريل ٢٠٢٦,BIM,key_merged_cleansed_output.xlsx,merged_cleansed_output.xlsx
بيم,ينتهي في السبت، ٢٥ أبريل ٢٠٢٦,,2026-04-20 05:38:24,العناية الشخصية,Josell,Josell Body Splash 55ml,بلوب معطر للجسم 55 مل,وفر 5 جنيه الفئة العناية الشخصية,55 ml,34.95,29.95,14,EGP,,page_8.jpg,flyer_10005,"{'ymin': 758, 'xmin': 248, 'ymax': 948, 'xmax': 640}",0.96,30.057,10005,٢٥ أبريل ٢٠٢٦,ينتهي في السبت، ٢٥ أبريل ٢٠٢٦,BIM,key_merged_cleansed_output.xlsx,merged_cleansed_output.xlsx
بيم,ينتهي في السبت، ٢٥ أبريل ٢٠٢٦,,2026-04-20 05:38:24,العناية الشخصية,Blob,Blob Shampoo / Conditioner Keratin 3500ml,بلوب شامبو - بلسم للشعر 3500 مل,وفر 30 جنيه الفئة العناية الشخصية,3500 ml,229.95,199.95,13,EGP,,page_8.jpg,flyer_10005,"{'ymin': 459, 'xmin': 444, 'ymax': 755, 'xmax': 761}",0.98,200.0565,10005,٢٥ أبريل ٢٠٢٦,ينتهي في السبت، ٢٥ أبريل ٢٠٢٦,BIM,key_merged_cleansed_output.xlsx,merged_cleansed_output.xlsx
بيم,ينتهي في السبت، ٢٥ أبريل ٢٠٢٦,,2026-04-20 05:38:24,العناية الشخصية,Blob,Blob Hair Mask Ginseng & Caffeine 1L,بلوب حمام كريم 1 لتر,وفر 15 جنيه الفئة العناية الشخصية,1 Liter,124.95,109.95,12,EGP,,page_8.jpg,flyer_10005,"{'ymin': 487, 'xmin': 66, 'ymax': 728, 'xmax': 230}",0.99,109.956,10005,٢٥ أبريل ٢٠٢٦,ينتهي في السبت، ٢٥ أبريل ٢٠٢٦,BIM,key_merged_cleansed_output.xlsx,merged_cleansed_output.xlsx
بيم,ينتهي في السبت، ٢٥ أبريل ٢٠٢٦,,2026-04-20 05:38:24,العناية الشخصية,Molped,Molped Sanitary Pads Soft with Musk Extra Long 36+4 Pcs,مولبيد فوط نسائية نعومة بالمسك ط. جدا 40 ق - 36 ق,وفر 10 جنيه الفئة العناية الشخصية,40 Pcs,109.95,99.95,9,EGP,,page_8.jpg,flyer_10005,"{'ymin': 124, 'xmin': 587, 'ymax': 411, 'xmax': 951}",0.97,100.0545,10005,٢٥ أبريل ٢٠٢٦,ينتهي في السبت، ٢٥ أبريل ٢٠٢٦,BIM,key_merged_cleansed_output.xlsx,merged_cleansed_output.xlsx
بيم,ينتهي في السبت، ٢٥ أبريل ٢٠٢٦,,2026-04-20 05:38:24,العناية الشخصية,Molfix,Molfix Premium Diapers Junior Pants Size 4 - 76 Pcs,مولفيكس حفاضات جونيور كيلوت 4 - 76 حفاضه,وفر 80 جنيه الفئة العناية الشخصية,76 Pcs,479.95,399.95,16,EGP,,page_8.jpg,flyer_10005,"{'ymin': 136, 'xmin': 56, 'ymax': 411, 'xmax': 411}",0.98,403.158,10005,٢٥ أبريل ٢٠٢٦,ينتهي في السبت، ٢٥ أبريل ٢٠٢٦,BIM,key_merged_cleansed_output.xlsx,merged_cleansed_output.xlsx
بيم,ينتهي في السبت، ٢٥ أبريل ٢٠٢٦,,2026-04-20 05:38:26,غسيل (مسحوق ),Tide,Tide Gel Automatic,تايد جل غسيل اتوماتيك ٣ لتر,TOUGH ON STAINS GENTLE ON COLORS الفئة غسيل (مسحوق ),3 L,254.95,203.95,20,EGP,,page_9.jpg,flyer_10005,"{'ymin': 192, 'xmin': 606, 'ymax': 478, 'xmax': 790}",0.99,203.96,10005,٢٥ أبريل ٢٠٢٦,ينتهي في السبت، ٢٥ أبريل ٢٠٢٦,BIM,key_merged_cleansed_output.xlsx,merged_cleansed_output.xlsx
بيم,ينتهي في السبت، ٢٥ أبريل ٢٠٢٦,,2026-04-20 05:38:26,غسيل (مسحوق ),ABC,ABC Powder Detergent Automatic,اي بي سي مسحوق غسيل اوتوماتيك ٥ كجم,مسحوق الغسيل اليدوي والفوق أتوماتيك للأبيض والألوان الفئة غسيل (مسحوق ),5 kg,239.95,224.95,6,EGP,,page_9.jpg,flyer_10005,"{'ymin': 118, 'xmin': 78, 'ymax': 464, 'xmax': 354}",0.98,225.553,10005,٢٥ أبريل ٢٠٢٦,ينتهي في السبت، ٢٥ أبريل ٢٠٢٦,BIM,key_merged_cleansed_output.xlsx,merged_cleansed_output.xlsx
بيم,ينتهي في السبت، ٢٥ أبريل ٢٠٢٦,,2026-04-20 05:38:26,غسيل (مسحوق ),ABC,ABC Powder Detergent Automatic,اي بي سي مسحوق غسيل اوتوماتيك ٢.٥ كجم,AUTOMATIC POWDER مسحوق الغسيل الأتوماتيك للأبيض والألوان الفئة غسيل (مسحوق ),2.5 kg,139.95,129.95,7,EGP,,page_9.jpg,flyer_10005,"{'ymin': 517, 'xmin': 129, 'ymax': 764, 'xmax': 331}",0.97,130.1535,10005,٢٥ أبريل ٢٠٢٦,ينتهي في السبت، ٢٥ أبريل ٢٠٢٦,BIM,key_merged_cleansed_output.xlsx,merged_cleansed_output.xlsx
بيم,ينتهي في السبت، ٢٥ أبريل ٢٠٢٦,,2026-04-20 05:38:26,غسيل (مسحوق ),Renol,Renol Fabric Softener Concentrate,رينول منعم ملابس مركز ١ لتر,معطر ومنعم ملابس الفئة غسيل (مسحوق ),1 L,94.95,69.95,26,EGP,,page_9.jpg,flyer_10005,"{'ymin': 741, 'xmin': 56, 'ymax': 945, 'xmax': 143}",0.98,70.263,10005,٢٥ أبريل ٢٠٢٦,ينتهي في السبت، ٢٥ أبريل ٢٠٢٦,BIM,key_merged_cleansed_output.xlsx,merged_cleansed_output.xlsx
بيم,ينتهي في السبت، ٢٥ أبريل ٢٠٢٦,,2026-04-20 05:38:26,غسيل (مسحوق ),ABC,ABC Powder Detergent Manual,اي بي سي مسحوق غسيل يدوي ١.٥ كجم,نسيم الزهور الفئة غسيل (مسحوق ),1.5 kg,74.95,64.95,13,EGP,,page_9.jpg,flyer_10005,"{'ymin': 546, 'xmin': 584, 'ymax': 749, 'xmax': 748}",0.96,65.2065,10005,٢٥ أبريل ٢٠٢٦,ينتهي في السبت، ٢٥ أبريل ٢٠٢٦,BIM,key_merged_cleansed_output.xlsx,merged_cleansed_output.xlsx
بيم,ينتهي في السبت، ٢٥ أبريل ٢٠٢٦,,2026-04-20 05:38:26,غسيل (مسحوق ),Mival,Mival Gel Automatic Lavender,ميفال جل غسيل اتوماتيك ٢ لتر,LAVENDER الفئة غسيل (مسحوق ),2 L,134.95,114.95,14,EGP,,page_9.jpg,flyer_10005,"{'ymin': 748, 'xmin': 334, 'ymax': 945, 'xmax': 434}",0.97,116.057,10005,٢٥ أبريل ٢٠٢٦,ينتهي في السبت، ٢٥ أبريل ٢٠٢٦,BIM,key_merged_cleansed_output.xlsx,merged_cleansed_output.xlsx
بيم,ينتهي في السبت، ٢٥ أبريل ٢٠٢٦,,2026-04-20 05:38:28,العناية الشخصية,Lux,Lux Soap Bar,لوكس صابون للوجه ١١٥جم * ٤ قطع,وفر ١٣ جنيه الفئة العناية الشخصية,4 x 115 g,82.95,69.95,15,EGP,,page_10.jpg,flyer_10005,"{'ymin': 670, 'xmin': 188, 'ymax': 945, 'xmax': 811}",0.98,70.50750000000001,10005,٢٥ أبريل ٢٠٢٦,ينتهي في السبت، ٢٥ أبريل ٢٠٢٦,BIM,key_merged_cleansed_output.xlsx,merged_cleansed_output.xlsx
بيم,ينتهي في السبت، ٢٥ أبريل ٢٠٢٦,,2026-04-20 05:38:28,أدوات تنظيف,Glade,Glade Multi-Purpose Cleaner,جليد منظف لجميع الاغراض ٤٨٠ مل,وفر ١٠ جنيه الفئة أدوات تنظيف,480 ml,44.95,34.95,22,EGP,,page_10.jpg,flyer_10005,"{'ymin': 430, 'xmin': 337, 'ymax': 665, 'xmax': 971}",0.98,35.061,10005,٢٥ أبريل ٢٠٢٦,ينتهي في السبت، ٢٥ أبريل ٢٠٢٦,BIM,key_merged_cleansed_output.xlsx,merged_cleansed_output.xlsx
بيم,ينتهي في السبت، ٢٥ أبريل ٢٠٢٦,,2026-04-20 05:38:28,أدوات تنظيف,Wise,Wise Dish Wash Liquid,وايز صابون سائل للاطباق ٦٠٠ جم,وفر ٥ جنيه الفئة أدوات تنظيف,600 g,29.95,24.95,16,EGP,,page_10.jpg,flyer_10005,"{'ymin': 430, 'xmin': 28, 'ymax': 665, 'xmax': 333}",0.97,25.158,10005,٢٥ أبريل ٢٠٢٦,ينتهي في السبت، ٢٥ أبريل ٢٠٢٦,BIM,key_merged_cleansed_output.xlsx,merged_cleansed_output.xlsx
بيم,ينتهي في السبت، ٢٥ أبريل ٢٠٢٦,,2026-04-20 05:38:28,أدوات تنظيف,Wise,Wise Dish Wash Liquid,وايز صابون سائل للاطباق ٤ كجم,وفر ١٥ جنيه الفئة أدوات تنظيف,4 kg,99.95,84.95,15,EGP,,page_10.jpg,flyer_10005,"{'ymin': 114, 'xmin': 502, 'ymax': 361, 'xmax': 971}",0.98,84.9575,10005,٢٥ أبريل ٢٠٢٦,ينتهي في السبت، ٢٥ أبريل ٢٠٢٦,BIM,key_merged_cleansed_output.xlsx,merged_cleansed_output.xlsx
بيم,ينتهي في السبت، ٢٥ أبريل ٢٠٢٦,,2026-04-20 05:38:28,أدوات تنظيف,ABC,ABC Dish Wash Liquid,ايه بي سي منظف اطباق ٤ كجم,وفر ١٠ جنيه الفئة أدوات تنظيف,4 kg,89.95,79.95,11,EGP,,page_10.jpg,flyer_10005,"{'ymin': 114, 'xmin': 28, 'ymax': 361, 'xmax': 498}",0.98,80.05550000000001,10005,٢٥ أبريل ٢٠٢٦,ينتهي في السبت، ٢٥ أبريل ٢٠٢٦,BIM,key_merged_cleansed_output.xlsx,merged_cleansed_output.xlsx
كازيون,ينتهي في الاثنين، ٢٠ أبريل ٢٠٢٦,,2026-04-20 05:38:43,أطعمة -زيوت ودهون,,White Eggs 30 Pieces,بيض أبيض ٣٠ ق,عرض اليوم الواحد الفئة أطعمة -زيوت ودهون,,134.95,109.95,18,EGP,العرض ساري يوم الإثنين ٢٠ أبريل فقط وحتى نفاذ الكمية «الكمية محدودة»,page_1.jpg,flyer_10006,"{'ymin': 410, 'xmin': 104, 'ymax': 740, 'xmax': 954}",0.98,109.3095,10006,٢٠ أبريل ٢٠٢٦,ينتهي في الاثنين، ٢٠ أبريل ٢٠٢٦,Kazyon Market,key_merged_cleansed_output.xlsx,merged_cleansed_output.xlsx
كازيون,ينتهي في الاثنين، ٢٠ أبريل ٢٠٢٦,,2026-04-20 05:38:45,أطعمة -زيوت ودهون,,Red Eggs 30 Pieces,بيض أحمر ٣٠ ق,عرض اليوم الواحد الفئة أطعمة -زيوت ودهون,,139.95,114.95,17,EGP,الكمية محدودة,page_2.jpg,flyer_10006,"{'ymin': 418, 'xmin': 106, 'ymax': 740, 'xmax': 978}",0.98,114.759,10006,٢٠ أبريل ٢٠٢٦,ينتهي في الاثنين، ٢٠ أبريل ٢٠٢٦,Kazyon Market,key_merged_cleansed_output.xlsx,merged_cleansed_output.xlsx
كازيون,ينتهي في الاثنين، ٢٠ أبريل ٢٠٢٦,,2026-04-20 05:38:46,أطعمة -زيوت ودهون,Assem,Assem Egyptian Rice 1kg,عاصم أرز مصري 1 ك,اوفر سعر الفئة أطعمة -زيوت ودهون,1 kg,,35.95,0,EGP,الكمية محدودة,page_3.jpg,flyer_10006,"{'ymin': 364, 'xmin': 571, 'ymax': 748, 'xmax': 958}",0.98,,10006,٢٠ أبريل ٢٠٢٦,ينتهي في الاثنين، ٢٠ أبريل ٢٠٢٦,Kazyon Market,key_merged_cleansed_output.xlsx,merged_cleansed_output.xlsx
كازيون,ينتهي في الاثنين، ٢٠ أبريل ٢٠٢٦,,2026-04-20 05:38:47,أطعمة مجمدة,Al Watania Poultry,Chicken Strips,الوطنية ستربس دجاج 1 ك,عرض اليوم الواحد الفئة أطعمة مجمدة,1 kg,299.95,239.95,20,EGP,العرض ساري يوم الإثنين 20 أبريل فقط وحتى نفاذ الكمية «الكمية محدودة»,page_4.jpg,flyer_10006,"{'ymin': 378, 'xmin': 511, 'ymax': 754, 'xmax': 962}",0.98,239.96,10006,٢٠ أبريل ٢٠٢٦,ينتهي في الاثنين، ٢٠ أبريل ٢٠٢٦,Kazyon Market,key_merged_cleansed_output.xlsx,merged_cleansed_output.xlsx
كازيون,ينتهي في الاثنين، ٢٠ أبريل ٢٠٢٦,,2026-04-20 05:38:48,البيبي (مستلزمات),Molfix,Molfix Baby Diapers Maxi Size 4 - 80 Pcs or Junior Size 5 - 70 Pcs,مولفيكس حفاضات أطفال ماكسي م ٤ - ٨٠ ق أو جونيور م ٥ - ٧٠ ق,MEGA SAVING الفئة البيبي (مستلزمات),Pack,469.95,419.95,10,EGP,الكمية محدودة,page_5.jpg,flyer_10006,"{'top': 384, 'left': 518, 'bottom': 750, 'right': 964}",0.98,418.2555,10006,٢٠ أبريل ٢٠٢٦,ينتهي في الاثنين، ٢٠ أبريل ٢٠٢٦,Kazyon Market,key_merged_cleansed_output.xlsx,merged_cleansed_output.xlsx
العثيم,ينتهي في الثلاثاء، ٢١ أبريل ٢٠٢٦,,2026-04-20 05:38:54,مستلزمات منزلية,Asperox,Asperox Sparx Diamond Dishwasher Tablets 40 Tabs,اسبيروكس سباركس اقراص غسالة اطباق دايموند ٤٠ ق,الفئة مستلزمات منزلية,40 Tabs,404.0,291.95,27,EGP,,page_1.jpg,flyer_10007,"{'ymin': 148, 'xmin': 548, 'ymax': 545, 'xmax': 935}",0.98,294.92,10007,٢١ أبريل ٢٠٢٦,ينتهي في الثلاثاء، ٢١ أبريل ٢٠٢٦,Othaim,key_merged_cleansed_output.xlsx,merged_cleansed_output.xlsx
العثيم,ينتهي في الثلاثاء، ٢١ أبريل ٢٠٢٦,,2026-04-20 05:38:54,مستلزمات منزلية,Feba,Feba Dishwashing Liquid 3 Liter,فيبا منظف اطباق ٣ لتر,BEST PRICE الفئة مستلزمات منزلية,3 Liter,105.0,97.95,6,EGP,95.95 for Iktissab customers,page_1.jpg,flyer_10007,"{'ymin': 148, 'xmin': 53, 'ymax': 550, 'xmax': 435}",0.97,,10007,٢١ أبريل ٢٠٢٦,ينتهي في الثلاثاء، ٢١ أبريل ٢٠٢٦,Othaim,key_merged_cleansed_output.xlsx,merged_cleansed_output.xlsx
العثيم,ينتهي في الثلاثاء، ٢١ أبريل ٢٠٢٦,,2026-04-20 05:38:54,غسيل (مستلزمات),Persil,Persil Automatic Powder Detergent 8kg Assorted,برسيل مسحوق اوتوماتيك ٨ كيلو انواع,BEST PRICE الفئة غسيل (مستلزمات),8kg,439.0,416.95,5,EGP,414.95 for Iktissab customers,page_1.jpg,flyer_10007,"{'ymin': 570, 'xmin': 45, 'ymax': 990, 'xmax': 415}",0.97,,10007,٢١ أبريل ٢٠٢٦,ينتهي في الثلاثاء، ٢١ أبريل ٢٠٢٦,Othaim,key_merged_cleansed_output.xlsx,merged_cleansed_output.xlsx
العثيم,ينتهي في الثلاثاء، ٢١ أبريل ٢٠٢٦,,2026-04-20 05:38:54,غسيل (مستلزمات),Persil,Persil Power Gel 2.6 Liter Assorted,"برسيل جل ملابس ٢,٦ لتر انواع",الفئة غسيل (مستلزمات),2.6 Liter,220.0,180.95,17,EGP,177.95 for Iktissab customers,page_1.jpg,flyer_10007,"{'ymin': 596, 'xmin': 525, 'ymax': 990, 'xmax': 925}",0.98,182.6,10007,٢١ أبريل ٢٠٢٦,ينتهي في الثلاثاء، ٢١ أبريل ٢٠٢٦,Othaim,key_merged_cleansed_output.xlsx,merged_cleansed_output.xlsx
العثيم,ينتهي في الثلاثاء، ٢١ أبريل ٢٠٢٦,,2026-04-20 05:38:55,البيبي (مستلزمات),BabyJoy,BabyJoy Diapers Culotte Jumbo Size 4 (58 Diapers),حفاضات بيبي جوي كيلوت مضغوط جامبو مقاس ٤ ( ٥٨ حفاضة ),BEST PRICE الفئة البيبي (مستلزمات),Pack,392.0,355.95,9,EGP,,page_2.jpg,flyer_10007,"{'ymin': 575, 'xmin': 60, 'ymax': 975, 'xmax': 410}",0.93,,10007,٢١ أبريل ٢٠٢٦,ينتهي في الثلاثاء، ٢١ أبريل ٢٠٢٦,Othaim,key_merged_cleansed_output.xlsx,merged_cleansed_output.xlsx
العثيم,ينتهي في الثلاثاء، ٢١ أبريل ٢٠٢٦,,2026-04-20 05:38:55,البيبي (مستلزمات),BabyJoy,BabyJoy Diapers Stretch Size 5 (76 Diapers),بيبي جوي حفاضات استريتش مقاس ٥ ( ٧٦ حفاضة ),سوبر توفير / خصم 13% للتسريب الفئة البيبي (مستلزمات),Pack,551.0,475.95,13,EGP,,page_2.jpg,flyer_10007,"{'ymin': 578, 'xmin': 530, 'ymax': 968, 'xmax': 915}",0.94,479.37,10007,٢١ أبريل ٢٠٢٦,ينتهي في الثلاثاء، ٢١ أبريل ٢٠٢٦,Othaim,key_merged_cleansed_output.xlsx,merged_cleansed_output.xlsx
العثيم,ينتهي في الثلاثاء، ٢١ أبريل ٢٠٢٦,,2026-04-20 05:38:55,العناية الشخصية,Mood,Mood Shower Gel 750ml Assorted,موود سائل استحمام ٧٥٠ انواع,BEST PRICE / لعملاء اكتساب 78.95 الفئة العناية الشخصية,750ml,89.0,80.95,9,EGP,,page_2.jpg,flyer_10007,"{'ymin': 141, 'xmin': 78, 'ymax': 545, 'xmax': 405}",0.92,,10007,٢١ أبريل ٢٠٢٦,ينتهي في الثلاثاء، ٢١ أبريل ٢٠٢٦,Othaim,key_merged_cleansed_output.xlsx,merged_cleansed_output.xlsx
العثيم,ينتهي في الثلاثاء، ٢١ أبريل ٢٠٢٦,,2026-04-20 05:38:55,العناية الشخصية,Sunsilk,Sunsilk Shampoo 350ml Assorted,صانسيلك شامبو ٣٥٠ مل أنواع,خصم 14% الفئة العناية الشخصية,350ml,102.0,86.95,14,EGP,,page_2.jpg,flyer_10007,"{'ymin': 154, 'xmin': 501, 'ymax': 540, 'xmax': 900}",0.95,87.72,10007,٢١ أبريل ٢٠٢٦,ينتهي في الثلاثاء، ٢١ أبريل ٢٠٢٦,Othaim,key_merged_cleansed_output.xlsx,merged_cleansed_output.xlsx
المحلاوي ماركت,ينتهي في الاثنين، ٢٠ أبريل ٢٠٢٦,,2026-04-20 05:39:09,أطعمة - أسماك,,Tilapia Super,سمك بلطي سوبر,سعر الكيلو الفئة أطعمة - أسماك,,,89.75,0,EGP,,page_1.jpg,flyer_10008,"{'ymin': 330, 'xmin': 10, 'ymax': 750, 'xmax': 950}",0.98,,10008,٢٠ أبريل ٢٠٢٦,ينتهي في الاثنين، ٢٠ أبريل ٢٠٢٦,المحلاوي ماركت,key_merged_cleansed_output.xlsx,merged_cleansed_output.xlsx
المحلاوي ماركت,ينتهي في الاثنين، ٢٠ أبريل ٢٠٢٦,,2026-04-20 05:39:10,أطعمة - أسماك,,Sea Bream Fish,سمك دنيس وزن,سعر الكيلو الفئة أطعمة - أسماك,,,550.0,0,EGP,,page_2.jpg,flyer_10008,"{'ymin': 228, 'xmin': 23, 'ymax': 700, 'xmax': 960}",0.95,,10008,٢٠ أبريل ٢٠٢٦,ينتهي في الاثنين، ٢٠ أبريل ٢٠٢٦,المحلاوي ماركت,key_merged_cleansed_output.xlsx,merged_cleansed_output.xlsx
المحلاوي ماركت,ينتهي في الاثنين، ٢٠ أبريل ٢٠٢٦,,2026-04-20 05:39:11,أطعمة - أسماك,,Barboni Baladi Fish,سمك بربوني بلدي,مهرجان الأسماك - خليك في الطازة الفئة أطعمة - أسماك,,,295.0,0,EGP,,page_3.jpg,flyer_10008,"{'ymin': 308, 'xmin': 23, 'ymax': 780, 'xmax': 950}",0.98,,10008,٢٠ أبريل ٢٠٢٦,ينتهي في الاثنين، ٢٠ أبريل ٢٠٢٦,المحلاوي ماركت,key_merged_cleansed_output.xlsx,merged_cleansed_output.xlsx
المحلاوي ماركت,ينتهي في الاثنين، ٢٠ أبريل ٢٠٢٦,,2026-04-20 05:39:12,أطعمة - أسماك,,Suez Macaroni Fish,سمك مكرونة سويسي,pest price الفئة أطعمة - أسماك,,,190.0,0,EGP,,page_4.jpg,flyer_10008,"{'ymin': 324, 'xmin': 24, 'ymax': 530, 'xmax': 280}",0.95,,10008,٢٠ أبريل ٢٠٢٦,ينتهي في الاثنين، ٢٠ أبريل ٢٠٢٦,المحلاوي ماركت,key_merged_cleansed_output.xlsx,merged_cleansed_output.xlsx
المحلاوي ماركت,ينتهي في الاثنين، ٢٠ أبريل ٢٠٢٦,,2026-04-20 05:39:13,أطعمة - أسماك,,Bouri Canal Fish,سمك بوري قنال,سعر الكيلو الفئة أطعمة - أسماك,,,250.0,0,EGP,,page_5.jpg,flyer_10008,"{'ymin': 245, 'xmin': 15, 'ymax': 780, 'xmax': 960}",0.95,,10008,٢٠ أبريل ٢٠٢٦,ينتهي في الاثنين، ٢٠ أبريل ٢٠٢٦,المحلاوي ماركت,key_merged_cleansed_output.xlsx,merged_cleansed_output.xlsx
المحلاوي ماركت,ينتهي في الاثنين، ٢٠ أبريل ٢٠٢٦,,2026-04-20 05:39:14,أطعمة - أسماك,,Salmon Safi,سمك سالمون صافي,سعر الكيلو الفئة أطعمة - أسماك,,,795.0,0,EGP,,page_6.jpg,flyer_10008,"{'ymin': 324, 'xmin': 2, 'ymax': 531, 'xmax': 281}",0.95,,10008,٢٠ أبريل ٢٠٢٦,ينتهي في الاثنين، ٢٠ أبريل ٢٠٢٦,المحلاوي ماركت,key_merged_cleansed_output.xlsx,merged_cleansed_output.xlsx
المحلاوي ماركت,ينتهي في الاثنين، ٢٠ أبريل ٢٠٢٦,,2026-04-20 05:39:16,أطعمة - أسماك,,Cuttlefish,سبيط اسمعلاوي,سعر الكيلو الفئة أطعمة - أسماك,,,435.0,0,EGP,,page_7.jpg,flyer_10008,"{'ymin': 300, 'xmin': 258, 'ymax': 660, 'xmax': 690}",0.95,,10008,٢٠ أبريل ٢٠٢٦,ينتهي في الاثنين، ٢٠ أبريل ٢٠٢٦,المحلاوي ماركت,key_merged_cleansed_output.xlsx,merged_cleansed_output.xlsx
unmatched,,,2026-04-20 05:39:34,أجهزة تليفزيون والكترونيات,Samsung,Samsung Smart TV 55 Inch U8000,سامسونج شاشة 55 بوصة U8000,وفر 2500 EGP الفئة أجهزة تليفزيون والكترونيات,Piece,23999.0,21499.0,10,EGP,,page_2.jpg,flyer_10009,"{'ymin': 244, 'xmin': 127, 'ymax': 848, 'xmax': 689}",0.98,,10009,,عروض الاثنين من بنده,Panda,key_merged_cleansed_output.xlsx,merged_cleansed_output.xlsx
unmatched,,Egypt,2026-04-20 05:39:35,مستلزمات منزلية,Panda,Panda Automatic Washing Powder,بنده مسحوق للغسالات الاتوماتيك 9 كجم,وفر 60 EGP الفئة مستلزمات منزلية,9 kg,399.95,339.95,15,EGP,,page_3.jpg,flyer_10009,"{'ymin': 151, 'xmin': 239, 'ymax': 651, 'xmax': 516}",0.98,339.9575,10009,,عروض الاثنين من بنده,Panda,key_merged_cleansed_output.xlsx,merged_cleansed_output.xlsx
unmatched,,Egypt,2026-04-20 05:39:36,مستلزمات منزلية,Panda,Panda Garbage Roll or Table Cover Roll (1 kg),بنده رول قمامه او رول مفرش سفره (١ كجم),عروض يوم الاثنين الفئة مستلزمات منزلية,1 kg,119.95,79.95,33,EGP,,page_4.jpg,flyer_10009,"{'ymin': 168, 'xmin': 125, 'ymax': 870, 'xmax': 670}",0.95,80.36649999999999,10009,,عروض الاثنين من بنده,Panda,key_merged_cleansed_output.xlsx,merged_cleansed_output.xlsx
unmatched,,,2026-04-20 05:39:37,أطعمة -زيوت ودهون,Sunny,Sunny Mixed Oil 2.4L,"صني زيت خليط ٢,٤ لتر",BEST PRICE الفئة أطعمة -زيوت ودهون,2.4L,,187.95,0,EGP,,page_5.jpg,flyer_10009,"{'ymin': 139, 'xmin': 88, 'ymax': 811, 'xmax': 671}",0.98,,10009,,عروض الاثنين من بنده,Panda,key_merged_cleansed_output.xlsx,merged_cleansed_output.xlsx
unmatched,,,2026-04-20 05:39:38,أطعمة مجمدة,Chicketita,Chicketita Chicken Strips Normal or Spicy,شيكيتيا تشيكن ستريبس عادي او حار,وفر 55 EGP الفئة أطعمة مجمدة,1 kg,289.95,234.95,18,EGP,,page_6.jpg,flyer_10009,"{'ymin': 237, 'xmin': 119, 'ymax': 878, 'xmax': 693}",0.95,,10009,,عروض الاثنين من بنده,Panda,key_merged_cleansed_output.xlsx,merged_cleansed_output.xlsx
unmatched,,,2026-04-20 05:39:39,أطعمة -مخبوزات وحلويات,,Chocolate Cake Medium 22cm,تورته شيكولاته وسط ٢٢ سم,BEST PRICE الفئة أطعمة -مخبوزات وحلويات,,,279.95,0,EGP,,page_8.jpg,flyer_10009,"{'ymin': 158, 'xmin': 74, 'ymax': 812, 'xmax': 698}",0.98,,10009,,عروض الاثنين من بنده,Panda,key_merged_cleansed_output.xlsx,merged_cleansed_output.xlsx
unmatched,,,2026-04-20 05:39:39,أطعمة - أسماك,,Smoked Herring 1kg,رنجه مدخنة 1 كجم,عروض يوم الاثنين الفئة أطعمة - أسماك,,154.95,134.95,12,EGP,,page_7.jpg,flyer_10009,"{'ymin': 189, 'xmin': 70, 'ymax': 850, 'xmax': 728}",0.98,134.8065,10009,,عروض الاثنين من بنده,Panda,key_merged_cleansed_output.xlsx,merged_cleansed_output.xlsx
unmatched,Monday,,2026-04-20 05:39:40,أطعمة -مخبوزات وحلويات,,Petit Pain 10 Pieces,بيتى بان ١٠ قطع,يا بلاش الفئة أطعمة -مخبوزات وحلويات,,,21.95,0,EGP,,page_9.jpg,flyer_10009,"{'ymin': 298, 'xmin': 106, 'ymax': 636, 'xmax': 685}",0.95,,10009,,عروض الاثنين من بنده,Panda,key_merged_cleansed_output.xlsx,merged_cleansed_output.xlsx
unmatched,,,2026-04-20 05:41:15,أطعمة -الألبان ومنتجاتها,MURATBEY,White Creamy Turkish Cheese,جبنة بيضاء كريمى تركي ٢٥٠ جم,HOT OFFER الفئة أطعمة -الألبان ومنتجاتها,,,67.5,0,EGP,,page_2.jpg,flyer_10010,"[240, 663, 403, 942]",0.95,,10010,,ساري,,key_merged_cleansed_output.xlsx,merged_cleansed_output.xlsx
unmatched,,,2026-04-20 05:41:15,أطعمة -الألبان ومنتجاتها,,Baby Turkish Mozzarella Cheese,جبنة موتزاريلا بيبى تركى ٢٥٠ جم,الفئة أطعمة -الألبان ومنتجاتها,,,129.5,0,EGP,,page_2.jpg,flyer_10010,"[240, 361, 403, 641]",0.92,,10010,,ساري,,key_merged_cleansed_output.xlsx,merged_cleansed_output.xlsx
unmatched,,,2026-04-20 05:41:15,أطعمة -الألبان ومنتجاتها,,White Cheddar Cheese with Jalapeno,جبنة شيدر ابيض جلابينو ٢٥٠ جم,الفئة أطعمة -الألبان ومنتجاتها,,,123.45,0,EGP,,page_2.jpg,flyer_10010,"[240, 51, 403, 331]",0.94,,10010,,ساري,,key_merged_cleansed_output.xlsx,merged_cleansed_output.xlsx
unmatched,,,2026-04-20 05:41:15,أطعمة -الألبان ومنتجاتها,,Greek Feta Cheese Slices,جبنة فيتا شرائح يونانى ٢٥٠ جم,الفئة أطعمة -الألبان ومنتجاتها,,,218.45,0,EGP,,page_2.jpg,flyer_10010,"[421, 663, 584, 942]",0.93,,10010,,ساري,,key_merged_cleansed_output.xlsx,merged_cleansed_output.xlsx
unmatched,,,2026-04-20 05:41:15,أطعمة -الألبان ومنتجاتها,Pinar,Pinar Turkish Labneh,بينار لبنة تركى ٢٥٠ جم,وفر 18.04 جنيه الفئة أطعمة -الألبان ومنتجاتها,,109.99,91.95,16,EGP,,page_2.jpg,flyer_10010,"[421, 361, 584, 641]",0.96,92.3916,10010,,ساري,,key_merged_cleansed_output.xlsx,merged_cleansed_output.xlsx
unmatched,,,2026-04-20 05:41:15,أطعمة -لحوم مصنعة وأجبان,Halwani Bros,Halwani Ready Beef Luncheon,حلوانى لحم بقر جاهز ٢٥٠ جم,وفر 13.54 جنيه الفئة أطعمة -لحوم مصنعة وأجبان,,137.49,123.95,9,EGP,,page_2.jpg,flyer_10010,"[603, 663, 766, 942]",0.94,125.1159,10010,,ساري,,key_merged_cleansed_output.xlsx,merged_cleansed_output.xlsx
unmatched,,,2026-04-20 05:41:15,أطعمة -لحوم مصنعة وأجبان,Taste,Taste Pure Smoked Turkey Breast / Chicken Breast,تست بيور ( صدور رومى مدخن - صدور دجاج مدخن ) ٢٥٠ جم,وفر 10.29 جنيه الفئة أطعمة -لحوم مصنعة وأجبان,,103.74,93.45,9,EGP,,page_2.jpg,flyer_10010,"[603, 361, 766, 641]",0.91,94.4034,10010,,ساري,,key_merged_cleansed_output.xlsx,merged_cleansed_output.xlsx
unmatched,,,2026-04-20 05:41:15,أطعمة -لحوم مصنعة وأجبان,Taste,Taste Pure Smoked Turkey Thighs (Plain - Paprika),تست بيور فصوص رومى ٢٥٠ جم ( سادة - بابريكا ),وفر 65.54 جنيه الفئة أطعمة -لحوم مصنعة وأجبان,,233.49,167.95,28,EGP,,page_2.jpg,flyer_10010,"[603, 51, 766, 331]",0.92,168.1128,10010,,ساري,,key_merged_cleansed_output.xlsx,merged_cleansed_output.xlsx
unmatched,,,2026-04-20 05:41:15,أطعمة -لحوم مصنعة وأجبان,Atyab,Atyab Smoked Chicken Breast,اطياب صدور دجاج مدخن ٢٥٠ جم,وفر 20.54 جنيه الفئة أطعمة -لحوم مصنعة وأجبان,,114.99,94.45,17,EGP,,page_2.jpg,flyer_10010,"[784, 663, 947, 942]",0.95,95.4417,10010,,ساري,,key_merged_cleansed_output.xlsx,merged_cleansed_output.xlsx
unmatched,,,2026-04-20 05:41:15,أطعمة -لحوم مصنعة وأجبان,Al Motahida,Al Motahida Local Pastrami without Garlic,المتحده بسطرمة بلدى بدون ثوم ٢٥٠ جم,وفر 11.54 جنيه الفئة أطعمة -لحوم مصنعة وأجبان,,162.49,150.95,7,EGP,,page_2.jpg,flyer_10010,"[784, 361, 947, 641]",0.93,151.1157,10010,,ساري,,key_merged_cleansed_output.xlsx,merged_cleansed_output.xlsx
unmatched,,,2026-04-20 05:41:15,أطعمة -زيوت ودهون,,Spanish Large Olives,زيتون اسبانى لارج ٢٥٠ جم,الفئة أطعمة -زيوت ودهون,,,56.95,0,EGP,,page_2.jpg,flyer_10010,"[784, 51, 947, 331]",0.94,,10010,,ساري,,key_merged_cleansed_output.xlsx,merged_cleansed_output.xlsx
unmatched,,,2026-04-20 05:41:15,أطعمة -الألبان ومنتجاتها,Hajdu,Hajdu Labneh Majary,هاجدو لبنة مجرى ٢٥٠ جم,وفر 27.04 جنيه الفئة أطعمة -الألبان ومنتجاتها,,104.99,77.95,25,EGP,,page_2.jpg,flyer_10010,"[421, 51, 584, 331]",0.95,78.74249999999999,10010,,ساري,,key_merged_cleansed_output.xlsx,merged_cleansed_output.xlsx
unmatched,,,2026-04-20 05:41:16,أطعمة -الألبان ومنتجاتها,Puck,Puck Cream Cheese Squeeze,بوك جبنة كريمى سكويز ٤٠٠جم,HOT OFFER الفئة أطعمة -الألبان ومنتجاتها,,480.0,409.95,14,EGP,,page_3.jpg,flyer_10010,"{'ymin': 248, 'xmin': 55, 'ymax': 405, 'xmax': 333}",0.95,412.8,10010,,ساري,,key_merged_cleansed_output.xlsx,merged_cleansed_output.xlsx
unmatched,,,2026-04-20 05:41:16,أطعمة -الألبان ومنتجاتها,Puck,Puck Cream Cheese Glass,بوك جبنة كريمى زجاج ٢٣٠جم,HOT OFFER الفئة أطعمة -الألبان ومنتجاتها,,280.0,199.95,28,EGP,,page_3.jpg,flyer_10010,"{'ymin': 248, 'xmin': 361, 'ymax': 405, 'xmax': 639}",0.95,201.6,10010,,ساري,,key_merged_cleansed_output.xlsx,merged_cleansed_output.xlsx
unmatched,,,2026-04-20 05:41:16,أطعمة -الألبان ومنتجاتها,Kiri,Kiri Labneh Creamy,كيرى لبنة كريمى ١٥٠جم,HOT OFFER الفئة أطعمة -الألبان ومنتجاتها,,85.0,69.95,17,EGP,,page_3.jpg,flyer_10010,"{'ymin': 431, 'xmin': 55, 'ymax': 588, 'xmax': 333}",0.95,70.55,10010,,ساري,,key_merged_cleansed_output.xlsx,merged_cleansed_output.xlsx
unmatched,,,2026-04-20 05:41:16,أطعمة -الألبان ومنتجاتها,La Vache Qui Rit,La Vache Qui Rit Feta Cheese,لافاش كيرى جبنة فيتا ٤٥٠جم,HOT OFFER الفئة أطعمة -الألبان ومنتجاتها,,130.0,107.95,16,EGP,,page_3.jpg,flyer_10010,"{'ymin': 431, 'xmin': 361, 'ymax': 588, 'xmax': 639}",0.95,109.2,10010,,ساري,,key_merged_cleansed_output.xlsx,merged_cleansed_output.xlsx
unmatched,,,2026-04-20 05:41:16,أطعمة -الألبان ومنتجاتها,La Vache Qui Rit,La Vache Qui Rit Cheddar Slices,لافاش كيرى جبنة شيدر شرائح ١٢ق,HOT OFFER الفئة أطعمة -الألبان ومنتجاتها,,174.95,144.95,17,EGP,,page_3.jpg,flyer_10010,"{'ymin': 431, 'xmin': 666, 'ymax': 588, 'xmax': 944}",0.95,145.2085,10010,,ساري,,key_merged_cleansed_output.xlsx,merged_cleansed_output.xlsx
unmatched,,,2026-04-20 05:41:16,أطعمة -الألبان ومنتجاتها,Abu El Walad,Abu El Walad Triangle Cheese,ابو الولد جبنة مثلثات ٣٢ق,HOT OFFER الفئة أطعمة -الألبان ومنتجاتها,,123.95,103.95,16,EGP,,page_3.jpg,flyer_10010,"{'ymin': 614, 'xmin': 361, 'ymax': 771, 'xmax': 639}",0.95,104.118,10010,,ساري,,key_merged_cleansed_output.xlsx,merged_cleansed_output.xlsx
unmatched,,,2026-04-20 05:41:16,أطعمة -الألبان ومنتجاتها,Pinar,Pinar Turkish Labneh,بينار لبنة تركى ٣٧٠ جم,HOT OFFER الفئة أطعمة -الألبان ومنتجاتها,,200.0,149.95,25,EGP,,page_3.jpg,flyer_10010,"{'ymin': 614, 'xmin': 666, 'ymax': 771, 'xmax': 944}",0.95,150.0,10010,,ساري,,key_merged_cleansed_output.xlsx,merged_cleansed_output.xlsx
unmatched,,,2026-04-20 05:41:16,أطعمة -الألبان ومنتجاتها,Almarai,Almarai Greek Yogurt Fruit,المراعى زبادى يونانى فاكهة انواع ١٧٠جم,الفئة أطعمة -الألبان ومنتجاتها,,47.95,39.95,16,EGP,,page_3.jpg,flyer_10010,"{'ymin': 797, 'xmin': 55, 'ymax': 954, 'xmax': 333}",0.95,40.278,10010,,ساري,,key_merged_cleansed_output.xlsx,merged_cleansed_output.xlsx
unmatched,,,2026-04-20 05:41:16,أطعمة -الألبان ومنتجاتها,The Milkman,The Milkman Yogurt Drink Strawberry & Peach,ذاميلك مان مشروب زبادى فراولة و خوخ ٢٥٠مل,الفئة أطعمة -الألبان ومنتجاتها,,25.25,22.25,11,EGP,,page_3.jpg,flyer_10010,"{'ymin': 797, 'xmin': 361, 'ymax': 954, 'xmax': 639}",0.95,22.4725,10010,,ساري,,key_merged_cleansed_output.xlsx,merged_cleansed_output.xlsx
unmatched,,,2026-04-20 05:41:16,أطعمة -الألبان ومنتجاتها,The Milkman,The Milkman Greek Yogurt,ذاميلك زبادى يونانى (طبيعى-لايت) ١٧٠جم,الفئة أطعمة -الألبان ومنتجاتها,,41.5,36.95,10,EGP,,page_3.jpg,flyer_10010,"{'ymin': 797, 'xmin': 666, 'ymax': 954, 'xmax': 944}",0.95,37.35,10010,,ساري,,key_merged_cleansed_output.xlsx,merged_cleansed_output.xlsx
unmatched,,,2026-04-20 05:41:16,أطعمة -الألبان ومنتجاتها,Ehrmann,Ehrmann High Protein Drink Pistachio,ايرمان مشروب بروتين فستق ٣٣٠مل,HOT OFFER الفئة أطعمة -الألبان ومنتجاتها,,119.95,79.95,33,EGP,,page_3.jpg,flyer_10010,"{'ymin': 614, 'xmin': 55, 'ymax': 771, 'xmax': 333}",0.95,80.36649999999999,10010,,ساري,,key_merged_cleansed_output.xlsx,merged_cleansed_output.xlsx
unmatched,,Egypt,2026-04-20 05:41:17,أطعمة -الألبان ومنتجاتها,Almarai,Istanbouli Cheese,جبن اسطنبولي,جبن أبيض طبيعي 100% الفئة أطعمة -الألبان ومنتجاتها,900g,126.5,112.95,10,EGP,,page_4.jpg,flyer_10010,"{'ymin': 544, 'xmin': 55, 'ymax': 701, 'xmax': 354}",0.95,112.585,10010,,ساري,Almarai,key_merged_cleansed_output.xlsx,merged_cleansed_output.xlsx
unmatched,,,2026-04-20 05:41:19,أطعمة -فراخ وطيور,Great Foods,Marinated Turkey Lobes Thyme,المراعي فصوص رومي زعتر,جديد من جريت فودز الفئة أطعمة -فراخ وطيور,250 gm,,168.45,0,EGP,,page_5.jpg,flyer_10010,"{'ymin': 289, 'xmin': 82, 'ymax': 581, 'xmax': 441}",0.98,,10010,,ساري,Great Foods,key_merged_cleansed_output.xlsx,merged_cleansed_output.xlsx
unmatched,,,2026-04-20 05:41:19,أطعمة -فراخ وطيور,Great Foods,Chicken Breast Loaf,المراعي قشطة صدور دجاج,الفئة أطعمة -فراخ وطيور,250 gm,,78.95,0,EGP,,page_5.jpg,flyer_10010,"{'ymin': 601, 'xmin': 62, 'ymax': 761, 'xmax': 330}",0.95,,10010,,ساري,Great Foods,key_merged_cleansed_output.xlsx,merged_cleansed_output.xlsx
unmatched,,,2026-04-20 05:41:19,أطعمة -فراخ وطيور,Great Foods,Luncheon Plain / Olives / Spices / Chicken,المراعي لانشون ساده / زيتون / بهار / دجاج 250 جم,الفئة أطعمة -فراخ وطيور,250 gm,,55.95,0,EGP,,page_5.jpg,flyer_10010,"{'ymin': 598, 'xmin': 658, 'ymax': 773, 'xmax': 939}",0.97,,10010,,ساري,Great Foods,key_merged_cleansed_output.xlsx,merged_cleansed_output.xlsx
unmatched,,,2026-04-20 05:41:19,أطعمة -فراخ وطيور,Great Foods,Pastrami without Garlic,المراعي بسطرمة بدون ثوم 250 جم,الفئة أطعمة -فراخ وطيور,250 gm,,235.95,0,EGP,,page_5.jpg,flyer_10010,"{'ymin': 785, 'xmin': 653, 'ymax': 968, 'xmax': 916}",0.97,,10010,,ساري,Great Foods,key_merged_cleansed_output.xlsx,merged_cleansed_output.xlsx
unmatched,,,2026-04-20 05:41:19,أطعمة -فراخ وطيور,Great Foods,Smoked Turkey Breast,المراعي صدور تركي مدخن (حبش) 250 جم,الفئة أطعمة -فراخ وطيور,250 gm,,87.45,0,EGP,,page_5.jpg,flyer_10010,"{'ymin': 610, 'xmin': 374, 'ymax': 773, 'xmax': 626}",0.96,,10010,,ساري,Great Foods,key_merged_cleansed_output.xlsx,merged_cleansed_output.xlsx
unmatched,,,2026-04-20 05:41:20,أطعمة مجمدة,HALWANI BROS,Steak Burger,ستيك برجر ٦٠٠ جم ٤ قطعه X ١٥٠ جم,الفئة أطعمة مجمدة,600g,299.95,257.75,14,EGP,,page_6.jpg,flyer_10010,"{'ymin': 408, 'xmin': 270, 'ymax': 570, 'xmax': 499}",0.99,257.957,10010,,ساري,HALWANI BROS,key_merged_cleansed_output.xlsx,merged_cleansed_output.xlsx
unmatched,,,2026-04-20 05:41:20,أطعمة -لحوم مصنعة وأجبان,HALWANI BROS,Beef Luncheon,لانشون بقري سادة - زيتون - بهار - ٢٥٠ جم,الفئة أطعمة -لحوم مصنعة وأجبان,250g,,74.45,0,EGP,,page_6.jpg,flyer_10010,"{'ymin': 233, 'xmin': 36, 'ymax': 395, 'xmax': 265}",0.98,,10010,,ساري,HALWANI BROS,key_merged_cleansed_output.xlsx,merged_cleansed_output.xlsx
unmatched,,,2026-04-20 05:41:20,أطعمة -لحوم مصنعة وأجبان,HALWANI BROS,Smoked Turkey Breast,لحم رومي جاهز مدخن ٢٥٠ جم,الفئة أطعمة -لحوم مصنعة وأجبان,250g,,120.95,0,EGP,,page_6.jpg,flyer_10010,"{'ymin': 233, 'xmin': 270, 'ymax': 395, 'xmax': 499}",0.97,,10010,,ساري,HALWANI BROS,key_merged_cleansed_output.xlsx,merged_cleansed_output.xlsx
unmatched,,,2026-04-20 05:41:20,أطعمة -لحوم مصنعة وأجبان,HALWANI BROS,Beef Luncheon Mix,لانشون بقري ميكس زيتون و بهار - ٢٥٠ جم,جديد الفئة أطعمة -لحوم مصنعة وأجبان,250g,,49.45,0,EGP,,page_6.jpg,flyer_10010,"{'ymin': 204, 'xmin': 503, 'ymax': 395, 'xmax': 732}",0.98,,10010,,ساري,HALWANI BROS,key_merged_cleansed_output.xlsx,merged_cleansed_output.xlsx
unmatched,,,2026-04-20 05:41:20,أطعمة -لحوم مصنعة وأجبان,HALWANI BROS,Turkey Breast Slices,فصوص رومي سادة ٢٥٠ جم,الفئة أطعمة -لحوم مصنعة وأجبان,250g,,182.45,0,EGP,,page_6.jpg,flyer_10010,"{'ymin': 233, 'xmin': 736, 'ymax': 395, 'xmax': 965}",0.98,,10010,,ساري,HALWANI BROS,key_merged_cleansed_output.xlsx,merged_cleansed_output.xlsx
unmatched,,,2026-04-20 05:41:20,أطعمة -لحوم مصنعة وأجبان,HALWANI BROS,Cooked Chicken Meat,لحم دجاج مطبوخ ٢٥٠ جم,الفئة أطعمة -لحوم مصنعة وأجبان,250g,,100.95,0,EGP,,page_6.jpg,flyer_10010,"{'ymin': 408, 'xmin': 36, 'ymax': 570, 'xmax': 265}",0.97,,10010,,ساري,HALWANI BROS,key_merged_cleansed_output.xlsx,merged_cleansed_output.xlsx
unmatched,,,2026-04-20 05:41:20,أطعمة مجمدة,HALWANI BROS,Chicken Kiev / Cordon Bleu,تشيكن بيتزا - تشيكن كييف كوردن بلو - ٤٠٠ جم,الفئة أطعمة مجمدة,400g,179.95,169.95,5,EGP,,page_6.jpg,flyer_10010,"{'ymin': 408, 'xmin': 503, 'ymax': 570, 'xmax': 732}",0.98,169.153,10010,,ساري,HALWANI BROS,key_merged_cleansed_output.xlsx,merged_cleansed_output.xlsx
unmatched,,,2026-04-20 05:41:20,أطعمة مجمدة,HALWANI BROS,Chicken Pane Crunchy,بانية دجاج كرانشي عادي/حار ١ ك - ٢٠ قطعة,الفئة أطعمة مجمدة,1kg,349.95,287.75,17,EGP,,page_6.jpg,flyer_10010,"{'ymin': 583, 'xmin': 503, 'ymax': 783, 'xmax': 732}",0.99,286.959,10010,,ساري,HALWANI BROS,key_merged_cleansed_output.xlsx,merged_cleansed_output.xlsx
unmatched,,,2026-04-20 05:41:20,أطعمة مجمدة,HALWANI BROS,Beef Burger,بيف برجر ١.٥ ك (١٥ قطعة),الفئة أطعمة مجمدة,1.5kg,464.95,439.95,5,EGP,,page_6.jpg,flyer_10010,"{'ymin': 583, 'xmin': 36, 'ymax': 783, 'xmax': 265}",0.99,441.7025,10010,,ساري,HALWANI BROS,key_merged_cleansed_output.xlsx,merged_cleansed_output.xlsx
unmatched,,,2026-04-20 05:41:20,أطعمة مجمدة,HALWANI BROS,Beef Hot Dog,هوت دوج بقري ٩٠٠ جم,الفئة أطعمة مجمدة,900g,239.95,214.95,10,EGP,,page_6.jpg,flyer_10010,"{'ymin': 583, 'xmin': 270, 'ymax': 783, 'xmax': 499}",0.99,215.955,10010,,ساري,HALWANI BROS,key_merged_cleansed_output.xlsx,merged_cleansed_output.xlsx
unmatched,,,2026-04-20 05:41:20,أطعمة مجمدة,HALWANI BROS,Chicken Nuggets Crunchy,ناجتس دجاج كرانشي عادي ١ ك,الفئة أطعمة مجمدة,1kg,344.95,289.95,15,EGP,,page_6.jpg,flyer_10010,"{'ymin': 583, 'xmin': 736, 'ymax': 783, 'xmax': 965}",0.99,289.758,10010,,ساري,HALWANI BROS,key_merged_cleansed_output.xlsx,merged_cleansed_output.xlsx
unmatched,,,2026-04-20 05:41:20,أطعمة -زيوت ودهون,HALWANI BROS,Plain Halawa,حلاوة سادة عبوة ٢٥٠ جم,الفئة أطعمة -زيوت ودهون,250g,43.75,39.75,9,EGP,,page_6.jpg,flyer_10010,"{'ymin': 796, 'xmin': 36, 'ymax': 968, 'xmax': 341}",0.99,39.8125,10010,,ساري,HALWANI BROS,key_merged_cleansed_output.xlsx,merged_cleansed_output.xlsx
unmatched,,,2026-04-20 05:41:20,أطعمة -زيوت ودهون,HALWANI BROS,Tahina,طحينة ٧١٠ جم,الفئة أطعمة -زيوت ودهون,710g,204.75,153.95,24,EGP,,page_6.jpg,flyer_10010,"{'ymin': 796, 'xmin': 347, 'ymax': 968, 'xmax': 652}",0.99,153.5625,10010,,ساري,HALWANI BROS,key_merged_cleansed_output.xlsx,merged_cleansed_output.xlsx
unmatched,,,2026-04-20 05:41:20,أطعمة -زيوت ودهون,HALWANI BROS,Jam (Strawberry-Fig),مربى ٣٤٠ جم (فراولة-تين),الفئة أطعمة -زيوت ودهون,340g,44.95,39.95,11,EGP,,page_6.jpg,flyer_10010,"{'ymin': 796, 'xmin': 658, 'ymax': 968, 'xmax': 965}",0.99,40.0055,10010,,ساري,HALWANI BROS,key_merged_cleansed_output.xlsx,merged_cleansed_output.xlsx
unmatched,,,2026-04-20 05:41:20,أطعمة مجمدة,HALWANI BROS,Beef Cocktail,كوكتيل بقري ٣٥٠ جم,الفئة أطعمة مجمدة,350g,114.95,102.45,10,EGP,,page_6.jpg,flyer_10010,"{'ymin': 408, 'xmin': 736, 'ymax': 570, 'xmax': 965}",0.98,102.3055,10010,,ساري,HALWANI BROS,key_merged_cleansed_output.xlsx,merged_cleansed_output.xlsx
unmatched,,,2026-04-20 05:41:21,أطعمة -لحوم مصنعة وأجبان,RICH,Beef Luncheon / Chicken Luncheon,لانشون بقري (سادة - زيتون - فلفل اسود) / لانشون دجاج (سادة - زيتون),الفئة أطعمة -لحوم مصنعة وأجبان,250 gm,,63.95,0,EGP,,page_7.jpg,flyer_10010,"{'ymin': 851, 'xmin': 57, 'ymax': 954, 'xmax': 166}",0.92,,10010,,ساري,RICH food,key_merged_cleansed_output.xlsx,merged_cleansed_output.xlsx
unmatched,,,2026-04-20 05:41:21,أطعمة -لحوم مصنعة وأجبان,RICH,Smoked Turkey Lobes,فصوص رومي مدخنة,الفئة أطعمة -لحوم مصنعة وأجبان,250 gm,,184.95,0,EGP,,page_7.jpg,flyer_10010,"{'ymin': 574, 'xmin': 341, 'ymax': 644, 'xmax': 733}",0.95,,10010,,ساري,RICH food,key_merged_cleansed_output.xlsx,merged_cleansed_output.xlsx
unmatched,,,2026-04-20 05:41:21,أطعمة -لحوم مصنعة وأجبان,RICH,Smoked Salami,سلامي مدخن,الفئة أطعمة -لحوم مصنعة وأجبان,250 gm,,92.95,0,EGP,,page_7.jpg,flyer_10010,"{'ymin': 861, 'xmin': 191, 'ymax': 954, 'xmax': 300}",0.94,,10010,,ساري,RICH food,key_merged_cleansed_output.xlsx,merged_cleansed_output.xlsx
unmatched,,,2026-04-20 05:41:21,أطعمة -لحوم مصنعة وأجبان,RICH,Vacuum Basturma,بسطرمة فاكيوم,الفئة أطعمة -لحوم مصنعة وأجبان,250 gm,,194.95,0,EGP,,page_7.jpg,flyer_10010,"{'ymin': 861, 'xmin': 659, 'ymax': 954, 'xmax': 753}",0.96,,10010,,ساري,RICH food,key_merged_cleansed_output.xlsx,merged_cleansed_output.xlsx
unmatched,,,2026-04-20 05:41:21,أطعمة -لحوم مصنعة وأجبان,RICH,Smoked Beef,لحم بقري مدخن,الفئة أطعمة -لحوم مصنعة وأجبان,250 gm,,112.45,0,EGP,,page_7.jpg,flyer_10010,"{'ymin': 861, 'xmin': 522, 'ymax': 954, 'xmax': 615}",0.95,,10010,,ساري,RICH food,key_merged_cleansed_output.xlsx,merged_cleansed_output.xlsx
unmatched,,,2026-04-20 05:41:21,أطعمة -لحوم مصنعة وأجبان,RICH,Luncheon Meat Pieces with Basturma,لانشون قطع لحم - بسطرمة,الفئة أطعمة -لحوم مصنعة وأجبان,250 gm,,69.95,0,EGP,,page_7.jpg,flyer_10010,"{'ymin': 861, 'xmin': 805, 'ymax': 954, 'xmax': 926}",0.94,,10010,,ساري,RICH food,key_merged_cleansed_output.xlsx,merged_cleansed_output.xlsx
unmatched,,,2026-04-20 05:41:21,أطعمة -لحوم مصنعة وأجبان,RICH,Smoked Turkey Breast / Smoked Chicken Breast,صدور رومي / صدور دجاج مدخنة,الفئة أطعمة -لحوم مصنعة وأجبان,250 gm,,105.45,0,EGP,,page_7.jpg,flyer_10010,"{'ymin': 861, 'xmin': 349, 'ymax': 954, 'xmax': 496}",0.93,,10010,,ساري,RICH food,key_merged_cleansed_output.xlsx,merged_cleansed_output.xlsx
unmatched,,,2026-04-20 05:41:22,أطعمة -الألبان ومنتجاتها,Mafaza,Mozzarella Cheese,جبنة موتزاريلا - 280 جم,The original mozzarella الفئة أطعمة -الألبان ومنتجاتها,280 gm,173.95,134.95,22,EGP,,page_8.jpg,flyer_10010,"{'ymin': 655, 'xmin': 580, 'ymax': 935, 'xmax': 895}",0.99,135.681,10010,,ساري,Mafaza Foods,key_merged_cleansed_output.xlsx,merged_cleansed_output.xlsx
unmatched,,,2026-04-20 05:41:22,أطعمة -الألبان ومنتجاتها,Mafaza,Yogurt Full Cream,زبادي كامل الدسم - 1 كج,100% NATURAL MILK FREE FROM VEGETABLE OILS الفئة أطعمة -الألبان ومنتجاتها,1 kg,112.95,96.5,14,EGP,,page_8.jpg,flyer_10010,"{'ymin': 660, 'xmin': 95, 'ymax': 935, 'xmax': 395}",0.99,96.0075,10010,,ساري,Mafaza Foods,key_merged_cleansed_output.xlsx,merged_cleansed_output.xlsx
unmatched,,,2026-04-20 05:41:22,أطعمة -فراخ وطيور,Mafaza,Chicken Frankfurter,فرانكفورتر دجاج - 500 جم,FRANK FURTERS الفئة أطعمة -فراخ وطيور,500 gm,255.95,199.95,21,EGP,,page_8.jpg,flyer_10010,"{'ymin': 525, 'xmin': 258, 'ymax': 630, 'xmax': 790}",0.96,199.641,10010,,ساري,Mafaza Foods,key_merged_cleansed_output.xlsx,merged_cleansed_output.xlsx
unmatched,,,2026-04-20 05:41:22,أطعمة -فراخ وطيور,Mafaza,Smoked Beef,لحم بقري - مدخن,FOOD WITH CARE الفئة أطعمة -فراخ وطيور,kg,177.5,137.5,22,EGP,,page_8.jpg,flyer_10010,"{'ymin': 208, 'xmin': 710, 'ymax': 500, 'xmax': 965}",0.98,136.675,10010,,ساري,Mafaza Foods,key_merged_cleansed_output.xlsx,merged_cleansed_output.xlsx
unmatched,,,2026-04-20 05:41:22,أطعمة -فراخ وطيور,Mafaza,Smoked Chicken Breast,صدور دجاج مدخنة,FOOD WITH CARE الفئة أطعمة -فراخ وطيور,kg,162.5,122.5,24,EGP,,page_8.jpg,flyer_10010,"{'ymin': 205, 'xmin': 500, 'ymax': 500, 'xmax': 658}",0.97,121.875,10010,,ساري,Mafaza Foods,key_merged_cleansed_output.xlsx,merged_cleansed_output.xlsx
unmatched,,,2026-04-20 05:41:22,أطعمة -فراخ وطيور,Mafaza,Smoked Chicken Thigh Lobes,فصوص أوراك دجاج - مدخنة,FOOD WITH CARE الفئة أطعمة -فراخ وطيور,kg,165.0,126.75,23,EGP,,page_8.jpg,flyer_10010,"{'ymin': 203, 'xmin': 25, 'ymax': 500, 'xmax': 458}",0.98,127.05,10010,,ساري,Mafaza Foods,key_merged_cleansed_output.xlsx,merged_cleansed_output.xlsx
unmatched,,,2026-04-20 05:41:23,أطعمة -فواكه وخضروات,MAFA,Mafa Orange Juice Net 2kg,مافا برتقال عصير شبكة ٢ كجم,وفر 5 جنيه الفئة أطعمة -فواكه وخضروات,,54.95,49.95,9,EGP,,page_9.jpg,flyer_10010,"[398, 58, 453, 325]",0.95,50.00450000000001,10010,,ساري,,key_merged_cleansed_output.xlsx,merged_cleansed_output.xlsx
unmatched,,,2026-04-20 05:41:23,أطعمة -فواكه وخضروات,,Murcott Tangerine 1kg,يوسفى موركيت ١ كجم,وفر 9 جنيه الفئة أطعمة -فواكه وخضروات,,44.95,35.95,20,EGP,,page_9.jpg,flyer_10010,"[398, 361, 453, 638]",0.95,35.96,10010,,ساري,,key_merged_cleansed_output.xlsx,merged_cleansed_output.xlsx
unmatched,,,2026-04-20 05:41:23,أطعمة -فواكه وخضروات,,Yellow Apple Medium 500g,تفاح اصفر وسط ٥٠٠جم,وفر 5 جنيه الفئة أطعمة -فواكه وخضروات,,45.0,40.0,11,EGP,,page_9.jpg,flyer_10010,"[398, 671, 453, 938]",0.95,40.05,10010,,ساري,,key_merged_cleansed_output.xlsx,merged_cleansed_output.xlsx
unmatched,,,2026-04-20 05:41:23,أطعمة -فواكه وخضروات,DESERT ROSE,Desert Rose Onion (Yellow-Red) 3kg,ديزرت روز بصل (اصفر-احمر) ٣ كجم,وفر 20 جنيه الفئة أطعمة -فواكه وخضروات,,74.95,54.95,26,EGP,,page_9.jpg,flyer_10010,"[646, 58, 701, 325]",0.95,54.7135,10010,,ساري,,key_merged_cleansed_output.xlsx,merged_cleansed_output.xlsx
unmatched,,,2026-04-20 05:41:23,أطعمة -فواكه وخضروات,PICO,Pico Loquat 500g,بيكو بشملة ٥٠٠جم,وفر 20 جنيه الفئة أطعمة -فواكه وخضروات,,119.95,99.95,16,EGP,,page_9.jpg,flyer_10010,"[646, 671, 701, 938]",0.95,99.5585,10010,,ساري,,key_merged_cleansed_output.xlsx,merged_cleansed_output.xlsx
unmatched,,,2026-04-20 05:41:23,أطعمة -فواكه وخضروات,,Medium Prunes with Pits 250g,قراصيا وسط بالنوى ٢٥٠جم,وفر 38.50 جنيه الفئة أطعمة -فواكه وخضروات,,137.5,99.0,28,EGP,,page_9.jpg,flyer_10010,"[893, 58, 948, 325]",0.95,99.0,10010,,ساري,,key_merged_cleansed_output.xlsx,merged_cleansed_output.xlsx
unmatched,,,2026-04-20 05:41:23,أطعمة -فواكه وخضروات,DALTEX,Daltex Baby Potato 1kg,دالتكس بطاطس بيبى ١كجم,وفر 10 جنيه الفئة أطعمة -فواكه وخضروات,,25.95,15.95,38,EGP,,page_9.jpg,flyer_10010,"[893, 361, 948, 638]",0.95,15.8295,10010,,ساري,,key_merged_cleansed_output.xlsx,merged_cleansed_output.xlsx
unmatched,,,2026-04-20 05:41:23,أطعمة -فواكه وخضروات,MAFA,Mafa Potato 3kg,مافا بطاطس ٣ كجم,وفر 9.30 جنيه الفئة أطعمة -فواكه وخضروات,,74.25,64.95,12,EGP,,page_9.jpg,flyer_10010,"[893, 671, 948, 938]",0.95,64.5975,10010,,ساري,,key_merged_cleansed_output.xlsx,merged_cleansed_output.xlsx
unmatched,,,2026-04-20 05:41:23,أطعمة -فواكه وخضروات,,Cantaloupe 1kg,كنتالوب ١ كجم,وفر 6 جنيه الفئة أطعمة -فواكه وخضروات,,33.95,27.95,17,EGP,,page_9.jpg,flyer_10010,"[646, 361, 701, 638]",0.95,27.83900000000001,10010,,ساري,,key_merged_cleansed_output.xlsx,merged_cleansed_output.xlsx
unmatched,,,2026-04-20 05:41:24,أطعمة مجمدة,Halwani Bros,Halwani Bros Chicken Strips,حلواني ستريبس ١ كجم (عادي - حار),وفر 22.20 جنيه الفئة أطعمة مجمدة,,379.95,357.75,5,EGP,,page_10.jpg,flyer_10010,"{'ymin': 258, 'xmin': 63, 'ymax': 398, 'xmax': 330}",0.95,360.9525,10010,,ساري,,key_merged_cleansed_output.xlsx,merged_cleansed_output.xlsx
unmatched,,,2026-04-20 05:41:24,أطعمة مجمدة,Temry,Temry Chicken Wings / Chunks,تمرى (جناح دجاج ٧٠٠ جم - شانكس ٤٠٠ جم),الفئة أطعمة مجمدة,,,119.95,0,EGP,,page_10.jpg,flyer_10010,"{'ymin': 258, 'xmin': 371, 'ymax': 402, 'xmax': 633}",0.92,,10010,,ساري,,key_merged_cleansed_output.xlsx,merged_cleansed_output.xlsx
unmatched,,,2026-04-20 05:41:24,أطعمة مجمدة,,Frozen Veal Liver,بتلو كبدة مجمدة ١ كجم,الفئة أطعمة مجمدة,,,219.95,0,EGP,,page_10.jpg,flyer_10010,"{'ymin': 268, 'xmin': 670, 'ymax': 402, 'xmax': 938}",0.9,,10010,,ساري,,key_merged_cleansed_output.xlsx,merged_cleansed_output.xlsx
unmatched,,,2026-04-20 05:41:24,أطعمة مجمدة,Orient,Orient Vine Leaves,اورينت ورق عنب سادة ٤٥٠ جم,وفر 17.80 جنيه الفئة أطعمة مجمدة,,107.75,89.95,16,EGP,,page_10.jpg,flyer_10010,"{'ymin': 442, 'xmin': 63, 'ymax': 583, 'xmax': 328}",0.94,90.51,10010,,ساري,,key_merged_cleansed_output.xlsx,merged_cleansed_output.xlsx
unmatched,,,2026-04-20 05:41:24,أطعمة مجمدة,Atyab,Atyab Jumbo Beef Burger,اطياب بيف برجر جامبو ١.٥ كجم,وفر 64.80 جنيه الفئة أطعمة مجمدة,,484.75,419.95,13,EGP,,page_10.jpg,flyer_10010,"{'ymin': 430, 'xmin': 371, 'ymax': 583, 'xmax': 633}",0.96,421.7325,10010,,ساري,,key_merged_cleansed_output.xlsx,merged_cleansed_output.xlsx
unmatched,,,2026-04-20 05:41:24,أطعمة مجمدة,Sunbulah,Sunbulah Okra Extra,السنبلة بامية اكسترا ٤٠٠ جم,وفر 14.20 جنيه الفئة أطعمة مجمدة,,88.95,74.75,15,EGP,,page_10.jpg,flyer_10010,"{'ymin': 614, 'xmin': 670, 'ymax': 766, 'xmax': 938}",0.96,75.6075,10010,,ساري,,key_merged_cleansed_output.xlsx,merged_cleansed_output.xlsx
unmatched,,,2026-04-20 05:41:24,أطعمة مجمدة,Hot and Crispy,Hot and Crispy Sweet Potato,هوت اند كرسبي بطاطا حلوة ١ كجم,الفئة أطعمة مجمدة,,,114.45,0,EGP,,page_10.jpg,flyer_10010,"{'ymin': 614, 'xmin': 63, 'ymax': 766, 'xmax': 328}",0.93,,10010,,ساري,,key_merged_cleansed_output.xlsx,merged_cleansed_output.xlsx
unmatched,,,2026-04-20 05:41:24,أطعمة مجمدة,Mama Choice,Mama Choice Pommes Frites,ماما شويز بطاطس بوم فريت ٢.٥ كجم,وفر 7.20 جنيه الفئة أطعمة مجمدة,,184.95,177.75,3,EGP,,page_10.jpg,flyer_10010,"{'ymin': 614, 'xmin': 371, 'ymax': 766, 'xmax': 633}",0.95,179.4015,10010,,ساري,,key_merged_cleansed_output.xlsx,merged_cleansed_output.xlsx
unmatched,,,2026-04-20 05:41:24,أطعمة مجمدة,Bounty,Bounty Ice Cream,باونتي ايس كريم بار ٤ ق,وفر 145.05 جنيه الفئة أطعمة مجمدة,,440.0,294.95,32,EGP,,page_10.jpg,flyer_10010,"{'ymin': 795, 'xmin': 63, 'ymax': 948, 'xmax': 328}",0.94,299.2,10010,,ساري,,key_merged_cleansed_output.xlsx,merged_cleansed_output.xlsx
unmatched,,,2026-04-20 05:41:24,أطعمة مجمدة,Haagen-Dazs,Haagen-Dazs Ice Cream,هاجين داز ايس كريم ٤٦٠ مل انواع,وفر 92 جنيه الفئة أطعمة مجمدة,,461.95,369.95,19,EGP,,page_10.jpg,flyer_10010,"{'ymin': 795, 'xmin': 371, 'ymax': 948, 'xmax': 633}",0.95,374.1795,10010,,ساري,,key_merged_cleansed_output.xlsx,merged_cleansed_output.xlsx
unmatched,,,2026-04-20 05:41:24,أطعمة مجمدة,Mido,Mido Smoked Salmon,ميدو سالمون مدخن ٢٠٠ جم,وفر 70 جنيه الفئة أطعمة مجمدة,,479.95,409.95,14,EGP,,page_10.jpg,flyer_10010,"{'ymin': 795, 'xmin': 670, 'ymax': 948, 'xmax': 938}",0.95,412.757,10010,,ساري,,key_merged_cleansed_output.xlsx,merged_cleansed_output.xlsx
unmatched,,,2026-04-20 05:41:24,أطعمة مجمدة,Atyab,Atyab Chicken Nuggets,اطياب ناجتس ١ كجم,وفر 77 جنيه الفئة أطعمة مجمدة,,321.45,244.45,23,EGP,,page_10.jpg,flyer_10010,"{'ymin': 430, 'xmin': 670, 'ymax': 583, 'xmax': 938}",0.96,247.5165,10010,,ساري,,key_merged_cleansed_output.xlsx,merged_cleansed_output.xlsx
unmatched,,,2026-04-20 05:41:25,أطعمة -فراخ وطيور,Al Watania,Chicken Strips,ستربس الدجاج سادة - حار ١٠٠٠ جرام,الفئة أطعمة -فراخ وطيور,1000g,339.95,279.95,17,EGP,,page_11.jpg,flyer_10010,"{'ymin': 335, 'xmin': 347, 'ymax': 563, 'xmax': 632}",0.99,278.759,10010,,ساري,Al Watania Poultry,key_merged_cleansed_output.xlsx,merged_cleansed_output.xlsx
unmatched,,,2026-04-20 05:41:25,أطعمة -فراخ وطيور,Al Watania,Chicken Pane,بانية الدجاج سادة - حار ١٠٠٠ جرام,الفئة أطعمة -فراخ وطيور,1000g,264.95,199.95,24,EGP,,page_11.jpg,flyer_10010,"{'ymin': 335, 'xmin': 721, 'ymax': 563, 'xmax': 975}",0.99,198.7125,10010,,ساري,Al Watania Poultry,key_merged_cleansed_output.xlsx,merged_cleansed_output.xlsx
unmatched,,,2026-04-20 05:41:25,أطعمة -فراخ وطيور,Al Watania,Chicken Burger,برجر الدجاج (٦ قطع) (سادة - حار),الفئة أطعمة -فراخ وطيور,6 pieces,120.95,99.95,17,EGP,,page_11.jpg,flyer_10010,"{'ymin': 336, 'xmin': 41, 'ymax': 563, 'xmax': 285}",0.98,100.3885,10010,,ساري,Al Watania Poultry,key_merged_cleansed_output.xlsx,merged_cleansed_output.xlsx
unmatched,,,2026-04-20 05:41:25,أطعمة -لحوم مصنعة وأجبان,Al Watania,Chicken Luncheon,لانشون الدجاج سادة - زيتون ٢٥٠ جرام,الفئة أطعمة -لحوم مصنعة وأجبان,250g,84.95,73.25,13,EGP,,page_11.jpg,flyer_10010,"{'ymin': 629, 'xmin': 385, 'ymax': 849, 'xmax': 635}",0.98,73.057,10010,,ساري,Al Watania Poultry,key_merged_cleansed_output.xlsx,merged_cleansed_output.xlsx
unmatched,,,2026-04-20 05:41:25,أطعمة -فراخ وطيور,Al Watania,Chicken Cocktail,كوكتيل الدجاج ٤٠٠ جرام,الفئة أطعمة -فراخ وطيور,400g,139.95,109.95,21,EGP,,page_11.jpg,flyer_10010,"{'ymin': 629, 'xmin': 725, 'ymax': 855, 'xmax': 978}",0.99,110.5605,10010,,ساري,Al Watania Poultry,key_merged_cleansed_output.xlsx,merged_cleansed_output.xlsx
unmatched,,,2026-04-20 05:41:25,أطعمة -لحوم مصنعة وأجبان,Al Watania,Chicken Luncheon,لانشون الدجاج سادة - زيتون ٥٠٠ جرام,الفئة أطعمة -لحوم مصنعة وأجبان,500g,148.45,129.45,12,EGP,,page_11.jpg,flyer_10010,"{'ymin': 629, 'xmin': 41, 'ymax': 849, 'xmax': 285}",0.98,129.1515,10010,,ساري,Al Watania Poultry,key_merged_cleansed_output.xlsx,merged_cleansed_output.xlsx
unmatched,,,2026-04-20 05:41:27,أطعمة -فراخ وطيور,Shahd,Chicken Nuggets,ناجتس الدجاج,الفئة أطعمة -فراخ وطيور,1kg,299.95,247.75,17,EGP,,page_12.jpg,flyer_10010,"{'ymin': 782, 'xmin': 656, 'ymax': 949, 'xmax': 933}",0.99,248.9585,10010,,ساري,Shahd,key_merged_cleansed_output.xlsx,merged_cleansed_output.xlsx
unmatched,,,2026-04-20 05:41:27,أطعمة -فراخ وطيور,Shahd,Home Style Pane,بانيه بيتي,الفئة أطعمة -فراخ وطيور,800gm,299.95,262.75,12,EGP,,page_12.jpg,flyer_10010,"{'ymin': 778, 'xmin': 395, 'ymax': 949, 'xmax': 639}",0.99,263.956,10010,,ساري,Shahd,key_merged_cleansed_output.xlsx,merged_cleansed_output.xlsx
unmatched,,,2026-04-20 05:41:27,أطعمة -فراخ وطيور,Shahd,Chicken Strips,ستريبس الدجاج,الفئة أطعمة -فراخ وطيور,750gm,309.95,284.95,8,EGP,,page_12.jpg,flyer_10010,"{'ymin': 780, 'xmin': 58, 'ymax': 949, 'xmax': 372}",0.99,285.154,10010,,ساري,Shahd,key_merged_cleansed_output.xlsx,merged_cleansed_output.xlsx
unmatched,,,2026-04-20 05:41:27,أطعمة -فراخ وطيور,Shahd Specials,Everyday Souvlaki Shish,شيش الدجاج المجمد بالتتبيلة اليونانية,يا بلاش الفئة أطعمة -فراخ وطيور,500 gm,254.45,244.45,3,EGP,,page_12.jpg,flyer_10010,"{'ymin': 598, 'xmin': 403, 'ymax': 726, 'xmax': 956}",0.97,244.272,10010,,ساري,Shahd,key_merged_cleansed_output.xlsx,merged_cleansed_output.xlsx
unmatched,,,2026-04-20 05:41:27,أطعمة -فراخ وطيور,Shahd Specials,The Whole Mediterranean Chicken,دجاجة كاملة مجمدة بتتبيلة البحر المتوسط,دجاج متبل نصف مطهي مجمد جاهزة للتحضير للإبهار الفئة أطعمة -فراخ وطيور,1250 gm,409.95,374.95,8,EGP,,page_12.jpg,flyer_10010,"{'ymin': 431, 'xmin': 358, 'ymax': 533, 'xmax': 924}",0.98,373.0545,10010,,ساري,Shahd,key_merged_cleansed_output.xlsx,merged_cleansed_output.xlsx
unmatched,,,2026-04-20 05:41:29,أطعمة مجمدة,Koki Gold,Chicken Tenders Gold,تندر الدجاج ٤٠٠ جرام جولد,الفئة أطعمة مجمدة,400g,177.75,154.45,13,EGP,,page_14.jpg,flyer_10010,"{'ymin': 268, 'xmin': 31, 'ymax': 478, 'xmax': 238}",0.98,154.6425,10010,,ساري,Koki,key_merged_cleansed_output.xlsx,merged_cleansed_output.xlsx
unmatched,,,2026-04-20 05:41:29,أطعمة مجمدة,Koki Gold,Breaded Chicken Fillet Gold,فيليه الدجاج ٥ قطع جولد,الفئة أطعمة مجمدة,5 pieces,254.95,239.95,5,EGP,,page_14.jpg,flyer_10010,"{'ymin': 275, 'xmin': 280, 'ymax': 478, 'xmax': 487}",0.97,239.653,10010,,ساري,Koki,key_merged_cleansed_output.xlsx,merged_cleansed_output.xlsx
unmatched,,,2026-04-20 05:41:29,أطعمة مجمدة,Koki Gold,Breaded Shrimp Gold,جمبري متبل ٣٠٠ جرام جولد,الفئة أطعمة مجمدة,300g,479.95,374.75,21,EGP,,page_14.jpg,flyer_10010,"{'ymin': 275, 'xmin': 500, 'ymax': 478, 'xmax': 707}",0.98,374.361,10010,,ساري,Koki,key_merged_cleansed_output.xlsx,merged_cleansed_output.xlsx
unmatched,,,2026-04-20 05:41:29,أطعمة مجمدة,Koki,Chicken Nuggets 60 Pieces with Fries,تشيكن ناجتس ٦٠ قطعة مع بطاطس,بنفس السعر الفئة أطعمة مجمدة,60 pieces,354.95,309.95,12,EGP,,page_14.jpg,flyer_10010,"{'ymin': 496, 'xmin': 31, 'ymax': 738, 'xmax': 250}",0.98,308.8065,10010,,ساري,Koki,key_merged_cleansed_output.xlsx,merged_cleansed_output.xlsx
unmatched,,,2026-04-20 05:41:29,أطعمة مجمدة,Koki Gold,Beef Burger Gold,بيف برجر ٦ قطع جولد,الفئة أطعمة مجمدة,6 pieces,224.45,209.95,6,EGP,,page_14.jpg,flyer_10010,"{'ymin': 314, 'xmin': 736, 'ymax': 478, 'xmax': 943}",0.97,210.983,10010,,ساري,Koki,key_merged_cleansed_output.xlsx,merged_cleansed_output.xlsx
unmatched,,,2026-04-20 05:41:29,أطعمة مجمدة,Koki,Fried Chicken Meal 12 Pieces Normal or Spicy with Fries,وجبة دجاج مقلي ١٢ قطعة عادي أو حار مع بطاطس,الفئة أطعمة مجمدة,12 pieces,299.95,272.95,9,EGP,,page_14.jpg,flyer_10010,"{'ymin': 491, 'xmin': 736, 'ymax': 738, 'xmax': 955}",0.98,272.9545,10010,,ساري,Koki,key_merged_cleansed_output.xlsx,merged_cleansed_output.xlsx
unmatched,,,2026-04-20 05:41:29,أطعمة مجمدة,Koki,Beef Hot Dog 30 Pieces,بيف هوت دوج ٣٠ قطعة,الفئة أطعمة مجمدة,30 pieces,214.95,199.95,6,EGP,,page_14.jpg,flyer_10010,"{'ymin': 763, 'xmin': 31, 'ymax': 968, 'xmax': 265}",0.98,199.9035,10010,,ساري,Koki,key_merged_cleansed_output.xlsx,merged_cleansed_output.xlsx
unmatched,,,2026-04-20 05:41:29,أطعمة مجمدة,Koki,Beef Burger 20 Pieces,بيف برجر ٢٠ قطعة,الفئة أطعمة مجمدة,20 pieces,239.95,231.45,3,EGP,,page_14.jpg,flyer_10010,"{'ymin': 743, 'xmin': 310, 'ymax': 968, 'xmax': 485}",0.98,230.352,10010,,ساري,Koki,key_merged_cleansed_output.xlsx,merged_cleansed_output.xlsx
unmatched,,,2026-04-20 05:41:29,أطعمة مجمدة,Koki,Chicken Nuggets 20 Pieces,تشيكن ناجتس ٢٠ قطعة,الفئة أطعمة مجمدة,20 pieces,149.95,124.95,16,EGP,,page_14.jpg,flyer_10010,"{'ymin': 763, 'xmin': 518, 'ymax': 968, 'xmax': 707}",0.98,124.4585,10010,,ساري,Koki,key_merged_cleansed_output.xlsx,merged_cleansed_output.xlsx
unmatched,,,2026-04-20 05:41:29,أطعمة مجمدة,Koki,Chicken Strips 400g Normal or Spicy,تشيكن ستريبس ٤٠٠ جم عادي أو حار,الفئة أطعمة مجمدة,400g,164.95,144.45,12,EGP,,page_14.jpg,flyer_10010,"{'ymin': 784, 'xmin': 736, 'ymax': 968, 'xmax': 955}",0.98,145.156,10010,,ساري,Koki,key_merged_cleansed_output.xlsx,merged_cleansed_output.xlsx
unmatched,,,2026-04-20 05:41:29,أطعمة مجمدة,Koki,Chicken Strips 1kg Normal or Spicy,تشيكن ستريبس ١ كيلو عادي أو حار,سوبر توفير الفئة أطعمة مجمدة,1kg,364.95,299.95,17,EGP,,page_14.jpg,flyer_10010,"{'ymin': 491, 'xmin': 280, 'ymax': 738, 'xmax': 490}",0.98,299.259,10010,,ساري,Koki,key_merged_cleansed_output.xlsx,merged_cleansed_output.xlsx
unmatched,,,2026-04-20 05:41:30,أطعمة -مشروبات,Obour Land,Obour Land Milk,عبور لاند لبن (كامل - خالي الدسم) 1 لتر,وفر 5.20 جنيه الفئة أطعمة -مشروبات,,49.95,44.75,10,EGP,,page_15.jpg,flyer_10010,"{'ymin': 234, 'xmin': 63, 'ymax': 444, 'xmax': 328}",0.98,44.95500000000001,10010,,ساري,,key_merged_cleansed_output.xlsx,merged_cleansed_output.xlsx
unmatched,,,2026-04-20 05:41:30,أطعمة -مشروبات,Gro,Gro Plant Based Milk,جرو لبن نباتي (شوفان عادي / باريستا - لوز - جوزهند باريستا) 1 لتر,وفر 20 جنيه الفئة أطعمة -مشروبات,,149.95,129.95,13,EGP,,page_15.jpg,flyer_10010,"{'ymin': 234, 'xmin': 674, 'ymax': 444, 'xmax': 938}",0.96,130.4565,10010,,ساري,,key_merged_cleansed_output.xlsx,merged_cleansed_output.xlsx
unmatched,,,2026-04-20 05:41:30,أطعمة -مشروبات,Luna,Luna Iced Coffee,لونا قهوة مثلجة (اورجينال - موكا) 190 مل,وفر 6.50 جنيه الفئة أطعمة -مشروبات,,41.45,34.95,15,EGP,,page_15.jpg,flyer_10010,"{'ymin': 498, 'xmin': 63, 'ymax': 708, 'xmax': 328}",0.98,34.818,10010,,ساري,,key_merged_cleansed_output.xlsx,merged_cleansed_output.xlsx
unmatched,,,2026-04-20 05:41:30,أطعمة -مشروبات,Lamar,Lamar Milk,لمار لبن طبيعي (كامل - خالي - نص دسم) 1 لتر,وفر 4.50 جنيه الفئة أطعمة -مشروبات,,51.95,47.45,8,EGP,,page_15.jpg,flyer_10010,"{'ymin': 234, 'xmin': 371, 'ymax': 444, 'xmax': 635}",0.97,47.2745,10010,,ساري,,key_merged_cleansed_output.xlsx,merged_cleansed_output.xlsx
unmatched,,,2026-04-20 05:41:30,أطعمة -مشروبات,Sun Top,Sun Top Juice,سن توب عصير 250 مل انواع * 5 قطع,وفر 12 جنيه الفئة أطعمة -مشروبات,,78.75,66.75,15,EGP,,page_15.jpg,flyer_10010,"{'ymin': 498, 'xmin': 674, 'ymax': 708, 'xmax': 938}",0.98,66.9375,10010,,ساري,,key_merged_cleansed_output.xlsx,merged_cleansed_output.xlsx
unmatched,,,2026-04-20 05:41:30,أطعمة -مشروبات,Royal,Royal Parsley & Celery,رويال كرفس وبقدونس 20 ظرف,وفر 5 جنيه الفئة أطعمة -مشروبات,,34.95,29.95,14,EGP,,page_15.jpg,flyer_10010,"{'ymin': 754, 'xmin': 63, 'ymax': 964, 'xmax': 328}",0.95,30.057,10010,,ساري,,key_merged_cleansed_output.xlsx,merged_cleansed_output.xlsx
unmatched,,,2026-04-20 05:41:30,أطعمة -مشروبات,Royal,Royal Herbs Assorted,رويال اعشاب (ينسون - نعناع - كركديه) 50 فتلة,وفر 10 جنيه الفئة أطعمة -مشروبات,,59.95,49.95,16,EGP,,page_15.jpg,flyer_10010,"{'ymin': 754, 'xmin': 371, 'ymax': 964, 'xmax': 635}",0.96,49.7585,10010,,ساري,,key_merged_cleansed_output.xlsx,merged_cleansed_output.xlsx
unmatched,,,2026-04-20 05:41:30,أطعمة -مشروبات,Nestle,Nestle Sweetened Condensed Milk,نستله لبن مكثف محلى 370 جم,وفر 9.30 جنيه الفئة أطعمة -مشروبات,,105.25,95.95,8,EGP,,page_15.jpg,flyer_10010,"{'ymin': 754, 'xmin': 674, 'ymax': 964, 'xmax': 938}",0.98,95.7775,10010,,ساري,,key_merged_cleansed_output.xlsx,merged_cleansed_output.xlsx
unmatched,,,2026-04-20 05:41:30,أطعمة -مشروبات,Freez,Freez Juice Assorted,فريز عصير انواع 275 مل,وفر 10 جنيه الفئة أطعمة -مشروبات,,61.95,51.95,16,EGP,,page_15.jpg,flyer_10010,"{'ymin': 498, 'xmin': 371, 'ymax': 708, 'xmax': 635}",0.97,52.038,10010,,ساري,,key_merged_cleansed_output.xlsx,merged_cleansed_output.xlsx
unmatched,,,2026-04-20 05:41:31,أطعمة -مشروبات,Nescafe,Nescafe Classic 190g,نسكافية كلاسيك 190جم,وفر 35 جنيه الفئة أطعمة -مشروبات,,292.25,257.25,11,EGP,,page_16.jpg,flyer_10010,"{'ymin': 757, 'xmin': 677, 'ymax': 976, 'xmax': 943}",0.95,257.18,10010,,ساري,,key_merged_cleansed_output.xlsx,merged_cleansed_output.xlsx
unmatched,,,2026-04-20 05:41:31,أطعمة -مشروبات,Shaheen,Shaheen Oriental Plain Coffee (Light - Medium) 200g,شاهين بن شرقى سادة (فاتح - وسط) 200مل,وفر 22.50 جنيه الفئة أطعمة -مشروبات,,180.25,157.75,12,EGP,,page_16.jpg,flyer_10010,"{'ymin': 767, 'xmin': 371, 'ymax': 976, 'xmax': 637}",0.95,158.62,10010,,ساري,,key_merged_cleansed_output.xlsx,merged_cleansed_output.xlsx
unmatched,,,2026-04-20 05:41:31,أطعمة -مشروبات,Shaheen,Shaheen Coffee Mixed (Light - Medium) 200g,شاهين بن محوج (فاتح - وسط) 200جم,وفر 30 جنيه الفئة أطعمة -مشروبات,,227.75,197.75,13,EGP,,page_16.jpg,flyer_10010,"{'ymin': 767, 'xmin': 60, 'ymax': 976, 'xmax': 326}",0.95,198.1425,10010,,ساري,,key_merged_cleansed_output.xlsx,merged_cleansed_output.xlsx
unmatched,,,2026-04-20 05:41:31,أطعمة -مشروبات,Al-Kbous,Al-Kbous Tea 100 Bags,الكبوس شاى 100 فتلة,وفر 18 جنيه الفئة أطعمة -مشروبات,,142.95,124.95,12,EGP,,page_16.jpg,flyer_10010,"{'ymin': 511, 'xmin': 677, 'ymax': 710, 'xmax': 943}",0.95,124.3665,10010,,ساري,,key_merged_cleansed_output.xlsx,merged_cleansed_output.xlsx
unmatched,,,2026-04-20 05:41:31,أطعمة -مشروبات,Lipton,Lipton Yellow Label Tea 100g * 4 Pieces,ليبتون شاى ناعم 100جم * 4 قطع,وفر 21.85 جنيه الفئة أطعمة -مشروبات,,121.8,99.95,17,EGP,,page_16.jpg,flyer_10010,"{'ymin': 491, 'xmin': 371, 'ymax': 710, 'xmax': 637}",0.95,99.876,10010,,ساري,,key_merged_cleansed_output.xlsx,merged_cleansed_output.xlsx
unmatched,,,2026-04-20 05:41:31,أطعمة -مشروبات,Nescafe,Nescafe Gold 190g Refill Bag,نسكافية جولد 190 جرام كيس,وفر 33 جنيه الفئة أطعمة -مشروبات,,407.45,374.45,8,EGP,,page_16.jpg,flyer_10010,"{'ymin': 501, 'xmin': 60, 'ymax': 710, 'xmax': 326}",0.95,374.854,10010,,ساري,,key_merged_cleansed_output.xlsx,merged_cleansed_output.xlsx
unmatched,,,2026-04-20 05:41:31,أطعمة -مشروبات,Royal,Royal Green Tea 25 Bags (Plain - Mint),رويال شاى اخضر 25 فتلة (سادة - نعناع),وفر 5 جنيه الفئة أطعمة -مشروبات,,29.95,24.95,16,EGP,,page_16.jpg,flyer_10010,"{'ymin': 243, 'xmin': 677, 'ymax': 444, 'xmax': 943}",0.95,24.8585,10010,,ساري,,key_merged_cleansed_output.xlsx,merged_cleansed_output.xlsx
unmatched,,,2026-04-20 05:41:31,أطعمة -مشروبات,Rabea,Rabea Soft Tea 250g,ربيع شاى ناعم 250جم,وفر 4.80 جنيه الفئة أطعمة -مشروبات,,63.75,58.95,7,EGP,,page_16.jpg,flyer_10010,"{'ymin': 251, 'xmin': 371, 'ymax': 444, 'xmax': 637}",0.95,58.65000000000001,10010,,ساري,,key_merged_cleansed_output.xlsx,merged_cleansed_output.xlsx
unmatched,,,2026-04-20 05:41:31,أطعمة -مشروبات,Rabea,Rabea Tea (Original - Extra Strong) 25 Bags,ربيع شاى (اصلى - اكثر قوة) 25 ف,وفر 4 جنيه الفئة أطعمة -مشروبات,,32.75,28.75,12,EGP,,page_16.jpg,flyer_10010,"{'ymin': 256, 'xmin': 60, 'ymax': 444, 'xmax': 326}",0.95,28.82,10010,,ساري,,key_merged_cleansed_output.xlsx,merged_cleansed_output.xlsx
unmatched,,,2026-04-20 05:41:33,أطعمة -زيوت ودهون,Five Stars,Five Stars All Purpose Flour,خمس نجوم دقيق جميع الاغراض 1 كجم,وفر 7 جنيه الفئة أطعمة -زيوت ودهون,,41.95,34.95,16,EGP,,page_18.jpg,flyer_10010,"[88, 78, 332, 325]",0.95,34.8185,10010,,ساري,,key_merged_cleansed_output.xlsx,merged_cleansed_output.xlsx
unmatched,,,2026-04-20 05:41:33,أطعمة -زيوت ودهون,Mexicana,Mexicana Basmati Rice,مكسيكانا ارز بسمتي 1 كجم,وفر 15.80 جنيه الفئة أطعمة -زيوت ودهون,,90.75,74.95,17,EGP,,page_18.jpg,flyer_10010,,0.95,75.32249999999999,10010,,ساري,,key_merged_cleansed_output.xlsx,merged_cleansed_output.xlsx
unmatched,,,2026-04-20 05:41:33,أطعمة -زيوت ودهون,Venecia,Venecia Pasta Assorted,فينيسيا مكرونة 1 كجم انواع,وفر 5 جنيه الفئة أطعمة -زيوت ودهون,,49.95,44.95,10,EGP,,page_18.jpg,flyer_10010,"[350, 375, 595, 625]",0.95,44.95500000000001,10010,,ساري,,key_merged_cleansed_output.xlsx,merged_cleansed_output.xlsx
unmatched,,,2026-04-20 05:41:33,أطعمة -زيوت ودهون,Golden Breeze,Mac & Cheese Pasta Assorted,ماك & شيز مكرونة انواع 250 جم,وفر 10 جنيه الفئة أطعمة -زيوت ودهون,,79.95,69.95,12,EGP,,page_18.jpg,flyer_10010,"[350, 78, 595, 325]",0.95,69.5565,10010,,ساري,,key_merged_cleansed_output.xlsx,merged_cleansed_output.xlsx
unmatched,,,2026-04-20 05:41:33,أطعمة -زيوت ودهون,Bab El Sham,Bab El Sham Chunky Chicken Mix,باب الشام شانكي 500 جم عادي / حار,وفر 6.80 جنيه الفئة أطعمة -زيوت ودهون,,31.75,24.95,21,EGP,,page_18.jpg,flyer_10010,"[615, 78, 860, 325]",0.95,25.0825,10010,,ساري,,key_merged_cleansed_output.xlsx,merged_cleansed_output.xlsx
unmatched,,,2026-04-20 05:41:33,أطعمة -زيوت ودهون,El Sakr,El Sakr Rice,ارز الصقر 1 كجم,وفر 3 جنيه الفئة أطعمة -زيوت ودهون,,34.95,31.95,8,EGP,,page_18.jpg,flyer_10010,"[88, 675, 332, 925]",0.95,31.8045,10010,,ساري,,key_merged_cleansed_output.xlsx,merged_cleansed_output.xlsx
unmatched,,,2026-04-20 05:41:35,أطعمة -زيوت ودهون,Katfa,Katfa Sunflower Oil,"قطفة زيت دوار الشمس ٢,١ لتر",وفر 20.50 جنيه الفئة أطعمة -زيوت ودهون,,199.95,179.45,10,EGP,,page_19.jpg,flyer_10010,"{'ymin': 86, 'ymax': 324, 'xmin': 361, 'xmax': 637}",0.95,179.955,10010,,ساري,,key_merged_cleansed_output.xlsx,merged_cleansed_output.xlsx
unmatched,,,2026-04-20 05:41:35,أطعمة -زيوت ودهون,Helwa,Helwa Cooking Oil,حلوة زيت طهى ٧٠٠مل,وفر 9.30 جنيه الفئة أطعمة -زيوت ودهون,,64.25,54.95,14,EGP,,page_19.jpg,flyer_10010,"{'ymin': 86, 'ymax': 324, 'xmin': 673, 'xmax': 950}",0.95,55.255,10010,,ساري,,key_merged_cleansed_output.xlsx,merged_cleansed_output.xlsx
unmatched,,,2026-04-20 05:41:35,أطعمة -زيوت ودهون,Naturesta,Naturesta Mustard,ناتورستا مستردة ٢٦٦جم,وفر 12 جنيه الفئة أطعمة -زيوت ودهون,,114.95,102.95,10,EGP,,page_19.jpg,flyer_10010,"{'ymin': 332, 'ymax': 570, 'xmin': 48, 'xmax': 324}",0.95,103.455,10010,,ساري,,key_merged_cleansed_output.xlsx,merged_cleansed_output.xlsx
unmatched,,,2026-04-20 05:41:35,أطعمة -زيوت ودهون,Iliada,Iliada Olive Oil,اليادا زيت زيتون ٥٠٠جم + ٢٥٠مل,وفر 355 جنيه الفئة أطعمة -زيوت ودهون,,948.95,593.95,37,EGP,,page_19.jpg,flyer_10010,"{'ymin': 86, 'y': 324, 'xmin': 48, 'xmax': 324}",0.95,597.8385000000001,10010,,ساري,,key_merged_cleansed_output.xlsx,merged_cleansed_output.xlsx
unmatched,,,2026-04-20 05:41:35,أطعمة -زيوت ودهون,Rawaby,Rawaby Vegetable Ghee,"روابى سمن نباتى ١,٥كجم",وفر 16.05 جنيه الفئة أطعمة -زيوت ودهون,,181.0,164.95,8,EGP,,page_19.jpg,flyer_10010,"{'ymin': 332, 'ymax': 570, 'xmin': 673, 'xmax': 950}",0.95,164.71,10010,,ساري,,key_merged_cleansed_output.xlsx,merged_cleansed_output.xlsx
unmatched,,,2026-04-20 05:41:35,أطعمة -زيوت ودهون,Bragg,Bragg Organic Apple Cider Vinegar,براج خل تفاح عضوى ٤٧٣مل,وفر 124 جنيه الفئة أطعمة -زيوت ودهون,,473.95,349.95,26,EGP,,page_19.jpg,flyer_10010,"{'ymin': 578, 'ymax': 816, 'xmin': 48, 'xmax': 324}",0.95,350.723,10010,,ساري,,key_merged_cleansed_output.xlsx,merged_cleansed_output.xlsx
unmatched,,,2026-04-20 05:41:35,أطعمة -زيوت ودهون,Wadi Food,Wadi Food White Vinegar,وادى فود خل ابيض ١لتر,وفر 4 جنيه الفئة أطعمة -زيوت ودهون,,18.95,14.95,21,EGP,,page_19.jpg,flyer_10010,"{'ymin': 578, 'ymax': 816, 'xmin': 361, 'xmax': 637}",0.95,14.9705,10010,,ساري,,key_merged_cleansed_output.xlsx,merged_cleansed_output.xlsx
unmatched,,,2026-04-20 05:41:35,أطعمة -زيوت ودهون,Naturesta,Naturesta Hot Sauce,ناتورستا هوت صوص ١٨٠مل (انواع),وفر 12 جنيه الفئة أطعمة -زيوت ودهون,,119.95,107.95,10,EGP,,page_19.jpg,flyer_10010,"{'ymin': 578, 'ymax': 816, 'xmin': 673, 'xmax': 950}",0.95,107.955,10010,,ساري,,key_merged_cleansed_output.xlsx,merged_cleansed_output.xlsx
unmatched,,,2026-04-20 05:41:35,أطعمة -زيوت ودهون,Mammina,Mammina Tomato Paste,مامینا صلصة طماطم بيتى ٣٣٠جم,وفر 6.50 جنيه الفئة أطعمة -زيوت ودهون,,43.45,36.95,14,EGP,,page_19.jpg,flyer_10010,"{'ymin': 332, 'ymax': 570, 'xmin': 361, 'xmax': 637}",0.95,36.9325,10010,,ساري,,key_merged_cleansed_output.xlsx,merged_cleansed_output.xlsx
unmatched,,,2026-04-20 05:41:36,أطعمة -زيوت ودهون,Wadi Food,Wadi Food Mixed Pickles,وادى فود مخلل مشكل ٣.٧٨كجم,وفر 16.50 جنيه الفئة أطعمة -زيوت ودهون,3.78kg,101.45,84.95,16,EGP,,page_20.jpg,flyer_10010,"{'ymin': 612, 'xmin': 50, 'ymax': 803, 'xmax': 326}",0.94,85.218,10010,,ساري,Yabalash Offers,key_merged_cleansed_output.xlsx,merged_cleansed_output.xlsx
unmatched,,,2026-04-20 05:41:36,أطعمة -زيوت ودهون,American Garden,American Garden Sweet Corn,امريكان جاردن حبات ذرة ٣٤٠جم,وفر 23.50 جنيه الفئة أطعمة -زيوت ودهون,340g,88.45,64.95,26,EGP,,page_20.jpg,flyer_10010,"{'ymin': 612, 'xmin': 363, 'ymax': 803, 'xmax': 636}",0.96,64.5685,10010,,ساري,Yabalash Offers,key_merged_cleansed_output.xlsx,merged_cleansed_output.xlsx
unmatched,,,2026-04-20 05:41:36,أطعمة -زيوت ودهون,Dolphin,Dolphin Tuna Slices (Lemon-Smoked),دولفين تونة شرائح (الليمون-مدخن) ١٧٠جم,وفر 5.50 جنيه الفئة أطعمة -زيوت ودهون,170g,82.75,77.25,6,EGP,,page_20.jpg,flyer_10010,"{'ymin': 374, 'xmin': 50, 'ymax': 563, 'xmax': 326}",0.95,76.9575,10010,,ساري,Yabalash Offers,key_merged_cleansed_output.xlsx,merged_cleansed_output.xlsx
unmatched,,,2026-04-20 05:41:36,أطعمة -زيوت ودهون,Dolphin,Dolphin Tuna Pieces Diet,دولفين تونة قطع دايت سهلة ١٧٠جم,وفر 5 جنيه الفئة أطعمة -زيوت ودهون,170g,74.45,69.45,6,EGP,,page_20.jpg,flyer_10010,"{'ymin': 362, 'xmin': 388, 'ymax': 563, 'xmax': 611}",0.93,69.2385,10010,,ساري,Yabalash Offers,key_merged_cleansed_output.xlsx,merged_cleansed_output.xlsx
unmatched,,,2026-04-20 05:41:36,أطعمة -زيوت ودهون,Dolphin,Dolphin Tuna Pieces,دولفين تونة قطع ١٨٥جم ٣ق,وفر 22.50 جنيه الفئة أطعمة -زيوت ودهون,3 x 185g,227.45,204.95,9,EGP,,page_20.jpg,flyer_10010,"{'ymin': 362, 'xmin': 676, 'ymax': 563, 'xmax': 936}",0.96,204.705,10010,,ساري,Yabalash Offers,key_merged_cleansed_output.xlsx,merged_cleansed_output.xlsx
unmatched,,,2026-04-20 05:41:36,أطعمة -زيوت ودهون,John West,John West Tuna Steak,جون ويست تونة ١٧٠جم انواع,خصم 15% الفئة أطعمة -زيوت ودهون,170g,,59.95,0,EGP,,page_20.jpg,flyer_10010,"{'ymin': 128, 'xmin': 388, 'ymax': 313, 'xmax': 611}",0.92,,10010,,ساري,Yabalash Offers,key_merged_cleansed_output.xlsx,merged_cleansed_output.xlsx
unmatched,,,2026-04-20 05:41:36,أطعمة -زيوت ودهون,Harvest,Harvest Fava Beans Plain,هارفست فول سادة ٤٠٠جم,وفر 2.50 جنيه الفئة أطعمة -زيوت ودهون,400g,21.45,18.95,11,EGP,,page_20.jpg,flyer_10010,"{'ymin': 128, 'xmin': 676, 'ymax': 313, 'xmax': 936}",0.95,18.876,10010,,ساري,Yabalash Offers,key_merged_cleansed_output.xlsx,merged_cleansed_output.xlsx
unmatched,,,2026-04-20 05:41:37,أطعمة -زيوت ودهون,KitKat,KitKat Cereal,كيت كات سيريال ٣٣٠ جم,وفر 25 جنيه الفئة أطعمة -زيوت ودهون,,194.95,169.95,12,EGP,,page_21.jpg,flyer_10010,"{'ymin': 125, 'xmin': 687, 'ymax': 328, 'xmax': 947}",0.98,146.2125,10010,,ساري,,key_merged_cleansed_output.xlsx,merged_cleansed_output.xlsx
unmatched,,,2026-04-20 05:41:37,أطعمة -زيوت ودهون,Temmy's,Temmy's Choco Pillow,تيميز شوكو بيلو ٤٥٠ جم,وفر 5.30 جنيه الفئة أطعمة -زيوت ودهون,,145.25,139.95,3,EGP,,page_21.jpg,flyer_10010,"{'ymin': 128, 'xmin': 376, 'ymax': 328, 'xmax': 633}",0.97,137.9875,10010,,ساري,,key_merged_cleansed_output.xlsx,merged_cleansed_output.xlsx
unmatched,,,2026-04-20 05:41:37,أطعمة -زيوت ودهون,Hero,Hero Delicia Peanut Butter Assorted,هيرو زبدة سوداني انواع ٣٠٠جم,وفر 20 جنيه الفئة أطعمة -زيوت ودهون,,119.95,99.95,16,EGP,,page_21.jpg,flyer_10010,"{'ymin': 410, 'xmin': 54, 'ymax': 593, 'xmax': 322}",0.96,95.96,10010,,ساري,,key_merged_cleansed_output.xlsx,merged_cleansed_output.xlsx
unmatched,,,2026-04-20 05:41:37,أطعمة -زيوت ودهون,Kellogg's,Kellogg's Frosties Cereal,كيلوجز فروستيز سيريال ٤٧٠جم,وفر 30 جنيه الفئة أطعمة -زيوت ودهون,,299.95,269.95,10,EGP,,page_21.jpg,flyer_10010,"{'ymin': 114, 'xmin': 54, 'ymax': 328, 'xmax': 322}",0.98,209.965,10010,,ساري,,key_merged_cleansed_output.xlsx,merged_cleansed_output.xlsx
unmatched,,,2026-04-20 05:41:37,أطعمة -زيوت ودهون,Nutella,Nutella Chocolate Cream,نوتيلا كريمة شيكولاتة ٣٥٠جم,وفر 26.20 جنيه الفئة أطعمة -زيوت ودهون,,239.95,213.75,10,EGP,,page_21.jpg,flyer_10010,"{'ymin': 398, 'xmin': 687, 'ymax': 593, 'xmax': 947}",0.98,177.563,10010,,ساري,,key_merged_cleansed_output.xlsx,merged_cleansed_output.xlsx
unmatched,,,2026-04-20 05:41:37,أطعمة -زيوت ودهون,Hero,Hero Jam Assorted,هيرو مربى توت ازرق - كريز اسود - توت احمر - توت برى ٣٥٠جم,وفر 10 جنيه الفئة أطعمة -زيوت ودهون,,103.95,93.95,9,EGP,,page_21.jpg,flyer_10010,"{'ymin': 675, 'xmin': 54, 'ymax': 858, 'xmax': 322}",0.95,93.555,10010,,ساري,,key_merged_cleansed_output.xlsx,merged_cleansed_output.xlsx
unmatched,,,2026-04-20 05:41:37,أطعمة -زيوت ودهون,Hero,Hero Honey Squeeze Assorted,هيرو عسل انواع سكويز ٤٥٠جم,وفر 25 جنيه الفئة أطعمة -زيوت ودهون,,154.95,129.95,16,EGP,,page_21.jpg,flyer_10010,"{'ymin': 660, 'xmin': 376, 'ymax': 858, 'xmax': 633}",0.97,116.2125,10010,,ساري,,key_merged_cleansed_output.xlsx,merged_cleansed_output.xlsx
unmatched,,,2026-04-20 05:41:37,أطعمة -زيوت ودهون,Al Shifa,Al Shifa Clover Honey,الشفاء عسل زهرة البرسيم ٧٥٠جم,وفر 65 جنيه الفئة أطعمة -زيوت ودهون,,264.95,199.95,24,EGP,,page_21.jpg,flyer_10010,"{'ymin': 648, 'xmin': 687, 'ymax': 858, 'xmax': 947}",0.98,92.7325,10010,,ساري,,key_merged_cleansed_output.xlsx,merged_cleansed_output.xlsx
unmatched,,,2026-04-20 05:41:37,أطعمة -زيوت ودهون,Dreem,Dreem Wonder Chocolate Spread,دريم وندر شيكولاتة سبريد ٦٠٠جم,وفر 15 جنيه الفئة أطعمة -زيوت ودهون,,229.95,214.95,6,EGP,,page_21.jpg,flyer_10010,"{'ymin': 386, 'xmin': 376, 'ymax': 593, 'xmax': 633}",0.97,195.4575,10010,,ساري,,key_merged_cleansed_output.xlsx,merged_cleansed_output.xlsx
unmatched,,,2026-04-20 05:41:38,أطعمة -زيوت ودهون,El Rashidi El Mizan,El Rashidi El Mizan Tahina,الرشيدى طحينة ٤٥٠جم,وفر 15 جنيه الفئة أطعمة -زيوت ودهون,,122.75,107.75,12,EGP,,page_22.jpg,flyer_10010,"{'ymin': 94, 'xmin': 50, 'ymax': 248, 'xmax': 322}",0.98,108.02,10010,,ساري,,key_merged_cleansed_output.xlsx,merged_cleansed_output.xlsx
unmatched,,,2026-04-20 05:41:38,أطعمة -زيوت ودهون,El Rashidi El Mizan,El Rashidi El Mizan Halawa,الرشيدى الميزان حلاوة ٩٠٠جم,وفر 15 جنيه الفئة أطعمة -زيوت ودهون,,164.95,149.95,9,EGP,,page_22.jpg,flyer_10010,"{'ymin': 94, 'xmin': 360, 'ymax': 248, 'xmax': 638}",0.97,150.1045,10010,,ساري,,key_merged_cleansed_output.xlsx,merged_cleansed_output.xlsx
unmatched,,,2026-04-20 05:41:38,أطعمة -زيوت ودهون,El Bawadi,El Bawadi Tahina,البوادى طحينة ٢٣٥جم,وفر 9 جنيه الفئة أطعمة -زيوت ودهون,,63.75,54.75,14,EGP,,page_22.jpg,flyer_10010,"{'ymin': 94, 'xmin': 671, 'ymax': 248, 'xmax': 950}",0.99,54.825,10010,,ساري,,key_merged_cleansed_output.xlsx,merged_cleansed_output.xlsx
unmatched,,,2026-04-20 05:41:38,أطعمة -زيوت ودهون,Dreem,Dreem Jelly Strawberry,دريم جيلى فراولة ٧٠جم * ٣,وفر 2 جنيه الفئة أطعمة -زيوت ودهون,,35.95,33.95,5,EGP,,page_22.jpg,flyer_10010,"{'ymin': 270, 'xmin': 50, 'ymax': 425, 'xmax': 322}",0.98,33.793,10010,,ساري,,key_merged_cleansed_output.xlsx,merged_cleansed_output.xlsx
unmatched,,,2026-04-20 05:41:38,أطعمة -زيوت ودهون,Dreem,Dreem Whipped Topping Family Pack,دريم كريم شانتية عائلى ١٨٠جم,وفر 4.80 جنيه الفئة أطعمة -زيوت ودهون,,68.75,63.95,6,EGP,,page_22.jpg,flyer_10010,"{'ymin': 270, 'xmin': 360, 'ymax': 425, 'xmax': 638}",0.97,63.93749999999999,10010,,ساري,,key_merged_cleansed_output.xlsx,merged_cleansed_output.xlsx
unmatched,,,2026-04-20 05:41:38,أطعمة -زيوت ودهون,Dreem,Dreem Cake Mix Assorted,دريم كيك مكس - شيكولاتة - فانيليا - برتقال - فراولة - جوز هند ٤٠٠جم,وفر 7 جنيه الفئة أطعمة -زيوت ودهون,,56.75,49.75,12,EGP,,page_22.jpg,flyer_10010,"{'ymin': 270, 'xmin': 671, 'ymax': 425, 'xmax': 950}",0.96,49.94,10010,,ساري,,key_merged_cleansed_output.xlsx,merged_cleansed_output.xlsx
unmatched,,,2026-04-20 05:41:38,أطعمة -زيوت ودهون,Icon,Icon Puffs Assorted,ايكون بافس انواع ٥٠-٦٠جم * ٣ قطع,الفئة أطعمة -زيوت ودهون,,,34.45,0,EGP,,page_22.jpg,flyer_10010,"{'ymin': 450, 'xmin': 50, 'ymax': 615, 'xmax': 322}",0.95,,10010,,ساري,,key_merged_cleansed_output.xlsx,merged_cleansed_output.xlsx
unmatched,,,2026-04-20 05:41:38,أطعمة -زيوت ودهون,Hunter's Gourmet,Hunter's Gourmet Hand Cooked Potato Chips,هنترز شيبسى - فلفل حلو - ملح البحر - ملح وخل تفاح - ملح وفلفل اسود - فلفل حار ٤٠جم,وفر 7.20 جنيه الفئة أطعمة -زيوت ودهون,,31.95,24.75,22,EGP,,page_22.jpg,flyer_10010,"{'ymin': 450, 'xmin': 360, 'ymax': 615, 'xmax': 638}",0.94,24.6015,10010,,ساري,,key_merged_cleansed_output.xlsx,merged_cleansed_output.xlsx
unmatched,,,2026-04-20 05:41:38,أطعمة -زيوت ودهون,Mighty Crisp,Mighty Crisp Rice Cakes Assorted,مايتى كعك ارز انواع ٦٠جم,وفر 10.50 جنيه الفئة أطعمة -زيوت ودهون,,43.45,32.95,24,EGP,,page_22.jpg,flyer_10010,"{'ymin': 635, 'xmin': 50, 'ymax': 795, 'xmax': 322}",0.97,33.02200000000001,10010,,ساري,,key_merged_cleansed_output.xlsx,merged_cleansed_output.xlsx
unmatched,,,2026-04-20 05:41:38,أطعمة -زيوت ودهون,Big Chips,Big Chips Stick Assorted,بيج شيبس ستيك بالبصل - ساور كريم - جبنة حارة - ملح كلاسيك ٨٥جم,الفئة أطعمة -زيوت ودهون,,,19.0,0,EGP,,page_22.jpg,flyer_10010,"{'ymin': 635, 'xmin': 360, 'ymax': 795, 'xmax': 638}",0.95,,10010,,ساري,,key_merged_cleansed_output.xlsx,merged_cleansed_output.xlsx
unmatched,,,2026-04-20 05:41:38,أطعمة -زيوت ودهون,Tiger,Tiger Excellence Assorted,تايجر اكسلانس انواع ٩٠جم * ٢ قطعة,الفئة أطعمة -زيوت ودهون,,,38.0,0,EGP,,page_22.jpg,flyer_10010,"{'ymin': 635, 'xmin': 671, 'ymax': 795, 'xmax': 950}",0.96,,10010,,ساري,,key_merged_cleansed_output.xlsx,merged_cleansed_output.xlsx
unmatched,,,2026-04-20 05:41:39,أطعمة -عسل,PICO,Pico Tamarisk Honey 350g,بيكو عسل الأثل البري ٣٥٠ جرام,الفئة أطعمة -عسل,350g,356.45,319.95,10,EGP,,page_23.jpg,flyer_10010,"{'ymin': 141, 'xmin': 161, 'ymax': 294, 'xmax': 311}",0.98,320.805,10010,,ساري,PICO,key_merged_cleansed_output.xlsx,merged_cleansed_output.xlsx
unmatched,,,2026-04-20 05:41:39,أطعمة -عسل,PICO,Pico Egyptian Mountain Seder Honey 350g,بيكو عسل سدر جبلي مصري ٣٥٠ جرام,الفئة أطعمة -عسل,350g,284.95,264.95,7,EGP,,page_23.jpg,flyer_10010,"{'ymin': 141, 'xmin': 334, 'ymax': 294, 'xmax': 498}",0.98,265.0035,10010,,ساري,PICO,key_merged_cleansed_output.xlsx,merged_cleansed_output.xlsx
unmatched,,,2026-04-20 05:41:39,أطعمة -عسل,PICO,Pico Anise Flower Honey 350g,بيكو عسل زهرة الينسون ٣٥٠ جرام,الفئة أطعمة -عسل,350g,99.95,89.95,10,EGP,,page_23.jpg,flyer_10010,"{'ymin': 141, 'xmin': 529, 'ymax': 294, 'xmax': 661}",0.98,89.955,10010,,ساري,PICO,key_merged_cleansed_output.xlsx,merged_cleansed_output.xlsx
unmatched,,,2026-04-20 05:41:39,أطعمة -عسل,PICO,Pico Black Seed Flower Honey 350g,بيكو عسل زهرة حبة البركة ٣٥٠ جرام,الفئة أطعمة -عسل,350g,104.95,99.95,4,EGP,,page_23.jpg,flyer_10010,"{'ymin': 141, 'xmin': 692, 'ymax': 294, 'xmax': 854}",0.98,99.7025,10010,,ساري,PICO,key_merged_cleansed_output.xlsx,merged_cleansed_output.xlsx
unmatched,,,2026-04-20 05:41:39,أطعمة مجمدة,PICO,Pico Frozen Mangoes 500g,بيكو مانجو ٥٠٠ جرام مجمد,الفئة أطعمة مجمدة,500g,84.45,79.95,5,EGP,,page_23.jpg,flyer_10010,"{'ymin': 746, 'xmin': 613, 'ymax': 964, 'xmax': 753}",0.98,80.22749999999999,10010,,ساري,PICO,key_merged_cleansed_output.xlsx,merged_cleansed_output.xlsx
unmatched,,,2026-04-20 05:41:39,أطعمة -عسل,PICO,Pico Clover Flower Honey 760g,بيكو عسل زهور البرسيم ٧٦٠ جرام,الفئة أطعمة -عسل,760g,184.95,169.95,8,EGP,,page_23.jpg,flyer_10010,"{'ymin': 441, 'xmin': 489, 'ymax': 638, 'xmax': 681}",0.98,170.154,10010,,ساري,PICO,key_merged_cleansed_output.xlsx,merged_cleansed_output.xlsx
unmatched,,,2026-04-20 05:41:39,أطعمة مجمدة,PICO,Pico Frozen Corn Super Sweet 400g,بيكو ذرة حبوب ٤٠٠ جم,الفئة أطعمة مجمدة,400g,74.95,62.45,16,EGP,,page_23.jpg,flyer_10010,"{'ymin': 744, 'xmin': 101, 'ymax': 964, 'xmax': 249}",0.98,62.2085,10010,,ساري,PICO,key_merged_cleansed_output.xlsx,merged_cleansed_output.xlsx
unmatched,,,2026-04-20 05:41:39,أطعمة مجمدة,PICO,Pico Frozen Avocado 2 Pieces,بيكو افوكادو مجمد ٢ قطعة,الفئة أطعمة مجمدة,2 pieces,124.95,81.45,34,EGP,,page_23.jpg,flyer_10010,"{'ymin': 753, 'xmin': 294, 'ymax': 964, 'xmax': 426}",0.98,81.2175,10010,,ساري,PICO,key_merged_cleansed_output.xlsx,merged_cleansed_output.xlsx
unmatched,,,2026-04-20 05:41:39,أطعمة مجمدة,PICO,Pico Frozen Avocado Cubes 300g,بيكو افوكادو مكعبات مجمد 300 جم,الفئة أطعمة مجمدة,300g,169.95,159.95,5,EGP,,page_23.jpg,flyer_10010,"{'ymin': 749, 'xmin': 447, 'ymax': 974, 'xmax': 585}",0.98,159.753,10010,,ساري,PICO,key_merged_cleansed_output.xlsx,merged_cleansed_output.xlsx
unmatched,,,2026-04-20 05:41:39,أطعمة -عسل,PICO,Pico Citrus Flower Honey 760g,بيكو عسل زهور الموالح ٧٦٠ جرام,الفئة أطعمة -عسل,760g,224.95,199.95,11,EGP,,page_23.jpg,flyer_10010,"{'ymin': 340, 'xmin': 324, 'ymax': 528, 'xmax': 509}",0.98,200.2055,10010,,ساري,PICO,key_merged_cleansed_output.xlsx,merged_cleansed_output.xlsx
unmatched,,,2026-04-20 05:41:40,أطعمة -حلوى,Swiss Fru,Swiss Fru Dark Chocolate,سويس فرو شيكولاتة دارك ٨٠جم انواع,وفر 35 جنيه الفئة أطعمة -حلوى,,159.95,124.95,21,EGP,,page_24.jpg,flyer_10010,"{'ymin': 258, 'xmin': 48, 'ymax': 413, 'xmax': 324}",0.95,124.761,10010,,ساري,,key_merged_cleansed_output.xlsx,merged_cleansed_output.xlsx
unmatched,,,2026-04-20 05:41:40,أطعمة -حلوى,Galaxy,Galaxy Chocolate,جلاكسي شيكولاتة (حليب-بندق) ٨٠جم,وفر 15 جنيه الفئة أطعمة -حلوى,,83.95,68.95,17,EGP,,page_24.jpg,flyer_10010,"{'ymin': 258, 'xmin': 360, 'ymax': 413, 'xmax': 636}",0.95,68.83900000000001,10010,,ساري,,key_merged_cleansed_output.xlsx,merged_cleansed_output.xlsx
unmatched,,,2026-04-20 05:41:40,أطعمة -حلوى,Galaxy,Galaxy Milk Chocolate,جلاكسي شيكولاتة حليب ٥٦جم,وفر 10 جنيه الفئة أطعمة -حلوى,,59.95,49.95,16,EGP,,page_24.jpg,flyer_10010,"{'ymin': 258, 'xmin': 672, 'ymax': 413, 'xmax': 948}",0.95,49.7585,10010,,ساري,,key_merged_cleansed_output.xlsx,merged_cleansed_output.xlsx
unmatched,,,2026-04-20 05:41:40,أطعمة -حلوى,M&M's,M&M's,ام اند امز (شيكولاتة-سوداني) ٨٢جم,وفر 20 جنيه الفئة أطعمة -حلوى,,124.95,104.95,16,EGP,,page_24.jpg,flyer_10010,"{'ymin': 441, 'xmin': 48, 'ymax': 596, 'xmax': 324}",0.95,104.958,10010,,ساري,,key_merged_cleansed_output.xlsx,merged_cleansed_output.xlsx
unmatched,,,2026-04-20 05:41:40,أطعمة -حلوى,Kinder,Kinder Joy,كيندر جوي (اولاد-بنات) ٢٠جم,وفر 8.50 جنيه الفئة أطعمة -حلوى,,59.95,51.45,14,EGP,,page_24.jpg,flyer_10010,"{'ymin': 441, 'xmin': 360, 'ymax': 596, 'xmax': 636}",0.95,51.557,10010,,ساري,,key_merged_cleansed_output.xlsx,merged_cleansed_output.xlsx
unmatched,,,2026-04-20 05:41:40,أطعمة -حلوى,Abu Walad,Abu Walad Sandwich Biscuits,ابو ولد بسكويت سندوتش زبدة ٩٠جم * ٣قطعة,وفر 18.95 جنيه الفئة أطعمة -حلوى,,73.9,54.95,25,EGP,,page_24.jpg,flyer_10010,"{'ymin': 624, 'xmin': 672, 'ymax': 779, 'xmax': 948}",0.95,54.68600000000001,10010,,ساري,,key_merged_cleansed_output.xlsx,merged_cleansed_output.xlsx
unmatched,,,2026-04-20 05:41:40,أطعمة -حلوى,El Abd,El Abd Maamoul,العبد معمول علبه ١٢ق,وفر 25 جنيه الفئة أطعمة -حلوى,,104.95,79.95,23,EGP,,page_24.jpg,flyer_10010,"{'ymin': 624, 'xmin': 48, 'ymax': 779, 'xmax': 324}",0.95,79.762,10010,,ساري,,key_merged_cleansed_output.xlsx,merged_cleansed_output.xlsx
unmatched,,,2026-04-20 05:41:40,أطعمة -حلوى,El Abd,El Abd Biscuits,العبد بسكويت (شيكولاتة - فانيليا) ٢ق * ٣عبوة,وفر 5.25 جنيه الفئة أطعمة -حلوى,,33.0,27.75,15,EGP,,page_24.jpg,flyer_10010,"{'ymin': 624, 'xmin': 360, 'ymax': 779, 'xmax': 636}",0.95,27.72,10010,,ساري,,key_merged_cleansed_output.xlsx,merged_cleansed_output.xlsx
unmatched,,,2026-04-20 05:41:40,أطعمة -حلوى,Blazo,Blazo Gold Hazelnut Chocolate,بليزو ويفر شيكولاتة بندق ٧٠جم * ٤قطع,وفر 10.05 جنيه الفئة أطعمة -حلوى,,80.0,69.95,12,EGP,,page_24.jpg,flyer_10010,"{'ymin': 807, 'xmin': 48, 'ymax': 962, 'xmax': 324}",0.95,69.6,10010,,ساري,,key_merged_cleansed_output.xlsx,merged_cleansed_output.xlsx
unmatched,,,2026-04-20 05:41:40,أطعمة -حلوى,Time,Time Wafer,تايم ويفر ٣٥جم انواع * ٣قطع,وفر 14.30 جنيه الفئة أطعمة -حلوى,,44.25,29.95,32,EGP,,page_24.jpg,flyer_10010,"{'ymin': 807, 'xmin': 360, 'ymax': 962, 'xmax': 636}",0.95,30.09,10010,,ساري,,key_merged_cleansed_output.xlsx,merged_cleansed_output.xlsx
unmatched,,,2026-04-20 05:41:40,أطعمة -حلوى,Toren,Toren Wafer,تورين ويفر ٥٥جم انواع * ٣قطعة,وفر 10.95 جنيه الفئة أطعمة -حلوى,,50.9,39.95,21,EGP,,page_24.jpg,flyer_10010,"{'ymin': 807, 'xmin': 672, 'ymax': 962, 'xmax': 948}",0.95,39.702,10010,,ساري,,key_merged_cleansed_output.xlsx,merged_cleansed_output.xlsx
unmatched,,,2026-04-20 05:41:40,أطعمة -حلوى,Kinder,Kinder Bueno,كيندر بوينو شيكولاتة ٤٣جم,وفر 6 جنيه الفئة أطعمة -حلوى,,44.95,38.95,13,EGP,,page_24.jpg,flyer_10010,"{'ymin': 441, 'xmin': 672, 'ymax': 596, 'xmax': 948}",0.95,39.1065,10010,,ساري,,key_merged_cleansed_output.xlsx,merged_cleansed_output.xlsx
unmatched,,,2026-04-20 05:41:41,أطعمة -حلوى,McVitie's,McVitie's Digestive Biscuits (Choco Milk - Dark - Caramel - Oat Milk - Oat Dark),مكفيتيز بسكويت ( شوكو ميلك - دارك - كراميل - شوفان ميلك - شوفان دارك) ٢٨جم*١٢,وفر 25.05 جنيه الفئة أطعمة -حلوى,,120.0,94.95,20,EGP,,page_25.jpg,flyer_10010,"{'ymin': 400, 'xmin': 55, 'ymax': 461, 'xmax': 325}",0.95,94.8,10010,,ساري,,key_merged_cleansed_output.xlsx,merged_cleansed_output.xlsx
unmatched,,,2026-04-20 05:41:41,أطعمة -حلوى,McVitie's,McVitie's Digestive Biscuits (Regular - Light),مكفيتيز بسكويت دايجستف (عادى-لايت) ٤٠٠جم,وفر 7.05 جنيه الفئة أطعمة -حلوى,,70.0,62.95,10,EGP,,page_25.jpg,flyer_10010,"{'ymin': 400, 'xmin': 372, 'ymax': 461, 'xmax': 635}",0.95,63.0,10010,,ساري,,key_merged_cleansed_output.xlsx,merged_cleansed_output.xlsx
unmatched,,,2026-04-20 05:41:41,أطعمة -حلوى,Schär,Schär Digestive Choc Biscuits,د.شار بسكويت دايجستف شكولاتة ١٥٠جم,وفر 55 جنيه الفئة أطعمة -حلوى,,224.95,169.95,24,EGP,,page_25.jpg,flyer_10010,"{'ymin': 400, 'xmin': 675, 'ymax': 461, 'xmax': 945}",0.95,170.962,10010,,ساري,,key_merged_cleansed_output.xlsx,merged_cleansed_output.xlsx
unmatched,,,2026-04-20 05:41:41,أطعمة -حلوى,Tutti Frutti,Tutti Frutti Jelly Candy Assorted,توتى فروتى حلوى ١٨جم انواع *٣قطع,وفر 10.10 جنيه الفئة أطعمة -حلوى,,59.85,49.75,16,EGP,,page_25.jpg,flyer_10010,"{'ymin': 650, 'xmin': 65, 'ymax': 711, 'xmax': 332}",0.95,49.6755,10010,,ساري,,key_merged_cleansed_output.xlsx,merged_cleansed_output.xlsx
unmatched,,,2026-04-20 05:41:41,أطعمة -حلوى,Skittles,Skittles Candy Assorted,سكيتلز حلوى انواع ١٥٢جم,وفر 30 جنيه الفئة أطعمة -حلوى,,129.95,99.95,23,EGP,,page_25.jpg,flyer_10010,"{'ymin': 650, 'xmin': 375, 'ymax': 711, 'xmax': 640}",0.95,100.0615,10010,,ساري,,key_merged_cleansed_output.xlsx,merged_cleansed_output.xlsx
unmatched,,,2026-04-20 05:41:41,أطعمة -حلوى,Larch,Larch Melt Cake (Chocolate - Caramel),لارش ميلت كيك (شيكولاتة-كراميل),5+1 هدية الفئة أطعمة -حلوى,,,49.95,0,EGP,,page_25.jpg,flyer_10010,"{'ymin': 650, 'xmin': 685, 'ymax': 711, 'xmax': 945}",0.95,,10010,,ساري,,key_merged_cleansed_output.xlsx,merged_cleansed_output.xlsx
unmatched,,,2026-04-20 05:41:41,أطعمة -حلوى,Misu,Misu Sour Marshmallow Assorted,ميسيو ساور مارشميلو ١٣جم انواع,وفر 12.45 جنيه | 1+1 هدية الفئة أطعمة -حلوى,,24.9,12.45,50,EGP,,page_25.jpg,flyer_10010,"{'ymin': 900, 'xmin': 65, 'ymax': 961, 'xmax': 332}",0.95,12.45,10010,,ساري,,key_merged_cleansed_output.xlsx,merged_cleansed_output.xlsx
unmatched,,,2026-04-20 05:41:41,أطعمة -حلوى,Trolli,Trolli Jelly Mini (Burger - Hot Dog),ترولى جيلى مينى (برجر-هوت دوج) ١٢جم*٣قطع,وفر 12.40 جنيه الفئة أطعمة -حلوى,,37.35,24.95,33,EGP,,page_25.jpg,flyer_10010,"{'ymin': 900, 'xmin': 375, 'ymax': 961, 'xmax': 635}",0.95,25.0245,10010,,ساري,,key_merged_cleansed_output.xlsx,merged_cleansed_output.xlsx
unmatched,,,2026-04-20 05:41:43,العناية بالفم,Elvive,Elvive Shampoo 400ml Assorted,ايلفيف شامبو ٤٠٠ مل انواع,الفئة العناية بالفم,,,172.95,0,EGP,,page_26.jpg,flyer_10010,"{'ymin': 244, 'xmin': 368, 'ymax': 403, 'xmax': 633}",0.92,,10010,,ساري,,key_merged_cleansed_output.xlsx,merged_cleansed_output.xlsx
unmatched,,,2026-04-20 05:41:43,العناية بالفم,Herbal Essences,Herbal Essences Shampoo 400ml Assorted,هيربل شامبو ٤٠٠ مل انواع,وفر 44 جنيه الفئة العناية بالفم,,253.95,209.95,17,EGP,,page_26.jpg,flyer_10010,"{'ymin': 244, 'xmin': 672, 'ymax': 403, 'xmax': 943}",0.96,142.212,10010,,ساري,,key_merged_cleansed_output.xlsx,merged_cleansed_output.xlsx
unmatched,,,2026-04-20 05:41:43,العناية بالفم,Raw African,Raw African Hair Oil 100ml,رو افريكان زيت شعر ١٠٠ مل,وفر 57 جنيه الفئة العناية بالفم,,284.95,227.95,20,EGP,,page_26.jpg,flyer_10010,"{'ymin': 434, 'xmin': 65, 'ymax': 589, 'xmax': 329}",0.94,122.5285,10010,,ساري,,key_merged_cleansed_output.xlsx,merged_cleansed_output.xlsx
unmatched,,,2026-04-20 05:41:43,العناية بالفم,Sparkle,Sparkle Hair Cream 200ml or Conditioner 200ml,سباركل كريم شعر ٢٠٠ مل او بلسم ٢٠٠ مل,وفر 19 جنيه الفئة العناية بالفم,,71.95,52.95,26,EGP,,page_26.jpg,flyer_10010,"{'ymin': 434, 'xmin': 368, 'ymax': 589, 'xmax': 633}",0.93,58.27950000000001,10010,,ساري,,key_merged_cleansed_output.xlsx,merged_cleansed_output.xlsx
unmatched,,,2026-04-20 05:41:43,العناية بالفم,Sparkle,Sparkle Shampoo and Conditioner 350ml Assorted,سباركل شامبو وبلسم ٣٥٠ مل انواع,وفر 12 جنيه الفئة العناية بالفم,,71.95,59.95,16,EGP,,page_26.jpg,flyer_10010,"{'ymin': 434, 'xmin': 687, 'ymax': 589, 'xmax': 943}",0.95,63.316,10010,,ساري,,key_merged_cleansed_output.xlsx,merged_cleansed_output.xlsx
unmatched,,,2026-04-20 05:41:43,العناية بالفم,OGX,OGX Shampoo or Conditioner 385ml Assorted,او جي اكس شامبو او بلسم ٣٨٥ مل انواع,وفر 63 جنيه الفئة العناية بالفم,,332.5,269.5,18,EGP,,page_26.jpg,flyer_10010,"{'ymin': 244, 'xmin': 55, 'ymax': 403, 'xmax': 329}",0.95,123.025,10010,,ساري,,key_merged_cleansed_output.xlsx,merged_cleansed_output.xlsx
unmatched,,,2026-04-20 05:41:43,العناية بالفم,Nivea,Nivea Roll-on 50ml Assorted,نيفيا رول اون ٥٠ مل انواع,وفر 13 جنيه الفئة العناية بالفم,,89.95,76.95,14,EGP,,page_26.jpg,flyer_10010,"{'ymin': 619, 'xmin': 388, 'ymax': 768, 'xmax': 633}",0.96,78.2565,10010,,ساري,,key_merged_cleansed_output.xlsx,merged_cleansed_output.xlsx
unmatched,,,2026-04-20 05:41:43,العناية بالفم,Nivea,Nivea Spray 150ml Assorted,نيفيا اسبراي ١٥٠ مل انواع,وفر 50 جنيه الفئة العناية بالفم,,179.95,129.95,27,EGP,,page_26.jpg,flyer_10010,"{'ymin': 611, 'xmin': 691, 'ymax': 768, 'xmax': 943}",0.95,89.975,10010,,ساري,,key_merged_cleansed_output.xlsx,merged_cleansed_output.xlsx
unmatched,,,2026-04-20 05:41:43,العناية بالفم,Sensodyne,Sensodyne Whitening Toothpaste 100ml + 20ml,سنسوداين معجون مبيض ١٠٠ مل + ٢٠ مل,وفر 14 جنيه الفئة العناية بالفم,,133.95,119.95,10,EGP,,page_26.jpg,flyer_10010,"{'ymin': 804, 'xmin': 65, 'ymax': 953, 'xmax': 329}",0.92,115.197,10010,,ساري,,key_merged_cleansed_output.xlsx,merged_cleansed_output.xlsx
unmatched,,,2026-04-20 05:41:43,العناية بالفم,Sensodyne,Sensodyne Rapid Action Toothpaste 75ml,سنسوداين معجون اسنان اكشن ٧٥ مل,وفر 50 جنيه الفئة العناية بالفم,,119.95,69.95,41,EGP,,page_26.jpg,flyer_10010,"{'ymin': 804, 'xmin': 368, 'ymax': 953, 'xmax': 633}",0.94,59.975,10010,,ساري,,key_merged_cleansed_output.xlsx,merged_cleansed_output.xlsx
unmatched,,,2026-04-20 05:41:43,العناية بالفم,Raw African,Raw African Roll-on 60ml Assorted,رو افريكان رول اون ٦٠ مل انواع,وفر 35 جنيه الفئة العناية بالفم,,174.95,139.95,20,EGP,,page_26.jpg,flyer_10010,"{'ymin': 804, 'xmin': 696, 'ymax': 953, 'xmax': 943}",0.93,113.7175,10010,,ساري,,key_merged_cleansed_output.xlsx,merged_cleansed_output.xlsx
unmatched,,,2026-04-20 05:41:43,العناية بالفم,Reebok,Reebok Spray 150ml Assorted,ريبوك اسبراي ١٥٠ مل انواع,وفر 20 جنيه الفئة العناية بالفم,,197.95,177.95,10,EGP,,page_26.jpg,flyer_10010,"{'ymin': 619, 'xmin': 81, 'ymax': 768, 'xmax': 331}",0.94,158.36,10010,,ساري,,key_merged_cleansed_output.xlsx,merged_cleansed_output.xlsx
unmatched,,,2026-04-20 05:41:44,العناية بالفم,Mood,Mood Hand Wash 500ml Assorted,موود هاند ووش ٥٠٠مل انواع,وفر ١٠ جنيه الفئة العناية بالفم,,58.95,48.95,16,EGP,,page_27.jpg,flyer_10010,"{'ymin': 241, 'xmin': 58, 'ymax': 404, 'xmax': 331}",0.95,48.9285,10010,,ساري,,key_merged_cleansed_output.xlsx,merged_cleansed_output.xlsx
unmatched,,,2026-04-20 05:41:44,العناية بالفم,Dove,Dove Hand Wash 500ml Assorted,دوف هاند ووش ٥٠٠مل انواع,وفر ١٣ جنيه الفئة العناية بالفم,,85.95,72.95,15,EGP,,page_27.jpg,flyer_10010,"{'ymin': 241, 'xmin': 361, 'ymax': 404, 'xmax': 634}",0.95,73.0575,10010,,ساري,,key_merged_cleansed_output.xlsx,merged_cleansed_output.xlsx
unmatched,,,2026-04-20 05:41:44,العناية بالفم,Mood,Mood Shower Gel 750ml Assorted,موود شاور جل ٧٥٠مل انواع,وفر ١٤ جنيه الفئة العناية بالفم,,88.95,74.95,15,EGP,,page_27.jpg,flyer_10010,"{'ymin': 430, 'xmin': 58, 'ymax': 593, 'xmax': 331}",0.95,74.718,10010,,ساري,,key_merged_cleansed_output.xlsx,merged_cleansed_output.xlsx
unmatched,,,2026-04-20 05:41:44,العناية بالفم,Dove,Dove Shower Gel 500ml Assorted,دوف شاور جل ٥٠٠مل انواع,وفر ١٦ جنيه الفئة العناية بالفم,,107.5,91.5,14,EGP,,page_27.jpg,flyer_10010,"{'ymin': 430, 'xmin': 361, 'ymax': 593, 'xmax': 634}",0.95,91.375,10010,,ساري,,key_merged_cleansed_output.xlsx,merged_cleansed_output.xlsx
unmatched,,,2026-04-20 05:41:44,العناية بالفم,Diva,Diva Hand Wash 500ml 2pcs,ديفا هاند ووش ٥٠٠مل ٢ق,وفر ٩ جنيه الفئة العناية بالفم,,78.45,69.45,11,EGP,,page_27.jpg,flyer_10010,"{'ymin': 430, 'xmin': 665, 'ymax': 593, 'xmax': 938}",0.95,69.82050000000001,10010,,ساري,,key_merged_cleansed_output.xlsx,merged_cleansed_output.xlsx
unmatched,,,2026-04-20 05:41:44,العناية بالفم,Lux,Lux Hand Wash 500ml Assorted,لوكس هاند ووش ٥٠٠مل انواع,وفر ٤.٢٠ جنيه الفئة العناية بالفم,,81.95,77.75,5,EGP,,page_27.jpg,flyer_10010,"{'ymin': 241, 'xmin': 665, 'ymax': 404, 'xmax': 938}",0.95,77.85249999999999,10010,,ساري,,key_merged_cleansed_output.xlsx,merged_cleansed_output.xlsx
unmatched,,,2026-04-20 05:41:44,العناية بالفم,Diva,Diva Shower Gel 1L Assorted,ديفا شاور جل التر انواع,وفر ١٤ جنيه الفئة العناية بالفم,,102.95,88.95,13,EGP,,page_27.jpg,flyer_10010,"{'ymin': 606, 'xmin': 361, 'ymax': 769, 'xmax': 634}",0.95,88.537,10010,,ساري,,key_merged_cleansed_output.xlsx,merged_cleansed_output.xlsx
unmatched,,,2026-04-20 05:41:44,العناية بالفم,Reebok,Reebok Shower Gel 250ml Assorted,ريبوك شاور جل ٢٥٠مل انواع,الفئة العناية بالفم,,,159.95,0,EGP,,page_27.jpg,flyer_10010,"{'ymin': 606, 'xmin': 665, 'ymax': 769, 'xmax': 938}",0.95,,10010,,ساري,,key_merged_cleansed_output.xlsx,merged_cleansed_output.xlsx
unmatched,,,2026-04-20 05:41:44,العناية بالفم,Carefree,Carefree Sanitary Pads 48 or 56 pcs,كيرفرى فوط صحية ٤٨ او ٥٦ قطعة,وفر ٥١ جنيه الفئة العناية بالفم,,194.95,143.95,26,EGP,,page_27.jpg,flyer_10010,"{'ymin': 792, 'xmin': 58, 'ymax': 955, 'xmax': 331}",0.95,144.263,10010,,ساري,,key_merged_cleansed_output.xlsx,merged_cleansed_output.xlsx
unmatched,,,2026-04-20 05:41:44,العناية بالفم,Sofy,Sofy Sanitary Pads 16/30/14 pcs,سوفى فوط صحية ١٦فوط ٣٠ق او ١٤ فوط ٣ق,وفر ٣٨ جنيه الفئة العناية بالفم,,162.5,124.5,23,EGP,,page_27.jpg,flyer_10010,"{'ymin': 792, 'xmin': 361, 'ymax': 955, 'xmax': 634}",0.95,125.125,10010,,ساري,,key_merged_cleansed_output.xlsx,merged_cleansed_output.xlsx
unmatched,,,2026-04-20 05:41:44,العناية بالفم,BabyJoy,"BabyJoy Diapers Size 3, 4, 5 - 80pcs",بيبى جوى حفاضات مقاس (٣ او ٤) ٨٠ق,وفر ١٦٧ جنيه الفئة العناية بالفم,,576.95,409.95,28,EGP,,page_27.jpg,flyer_10010,"{'ymin': 792, 'xmin': 665, 'ymax': 955, 'xmax': 938}",0.95,409.6345,10010,,ساري,,key_merged_cleansed_output.xlsx,merged_cleansed_output.xlsx
unmatched,,,2026-04-20 05:41:44,العناية بالفم,Listerine,Listerine Mouthwash 250ml White/Total/Tartar,ليسترين غسول فم ٢٥٠مل وايت - توتال - تارتار,وفر ٢٣ جنيه الفئة العناية بالفم,,142.5,119.5,16,EGP,,page_27.jpg,flyer_10010,"{'ymin': 606, 'xmin': 58, 'ymax': 769, 'xmax': 331}",0.95,119.7,10010,,ساري,,key_merged_cleansed_output.xlsx,merged_cleansed_output.xlsx
unmatched,,,2026-04-20 05:41:45,العناية الشخصية,AXE,AXE Spray 150ml Assorted,أكس اسبراي ١٥٠ مل أنواع,HOT OFFER الفئة العناية الشخصية,150ml,169.95,139.95,17,EGP,,page_28.jpg,flyer_10010,"{'ymin': 641, 'xmin': 120, 'ymax': 778, 'xmax': 378}",0.95,139.359,10010,,ساري,Unilever,key_merged_cleansed_output.xlsx,merged_cleansed_output.xlsx
unmatched,,,2026-04-20 05:41:45,العناية الشخصية,LUX,LUX Shower Gel 500ml Assorted,لوكس شاور جل ٥٠٠ مل أنواع,HOT OFFER الفئة العناية الشخصية,500ml,84.95,76.5,9,EGP,,page_28.jpg,flyer_10010,"{'ymin': 631, 'xmin': 414, 'ymax': 778, 'xmax': 618}",0.95,76.455,10010,,ساري,Unilever,key_merged_cleansed_output.xlsx,merged_cleansed_output.xlsx
unmatched,,,2026-04-20 05:41:45,العناية الشخصية,Dove,Dove Soap 90g Assorted,دوف صابون ٩٠ جرام أنواع,الفئة العناية الشخصية,90g,38.5,33.5,12,EGP,,page_28.jpg,flyer_10010,"{'ymin': 805, 'xmin': 254, 'ymax': 951, 'xmax': 477}",0.95,33.495,10010,,ساري,Unilever,key_merged_cleansed_output.xlsx,merged_cleansed_output.xlsx
unmatched,,,2026-04-20 05:41:45,العناية الشخصية,Camay,Camay Shower Gel 1L Assorted,كامي شاور جل ١ لتر أنواع,الفئة العناية الشخصية,1L,105.95,95.95,9,EGP,,page_28.jpg,flyer_10010,"{'ymin': 805, 'xmin': 533, 'ymax': 951, 'xmax': 761}",0.95,96.4145,10010,,ساري,Unilever,key_merged_cleansed_output.xlsx,merged_cleansed_output.xlsx
unmatched,,,2026-04-20 05:41:45,العناية الشخصية,Signal,Signal Toothpaste 120ml + Toothbrush,سيجنال معجون مكافح ١٢٠ مل + فرشاة,فرشاة أسنان هدية الفئة العناية الشخصية,120ml + Brush,52.95,48.95,7,EGP,,page_28.jpg,flyer_10010,"{'ymin': 636, 'xmin': 681, 'ymax': 778, 'xmax': 941}",0.95,48.71400000000001,10010,,ساري,Unilever,key_merged_cleansed_output.xlsx,merged_cleansed_output.xlsx
unmatched,,,2026-04-20 05:41:46,العناية الشخصية,Palette,Palette ICC / PNC Hair Color,باليت ICC باليت PNC,الفئة العناية الشخصية,,,109.95,0,EGP,,page_29.jpg,flyer_10010,"{'ymin': 746, 'xmin': 173, 'ymax': 926, 'xmax': 386}",0.95,,10010,,ساري,,key_merged_cleansed_output.xlsx,merged_cleansed_output.xlsx
unmatched,,,2026-04-20 05:41:46,العناية الشخصية,Gliss,Gliss Shampoo 400ml + Conditioner 360ml Offer,عرض شامبو ٤٠٠ مل + بلسم ٣٦٠ مل,الفئة العناية الشخصية,,,249.95,0,EGP,,page_29.jpg,flyer_10010,"{'ymin': 315, 'xmin': 41, 'ymax': 508, 'xmax': 441}",0.95,,10010,,ساري,,key_merged_cleansed_output.xlsx,merged_cleansed_output.xlsx
unmatched,,,2026-04-20 05:41:46,العناية الشخصية,Gliss,Gliss Mask 400ml,جليس ماسك ٤٠٠ مل,الفئة العناية الشخصية,,,298.5,0,EGP,,page_29.jpg,flyer_10010,"{'ymin': 315, 'xmin': 456, 'ymax': 508, 'xmax': 683}",0.95,,10010,,ساري,,key_merged_cleansed_output.xlsx,merged_cleansed_output.xlsx
unmatched,,,2026-04-20 05:41:46,العناية الشخصية,Gliss,Gliss Shampoo 400ml,جليس شامبو ٤٠٠ مل,الفئة العناية الشخصية,,,119.95,0,EGP,,page_29.jpg,flyer_10010,"{'ymin': 315, 'xmin': 726, 'ymax': 508, 'xmax': 953}",0.95,,10010,,ساري,,key_merged_cleansed_output.xlsx,merged_cleansed_output.xlsx
unmatched,,,2026-04-20 05:41:47,العناية الشخصية,DORCO,DORCO PACE 6 PRO System Razor + 2 Cartridges,دوركو سيستم بيس 6 برو + 2 غيار,6 Blades Because 5 Are Not Enough الفئة العناية الشخصية,Pack,357.75,277.75,22,EGP,,page_30.jpg,flyer_10010,"{'ymin': 194, 'xmin': 25, 'ymax': 455, 'xmax': 212}",0.98,279.045,10010,,ساري,DORCO,key_merged_cleansed_output.xlsx,merged_cleansed_output.xlsx
unmatched,,,2026-04-20 05:41:47,العناية الشخصية,DORCO,DORCO EVE 6 System Razor + 2 Cartridges,دوركو سيستم ايف 6 + 2 غيار,Bendable Head with Dual 3 Blades for Every Contour الفئة العناية الشخصية,Pack,384.75,299.75,22,EGP,,page_30.jpg,flyer_10010,"{'ymin': 188, 'xmin': 518, 'ymax': 455, 'xmax': 695}",0.97,300.105,10010,,ساري,DORCO,key_merged_cleansed_output.xlsx,merged_cleansed_output.xlsx
unmatched,,,2026-04-20 05:41:47,العناية الشخصية,DORCO,DORCO EVE 4 Portable Razor 3+1 Free,ماكينة EVE 4 / كيس 3+1 حريمي,3+1 FREE الفئة العناية الشخصية,Pack,124.95,98.95,20,EGP,,page_30.jpg,flyer_10010,"{'ymin': 352, 'xmin': 744, 'ymax': 605, 'xmax': 912}",0.96,98.7105,10010,,ساري,DORCO,key_merged_cleansed_output.xlsx,merged_cleansed_output.xlsx
unmatched,,,2026-04-20 05:41:47,العناية الشخصية,Tinkle,Tinkle Eyebrow Razor Foldable,تينكل شفره تحديد الحواجب منطويه,الفئة العناية الشخصية,Pack,103.95,81.95,21,EGP,,page_30.jpg,flyer_10010,"{'ymin': 584, 'xmin': 418, 'ymax': 805, 'xmax': 675}",0.95,82.1205,10010,,ساري,DORCO,key_merged_cleansed_output.xlsx,merged_cleansed_output.xlsx
unmatched,,,2026-04-20 05:41:47,العناية الشخصية,DORCO,DORCO PACE 4 Disposable Razor 3+1 Free,ماكينة DORCO 4 كيس 3+1 رجالي,3+1 FREE RAZOR الفئة العناية الشخصية,Pack,113.95,88.95,21,EGP,,page_30.jpg,flyer_10010,"{'ymin': 354, 'xmin': 240, 'ymax': 592, 'xmax': 408}",0.96,88.881,10010,,ساري,DORCO,key_merged_cleansed_output.xlsx,merged_cleansed_output.xlsx
unmatched,,,2026-04-20 05:41:49,العناية الشخصية,Molped,Molped Long or Extra Long (8 or 14 pcs) (Special Offer 3x Pack),مولبد طويل أو طويل جداً (8 أو 14 ق) (عرض خاص 3x عبوة),عرض خاص الفئة العناية الشخصية,3 Packs,,124.95,0,EGP,,page_31.jpg,flyer_10010,"{'ymin': 830, 'xmin': 285, 'ymax': 965, 'xmax': 725}",0.95,,10010,,ساري,Molfix,key_merged_cleansed_output.xlsx,merged_cleansed_output.xlsx
unmatched,,,2026-04-20 05:41:49,البيبي (مستلزمات),Molfix,Molfix Premium Mega Pack Size 5 (66 pcs),مولفيكس بريميوم ميجا كبير عادي (66 ق) (64,يا بلاش الفئة البيبي (مستلزمات),Pack,,489.95,0,EGP,,page_31.jpg,flyer_10010,"{'ymin': 585, 'xmin': 150, 'ymax': 785, 'xmax': 400}",0.95,,10010,,ساري,Molfix,key_merged_cleansed_output.xlsx,merged_cleansed_output.xlsx
unmatched,,,2026-04-20 05:41:49,البيبي (مستلزمات),Molfix,Molfix Premium Mega Pack Size (3/4/6) (76 or 60 pcs),مولفيكس بريميوم ميجا مقاس (3 / 4 / 6) (76 أو 60 ق) 4) (74,يا بلاش الفئة البيبي (مستلزمات),Pack,,459.95,0,EGP,,page_31.jpg,flyer_10010,"{'ymin': 318, 'xmin': 45, 'ymax': 565, 'xmax': 445}",0.95,,10010,,ساري,Molfix,key_merged_cleansed_output.xlsx,merged_cleansed_output.xlsx
unmatched,,,2026-04-20 05:41:50,العناية الشخصية,Extra Hygiene,Extra Hygiene Protection Wipes 40s 2 Pack Offer,هاي جين ٤٠ وايبس عرض حمايه ٢ ق,الفئة العناية الشخصية,2 Pack,,77.95,0,EGP,,page_32.jpg,flyer_10010,"{'ymin': 649, 'xmin': 509, 'ymax': 879, 'xmax': 907}",0.97,,10010,,ساري,Extra Hygiene,key_merged_cleansed_output.xlsx,merged_cleansed_output.xlsx
unmatched,,,2026-04-20 05:41:50,العناية الشخصية,Extra Hygiene,Extra Hygiene Value Pack,هاي جين عبوة التوفير,BUY 3 GET 1 FREE الفئة العناية الشخصية,Value Pack,,206.95,0,EGP,,page_32.jpg,flyer_10010,"{'ymin': 649, 'xmin': 38, 'ymax': 879, 'xmax': 478}",0.96,,10010,,ساري,Extra Hygiene,key_merged_cleansed_output.xlsx,merged_cleansed_output.xlsx
unmatched,,,2026-04-20 05:41:50,العناية الشخصية,Extra Hygiene,Extra Hygiene Sensitive Wipes 70s 2 Pack,وايبس ٧٠*٢ ق للبشره الحساسه,الفئة العناية الشخصية,2 Pack,,124.95,0,EGP,,page_32.jpg,flyer_10010,"{'ymin': 386, 'xmin': 504, 'ymax': 582, 'xmax': 893}",0.97,,10010,,ساري,Extra Hygiene,key_merged_cleansed_output.xlsx,merged_cleansed_output.xlsx
unmatched,,,2026-04-20 05:41:50,العناية الشخصية,WaterWipes,WaterWipes 60s 3 Pack,واتر وايبس ٦٠*٣ ق,الفئة العناية الشخصية,3 Pack,,139.95,0,EGP,,page_32.jpg,flyer_10010,"{'ymin': 386, 'xmin': 14, 'ymax': 578, 'xmax': 416}",0.98,,10010,,ساري,Extra Hygiene,key_merged_cleansed_output.xlsx,merged_cleansed_output.xlsx
unmatched,,,2026-04-20 05:41:50,العناية الشخصية,Extra Hygiene,Extra Hygiene Wet Wipes 80s 3 Pack Offer,هاي جين ٨٠ وايبس عرض أنواع ٣ ق,بنهتم باللي يهمك صحة عيلتك ونظافة بيتك الفئة العناية الشخصية,3 Pack,,217.75,0,EGP,,page_32.jpg,flyer_10010,"{'ymin': 163, 'xmin': 118, 'ymax': 356, 'xmax': 848}",0.95,,10010,,ساري,Extra Hygiene,key_merged_cleansed_output.xlsx,merged_cleansed_output.xlsx
unmatched,,,2026-04-20 05:41:51,مستلزمات منزلية,Zeina,Zeina Trio / Compressed Toilet Roll,تواليت تريو / مضغوط 6 بكره,5+1 FREE الفئة مستلزمات منزلية,6 rolls,,69.95,0,EGP,,page_33.jpg,flyer_10010,"{'ymin': 358, 'xmin': 44, 'ymax': 632, 'xmax': 518}",0.97,,10010,,ساري,Zeina,key_merged_cleansed_output.xlsx,merged_cleansed_output.xlsx
unmatched,,,2026-04-20 05:41:51,مستلزمات منزلية,Zeina,Zeina Classic Facial Tissue,زينه سحب كلاسيك 400 *6,Classic الفئة مستلزمات منزلية,6 * 400 tissues,,152.95,0,EGP,,page_33.jpg,flyer_10010,"{'ymin': 194, 'xmin': 481, 'ymax': 408, 'xmax': 941}",0.98,,10010,,ساري,Zeina,key_merged_cleansed_output.xlsx,merged_cleansed_output.xlsx
unmatched,,,2026-04-20 05:41:51,مستلزمات منزلية,Zeina,Zeina Value Kitchen Roll,مطبخ فاليو 6 بكره,5+1 FREE الفئة مستلزمات منزلية,6 rolls,,76.45,0,EGP,,page_33.jpg,flyer_10010,"{'ymin': 711, 'xmin': 355, 'ymax': 932, 'xmax': 716}",0.98,,10010,,ساري,Zeina,key_merged_cleansed_output.xlsx,merged_cleansed_output.xlsx
unmatched,,,2026-04-20 05:41:51,مستلزمات منزلية,Zeina,Zeina Pro XL Multi-Purpose Roll,متعدد الاستخدام XL,XL الفئة مستلزمات منزلية,1 roll,,95.95,0,EGP,,page_33.jpg,flyer_10010,"{'ymin': 411, 'xmin': 541, 'ymax': 632, 'xmax': 959}",0.96,,10010,,ساري,Zeina,key_merged_cleansed_output.xlsx,merged_cleansed_output.xlsx
unmatched,,,2026-04-20 05:41:52,مستلزمات منزلية,Papia,Papia Toilet Paper 10+2 Free,بابيا ورق تواليت ١٠ + ٢ مجاناً,10+2 roll free الفئة مستلزمات منزلية,12 rolls,,195.75,0,EGP,,page_34.jpg,flyer_10010,"{'ymin': 725, 'xmin': 530, 'ymax': 945, 'xmax': 950}",0.95,,10010,,ساري,HAYAT,key_merged_cleansed_output.xlsx,merged_cleansed_output.xlsx
unmatched,,,2026-04-20 05:41:52,مستلزمات منزلية,Papia,Papia Toilet Paper 5+1 Free,بابيا ورق تواليت ٥ + ١ مجاناً,5+1 roll free الفئة مستلزمات منزلية,6 rolls,,99.95,0,EGP,,page_34.jpg,flyer_10010,"{'ymin': 728, 'xmin': 22, 'ymax': 945, 'xmax': 480}",0.95,,10010,,ساري,HAYAT,key_merged_cleansed_output.xlsx,merged_cleansed_output.xlsx
unmatched,,,2026-04-20 05:41:52,مستلزمات منزلية,Familia,Familia Plus XL Kitchen Roll,فاميليا رول مطبخ جامبو كبير جداً,Giant Roll XL الفئة مستلزمات منزلية,roll,,112.95,0,EGP,,page_34.jpg,flyer_10010,"{'ymin': 521, 'xmin': 742, 'ymax': 681, 'xmax': 950}",0.95,,10010,,ساري,HAYAT,key_merged_cleansed_output.xlsx,merged_cleansed_output.xlsx
unmatched,,,2026-04-20 05:41:52,مستلزمات منزلية,Papia,Papia Oil Absorbent Kitchen Towels 5+1 Free,بابيا فوط مطبخ لامتصاص الزيت ٥ + ١ مجاناً,5+1 roll free الفئة مستلزمات منزلية,6 rolls,,159.95,0,EGP,,page_34.jpg,flyer_10010,"{'ymin': 458, 'xmin': 335, 'ymax': 668, 'xmax': 715}",0.95,,10010,,ساري,HAYAT,key_merged_cleansed_output.xlsx,merged_cleansed_output.xlsx
unmatched,,,2026-04-20 05:41:52,مستلزمات منزلية,Papia,Papia Premium Facial Tissues with Lotion 500x6,بابيا بريميوم مناديل وجه باللوشن ٥٠٠ م × ٦,Special Offer الفئة مستلزمات منزلية,6 packs,,189.95,0,EGP,,page_34.jpg,flyer_10010,"{'ymin': 468, 'xmin': 22, 'ymax': 668, 'xmax': 315}",0.95,,10010,,ساري,HAYAT,key_merged_cleansed_output.xlsx,merged_cleansed_output.xlsx
unmatched,,,2026-04-20 05:41:54,غسيل (مسحوق ),Persil,Persil Gel,برسيل جل ٣ ك (يونيفرسال - لافندر - روز),الفئة غسيل (مسحوق ),,,227.95,0,EGP,,page_36.jpg,flyer_10010,"{'ymin': 636, 'xmin': 665, 'ymax': 881, 'xmax': 957}",0.97,,10010,,ساري,,key_merged_cleansed_output.xlsx,merged_cleansed_output.xlsx
unmatched,,,2026-04-20 05:41:54,غسيل (مسحوق ),Persil,Persil Powder,برسيل بودر ٥ ك,الفئة غسيل (مسحوق ),,,283.95,0,EGP,,page_36.jpg,flyer_10010,"{'ymin': 636, 'xmin': 353, 'ymax': 881, 'xmax': 645}",0.98,,10010,,ساري,,key_merged_cleansed_output.xlsx,merged_cleansed_output.xlsx
unmatched,,,2026-04-20 05:41:54,غسيل (مسحوق ),Perwoll,Perwoll Gel,"برفول جل ٢,٥ كجم (ألوان - غوامق - رياضي)",جديد الفئة غسيل (مسحوق ),,,139.95,0,EGP,,page_36.jpg,flyer_10010,"{'ymin': 371, 'xmin': 509, 'ymax': 616, 'xmax': 801}",0.97,,10010,,ساري,,key_merged_cleansed_output.xlsx,merged_cleansed_output.xlsx
unmatched,,,2026-04-20 05:41:54,غسيل (مسحوق ),Persil,Persil Gel Black,"برسيل جل بلاك ٢,٥ كجم",الفئة غسيل (مسحوق ),,,169.95,0,EGP,,page_36.jpg,flyer_10010,"{'ymin': 371, 'xmin': 199, 'ymax': 616, 'xmax': 490}",0.98,,10010,,ساري,,key_merged_cleansed_output.xlsx,merged_cleansed_output.xlsx
unmatched,,,2026-04-20 05:41:55,أدوات تنظيف,Feba,Feba Liquid Soap 3kg,فيبا صابون سائل 3كجم 1ق روائح (ليمون-تفاح-لايم),روائح (ليمون-تفاح-لايم) الفئة أدوات تنظيف,3kg,,83.75,0,EGP,,page_37.jpg,flyer_10010,"{'ymin': 429, 'xmin': 525, 'ymax': 665, 'xmax': 969}",0.98,,10010,,ساري,ADCO,key_merged_cleansed_output.xlsx,merged_cleansed_output.xlsx
unmatched,,,2026-04-20 05:41:55,غسيل (مستلزمات),Velveta,Velveta Gel Concentrated Automatic 3L,فلفيتا جل مركز اوتوماتيك 3لتر 1ق انواع,1ق انواع الفئة غسيل (مستلزمات),3L,,174.45,0,EGP,,page_37.jpg,flyer_10010,"{'ymin': 429, 'xmin': 39, 'ymax': 665, 'xmax': 445}",0.97,,10010,,ساري,ADCO,key_merged_cleansed_output.xlsx,merged_cleansed_output.xlsx
unmatched,,,2026-04-20 05:41:55,أدوات تنظيف,Maxil,Maxil Floor Cleaner 1.8L,ماكسيل منظف ارضيات 1.8لتر 1ق انواع,1ق انواع الفئة أدوات تنظيف,1.8L,,69.95,0,EGP,,page_37.jpg,flyer_10010,"{'ymin': 708, 'xmin': 18, 'ymax': 965, 'xmax': 318}",0.94,,10010,,ساري,ADCO,key_merged_cleansed_output.xlsx,merged_cleansed_output.xlsx
unmatched,,,2026-04-20 05:41:55,أدوات تنظيف,Glassy,Glassy Glass Cleaner 600ml Spray + Refill,جلاسي ملمع زجاج 600مل رشاش+اقتصادي,رشاش+اقتصادي الفئة أدوات تنظيف,600ml,,44.45,0,EGP,,page_37.jpg,flyer_10010,"{'ymin': 708, 'xmin': 364, 'ymax': 965, 'xmax': 665}",0.95,,10010,,ساري,ADCO,key_merged_cleansed_output.xlsx,merged_cleansed_output.xlsx
unmatched,,,2026-04-20 05:41:55,غسيل (مستلزمات),Velveta,Velveta Fabric Softener & Freshener Concentrated 1L,فلفيتا منعم ومعطر مركز 1لتر 1ق روائح,1ق روائح الفئة غسيل (مستلزمات),1L,,119.95,0,EGP,,page_37.jpg,flyer_10010,"{'ymin': 708, 'xmin': 684, 'ymax': 965, 'xmax': 969}",0.96,,10010,,ساري,ADCO,key_merged_cleansed_output.xlsx,merged_cleansed_output.xlsx
unmatched,,,2026-04-20 05:41:56,العناية الشخصية,Dettol,Dettol Handwash 200ml 2+1,ديتول هاندووش ٢٠٠ مل ٢+١,الفئة العناية الشخصية,3pcs,386.25,249.25,35,EGP,,page_38.jpg,flyer_10010,"{'ymin': 680, 'xmin': 650, 'ymax': 916, 'xmax': 950}",0.98,251.0625,10010,,ساري,Dettol,key_merged_cleansed_output.xlsx,merged_cleansed_output.xlsx
unmatched,,,2026-04-20 05:41:56,أدوات تنظيف,Dettol,Dettol Floor Cleaner 1800ml 1pc,ديتول منظف ارضيات ١٨٠٠ مل ١ق,الفئة أدوات تنظيف,1pc,299.95,229.95,23,EGP,,page_38.jpg,flyer_10010,"{'ymin': 680, 'xmin': 358, 'ymax': 916, 'xmax': 633}",0.97,230.9615,10010,,ساري,Dettol,key_merged_cleansed_output.xlsx,merged_cleansed_output.xlsx
unmatched,,,2026-04-20 05:41:56,أدوات تنظيف,Dettol,Dettol Kitchen and Bathroom Cleaner 500ml 2pcs,ديتول منظف مطابخ وحمامات ٥٠٠ مل ٢ق,الفئة أدوات تنظيف,2pcs,797.9,467.9,41,EGP,,page_38.jpg,flyer_10010,"{'ymin': 680, 'xmin': 49, 'ymax': 916, 'xmax': 341}",0.97,470.761,10010,,ساري,Dettol,key_merged_cleansed_output.xlsx,merged_cleansed_output.xlsx
unmatched,,,2026-04-20 05:41:56,العناية الشخصية,Dettol,Dettol Antiseptic Liquid Original 475ml 2pcs,ديتول اصلى ٤٧٥ مل ٢ق,الفئة العناية الشخصية,2pcs,659.9,395.95,39,EGP,,page_38.jpg,flyer_10010,"{'ymin': 404, 'xmin': 566, 'ymax': 628, 'xmax': 916}",0.98,395.94,10010,,ساري,Dettol,key_merged_cleansed_output.xlsx,merged_cleansed_output.xlsx
unmatched,,,2026-04-20 05:41:56,العناية الشخصية,Dettol,Dettol Antiseptic Liquid Original 950ml 2pcs,ديتول اصلى ٩٥٠ مل ٢ق,الفئة العناية الشخصية,2pcs,1299.9,694.95,46,EGP,,page_38.jpg,flyer_10010,"{'ymin': 404, 'xmin': 130, 'ymax': 628, 'xmax': 518}",0.98,688.9470000000001,10010,,ساري,Dettol,key_merged_cleansed_output.xlsx,merged_cleansed_output.xlsx
unmatched,,,2026-04-20 05:41:57,أدوات تنظيف,Vanish,Vanish Liquid Color,فانيش سائل الوان ٩٠٠ مل ٢ق,الفئة أدوات تنظيف,,709.9,499.9,29,EGP,,page_39.jpg,flyer_10010,"{'ymin': 404, 'xmin': 134, 'ymax': 638, 'xmax': 404}",0.95,496.9299999999999,10010,,ساري,,key_merged_cleansed_output.xlsx,merged_cleansed_output.xlsx
unmatched,,,2026-04-20 05:41:57,أدوات تنظيف,Harpic,Harpic (Assorted),هاربيك (انواع) ٧٠٠ مل ٢ق,الفئة أدوات تنظيف,,419.9,279.95,33,EGP,,page_39.jpg,flyer_10010,"{'ymin': 404, 'xmin': 566, 'ymax': 624, 'xmax': 894}",0.95,281.333,10010,,ساري,,key_merged_cleansed_output.xlsx,merged_cleansed_output.xlsx
unmatched,,,2026-04-20 05:41:57,غسيل الأطباق,Finish,Finish Power All in 1 Lemon,فينيش اقراص ٣٠ قرص ليمون ٢ق,الفئة غسيل الأطباق,,527.95,497.95,5,EGP,,page_39.jpg,flyer_10010,"{'ymin': 681, 'xmin': 386, 'ymax': 928, 'xmax': 615}",0.95,496.273,10010,,ساري,,key_merged_cleansed_output.xlsx,merged_cleansed_output.xlsx
unmatched,,,2026-04-20 05:41:57,غسيل الأطباق,Finish,Finish Quantum Lemon,فينيش كوانتم ليمون ٥٠ قرص (٣٨+١٢),38 + 12 مجاناً الفئة غسيل الأطباق,,507.95,459.95,9,EGP,,page_39.jpg,flyer_10010,"{'ymin': 685, 'xmin': 741, 'ymax': 935, 'xmax': 918}",0.95,462.2345,10010,,ساري,,key_merged_cleansed_output.xlsx,merged_cleansed_output.xlsx
unmatched,,,2026-04-20 05:41:57,غسيل الأطباق,Finish,Finish Ultimate Lemon Ultra Sonic,فينيش أقراص ليمون ألترا سونيك ٧٥ قرص ١ق,60 + 15 مجاناً الفئة غسيل الأطباق,,674.95,644.95,4,EGP,,page_39.jpg,flyer_10010,"{'ymin': 681, 'xmin': 54, 'ymax': 935, 'xmax': 271}",0.95,647.952,10010,,ساري,,key_merged_cleansed_output.xlsx,merged_cleansed_output.xlsx
unmatched,,,2026-04-20 05:41:58,أدوات تنظيف,Segment,Segment Furniture and Wood Cleaner,سجمنت منظف للأثاث والأخشاب (400 مللي),مجموعة طاردة للأتربة = نظافة و لمعان لفترة أطول الفئة أدوات تنظيف,400 ml,99.95,79.95,20,EGP,,page_40.jpg,flyer_10010,"{'ymin': 798, 'xmin': 614, 'ymax': 973, 'xmax': 800}",0.94,79.96000000000001,10010,,ساري,Ludwik,key_merged_cleansed_output.xlsx,merged_cleansed_output.xlsx
unmatched,,,2026-04-20 05:41:58,أدوات تنظيف,Ludwik,Ludwik Wood and Parquet Cleaner,لودفيك للتنظيف وتلميع الأسطح الخشبية والباركيه (1 لتر),مجموعة طاردة للأتربة = نظافة و لمعان لفترة أطول الفئة أدوات تنظيف,1 liter,178.95,158.95,11,EGP,,page_40.jpg,flyer_10010,"{'ymin': 791, 'xmin': 138, 'ymax': 973, 'xmax': 428}",0.95,159.2655,10010,,ساري,Ludwik,key_merged_cleansed_output.xlsx,merged_cleansed_output.xlsx
unmatched,,,2026-04-20 05:41:58,أدوات تنظيف,Ludwik,Ludwik Dishwasher Rinse Aid,لودفيك مساعد شطف (زيت) غسالة أطباق (300 مل),عدد غسلات أكثر = توفير أكثر الفئة أدوات تنظيف,300 ml,146.75,126.75,13,EGP,,page_40.jpg,flyer_10010,"{'ymin': 553, 'xmin': 621, 'ymax': 741, 'xmax': 865}",0.96,126.205,10010,,ساري,Ludwik,key_merged_cleansed_output.xlsx,merged_cleansed_output.xlsx
unmatched,,,2026-04-20 05:41:58,أدوات تنظيف,Ludwik,Ludwik Dishwasher Powder,2ق لودفيك مسحوق غسالة أطباق (1 كجم),عدد غسلات أكثر = توفير أكثر الفئة أدوات تنظيف,2 x 1 kg,607.95,509.95,16,EGP,,page_40.jpg,flyer_10010,"{'ymin': 543, 'xmin': 140, 'ymax': 746, 'xmax': 455}",0.97,510.678,10010,,ساري,Ludwik,key_merged_cleansed_output.xlsx,merged_cleansed_output.xlsx
unmatched,,,2026-04-20 05:41:58,أدوات تنظيف,Ludwik,Ludwik Dishwasher Tablets All in One,لودفيك أقراص غسالة أطباق All in One (40 قرص) ليمون / نعناع,عبوة التوفير SAVING PACK الفئة أدوات تنظيف,40 tablets,393.45,328.95,16,EGP,,page_40.jpg,flyer_10010,"{'ymin': 215, 'xmin': 543, 'ymax': 468, 'xmax': 880}",0.98,330.498,10010,,ساري,Ludwik,key_merged_cleansed_output.xlsx,merged_cleansed_output.xlsx
unmatched,,,2026-04-20 05:41:59,مستلزمات منزلية,Frida,Frida Aqua Sensation Air Freshener,فريدا اكوا سينسيشن معطر جو,معطر جو الفئة مستلزمات منزلية,460 ml,77.95,62.95,19,EGP,,page_41.jpg,flyer_10010,"{'ymin': 426, 'xmin': 629, 'ymax': 653, 'xmax': 979}",0.95,63.13950000000001,10010,,ساري,Frida,key_merged_cleansed_output.xlsx,merged_cleansed_output.xlsx
unmatched,,,2026-04-20 05:41:59,العناية الشخصية,Frida,Frida Shower Gel,فريدا شاور جل سائل الاستحمام,سائل الاستحمام الفئة العناية الشخصية,1.2 L,189.95,164.95,13,EGP,,page_41.jpg,flyer_10010,"{'ymin': 426, 'xmin': 325, 'ymax': 675, 'xmax': 613}",0.95,165.2565,10010,,ساري,Frida,key_merged_cleansed_output.xlsx,merged_cleansed_output.xlsx
unmatched,,,2026-04-20 05:41:59,مستلزمات منزلية,Frida,Frida Home Surface Freshener,فريدا هوم معطر لجميع الاسطح,معطر لجميع الاسطح الفئة مستلزمات منزلية,480 ml,56.75,49.95,11,EGP,,page_41.jpg,flyer_10010,"{'ymin': 683, 'xmin': 118, 'ymax': 862, 'xmax': 436}",0.95,49.94,10010,,ساري,Frida,key_merged_cleansed_output.xlsx,merged_cleansed_output.xlsx
unmatched,,,2026-04-20 05:41:59,العناية الشخصية,Frida,Frida Hand Wash 1+1 Offer,فريدا هاند عرض 1+1 صابون سائل لليدين,صابون سائل لليدين الفئة العناية الشخصية,520 ml,109.75,95.75,12,EGP,,page_41.jpg,flyer_10010,"{'ymin': 430, 'xmin': 33, 'ymax': 675, 'xmax': 322}",0.95,95.4825,10010,,ساري,Frida,key_merged_cleansed_output.xlsx,merged_cleansed_output.xlsx
unmatched,,,2026-04-20 05:41:59,مستلزمات منزلية,Glade,Glade Multi Spray,جليد مالتي سبراي ٤٦٠ مل,الفئة مستلزمات منزلية,460 ml,62.95,44.95,28,EGP,,page_42.jpg,flyer_10010,"{'ymin': 531, 'xmin': 134, 'ymax': 725, 'xmax': 484}",0.95,44.6945,10010,,ساري,Glade,key_merged_cleansed_output.xlsx,merged_cleansed_output.xlsx
unmatched,,,2026-04-20 05:41:59,مستلزمات منزلية,Glade,Glade Automatic Spray Refill,جليد معطر غيار أوتوماتيك ٢٦٩ مل,الفئة مستلزمات منزلية,269 ml,149.45,119.45,20,EGP,,page_42.jpg,flyer_10010,"{'ymin': 531, 'xmin': 515, 'ymax': 725, 'xmax': 865}",0.95,119.56,10010,,ساري,Glade,key_merged_cleansed_output.xlsx,merged_cleansed_output.xlsx
unmatched,,,2026-04-20 05:41:59,مستلزمات منزلية,Pledge,Pledge Furniture Polish Natural,بليدج موبيليا طبيعي ٣٠٠ مل,الفئة مستلزمات منزلية,300 ml,84.95,69.95,17,EGP,,page_42.jpg,flyer_10010,"{'ymin': 740, 'xmin': 134, 'ymax': 934, 'xmax': 484}",0.95,69.659,10010,,ساري,Glade,key_merged_cleansed_output.xlsx,merged_cleansed_output.xlsx
unmatched,,,2026-04-20 05:41:59,مستلزمات منزلية,Raid / OFF!,Raid Flying Insect Killer + OFF! Spray,ريد مبيد للحشرات الطائرة ٤٠٠ مل + اوف سبراي ٢٠٠ مل,الفئة مستلزمات منزلية,400 ml + 200 ml,322.9,262.75,18,EGP,,page_42.jpg,flyer_10010,"{'ymin': 740, 'xmin': 515, 'ymax': 934, 'xmax': 865}",0.95,261.549,10010,,ساري,Glade,key_merged_cleansed_output.xlsx,merged_cleansed_output.xlsx
unmatched,,,2026-04-20 05:41:59,مستلزمات منزلية,Frida,Frida Fabric Softener,فريد افابريك معطر ملابس,معطر ملابس الفئة مستلزمات منزلية,2 L,123.95,113.95,8,EGP,,page_41.jpg,flyer_10010,"{'ymin': 675, 'xmin': 513, 'ymax': 904, 'xmax': 825}",0.95,114.034,10010,,ساري,Frida,key_merged_cleansed_output.xlsx,merged_cleansed_output.xlsx
unmatched,,,2026-04-20 05:42:00,مفروشات ومنسوجات,Yomi,Yomi Men's Cotton T-shirt Lycra Inner - White / Black,يومى تيشيرت قطن رجالى داخلى ليكرا - ابيض / اسود,وفر 80 جنيه الفئة مفروشات ومنسوجات,piece,279.95,199.95,28,EGP,,page_43.jpg,flyer_10010,"[245, 55, 403, 328]",0.95,201.564,10010,,ساري,Yabalaash,key_merged_cleansed_output.xlsx,merged_cleansed_output.xlsx
unmatched,,,2026-04-20 05:42:00,مفروشات ومنسوجات,Yomi,Yomi Men's Cotton T-shirt V-Neck - White / Black,يومى تيشيرت قطن رجالى رقبة V ابيض / اسود,وفر 100 جنيه الفئة مفروشات ومنسوجات,piece,249.95,149.95,40,EGP,,page_43.jpg,flyer_10010,"[245, 361, 403, 638]",0.95,149.97,10010,,ساري,Yabalaash,key_merged_cleansed_output.xlsx,merged_cleansed_output.xlsx
unmatched,,,2026-04-20 05:42:00,مفروشات ومنسوجات,Grand House,Grand House Zigzag Towel 30*30 Colors,جراند هاوس فوطة زجزاج 30*30 الوان,وفر 7 جنيه الفئة مفروشات ومنسوجات,piece,35.0,28.0,20,EGP,,page_43.jpg,flyer_10010,"[425, 55, 583, 328]",0.95,28.0,10010,,ساري,Yabalaash,key_merged_cleansed_output.xlsx,merged_cleansed_output.xlsx
unmatched,,,2026-04-20 05:42:00,مفروشات ومنسوجات,Yomi,Yomi Men's Cotton Inner Undershirt V-Neck White,يومى فانلة رجالى داخلية قطن رقبة V ابيض,وفر 50 جنيه الفئة مفروشات ومنسوجات,piece,149.95,99.95,33,EGP,,page_43.jpg,flyer_10010,"[425, 361, 583, 638]",0.95,100.4665,10010,,ساري,Yabalaash,key_merged_cleansed_output.xlsx,merged_cleansed_output.xlsx
unmatched,,,2026-04-20 05:42:00,مفروشات ومنسوجات,Grand House,Grand House Zigzag Towel 150*90 Colors,جراند هاوس فوطة زجزاج 150*90 الوان,وفر 60 جنيه الفئة مفروشات ومنسوجات,piece,399.0,339.0,15,EGP,,page_43.jpg,flyer_10010,"[605, 55, 763, 328]",0.95,339.15,10010,,ساري,Yabalaash,key_merged_cleansed_output.xlsx,merged_cleansed_output.xlsx
unmatched,,,2026-04-20 05:42:00,مفروشات ومنسوجات,Grand House,Grand House Zigzag Towel 140*70 Colors,جراند هاوس فوطة زجزاج 140*70 الوان,وفر 45 جنيه الفئة مفروشات ومنسوجات,piece,299.0,254.0,15,EGP,,page_43.jpg,flyer_10010,"[605, 361, 763, 638]",0.95,254.15,10010,,ساري,Yabalaash,key_merged_cleansed_output.xlsx,merged_cleansed_output.xlsx
unmatched,,,2026-04-20 05:42:00,مفروشات ومنسوجات,Grand House,Grand House Zigzag Towel 95*50 Colors,جراند هاوس فوطة زجزاج 95*50 الوان,وفر 20 جنيه الفئة مفروشات ومنسوجات,piece,140.0,120.0,14,EGP,,page_43.jpg,flyer_10010,"[605, 661, 763, 938]",0.95,120.4,10010,,ساري,Yabalaash,key_merged_cleansed_output.xlsx,merged_cleansed_output.xlsx
unmatched,,,2026-04-20 05:42:00,مفروشات ومنسوجات,Grand House,Grand House Kitchen Towel 3 Pieces 50*30 Sugar / Grey,جراند هاوس فوطة مطبخ سكرى / رمادى 3 قطعة 50*30,وفر 20 جنيه الفئة مفروشات ومنسوجات,3 pieces,174.95,154.95,11,EGP,,page_43.jpg,flyer_10010,"[785, 55, 943, 328]",0.95,155.7055,10010,,ساري,Yabalaash,key_merged_cleansed_output.xlsx,merged_cleansed_output.xlsx
unmatched,,,2026-04-20 05:42:00,مفروشات ومنسوجات,Grand House,Grand House Pot Holder Shapes,جراند هاوس مساكة مطبخ اشكال,وفر 50 جنيه الفئة مفروشات ومنسوجات,piece,69.95,19.95,71,EGP,,page_43.jpg,flyer_10010,"[785, 361, 943, 638]",0.95,20.2855,10010,,ساري,Yabalaash,key_merged_cleansed_output.xlsx,merged_cleansed_output.xlsx
unmatched,,,2026-04-20 05:42:00,مفروشات ومنسوجات,Grand House,Grand House Glove and Pot Holder Set Shapes,جراند هاوس طقم جوانتى ومساكة اشكال,وفر 20 جنيه الفئة مفروشات ومنسوجات,set,129.95,109.95,15,EGP,,page_43.jpg,flyer_10010,"[785, 661, 943, 938]",0.95,110.4575,10010,,ساري,Yabalaash,key_merged_cleansed_output.xlsx,merged_cleansed_output.xlsx
unmatched,,,2026-04-20 05:42:01,أجهزة منزلية,FRESH,Air Cooler 25L Digital White,مبرد هواء ٢٥ لتر ديجيتال ابيض,وفر 100 جنيه الفئة أجهزة منزلية,,3725.0,3625.0,2,EGP,,page_44.jpg,flyer_10010,"{'ymin': 240, 'xmin': 54, 'ymax': 405, 'xmax': 330}",0.95,,10010,,ساري,,key_merged_cleansed_output.xlsx,merged_cleansed_output.xlsx
unmatched,,,2026-04-20 05:42:01,أجهزة منزلية,FRESH,Air Cooler 40L Manual Black / White,مبرد هواء ٤٠ لتر يدوى اسود / ابيض,وفر 100 جنيه الفئة أجهزة منزلية,,3850.0,3750.0,2,EGP,,page_44.jpg,flyer_10010,"{'ymin': 240, 'xmin': 360, 'ymax': 405, 'xmax': 637}",0.95,,10010,,ساري,,key_merged_cleansed_output.xlsx,merged_cleansed_output.xlsx
unmatched,,,2026-04-20 05:42:01,أجهزة منزلية,FRESH,Air Cooler 60L Smart,مبرد هواء ٦٠ لتر سمارت,وفر 200 جنيه الفئة أجهزة منزلية,,4699.0,4499.0,4,EGP,,page_44.jpg,flyer_10010,"{'ymin': 240, 'xmin': 666, 'ymax': 405, 'xmax': 943}",0.95,,10010,,ساري,,key_merged_cleansed_output.xlsx,merged_cleansed_output.xlsx
unmatched,,,2026-04-20 05:42:01,أجهزة منزلية,Tefal,Turbo Stand Fan 16 Inch,مروحة تربو ستاند ١٦ بوصة,وفر 400 جنيه الفئة أجهزة منزلية,,2399.0,1999.0,16,EGP,,page_44.jpg,flyer_10010,"{'ymin': 421, 'xmin': 54, 'ymax': 586, 'xmax': 330}",0.95,,10010,,ساري,,key_merged_cleansed_output.xlsx,merged_cleansed_output.xlsx
unmatched,,,2026-04-20 05:42:01,أجهزة منزلية,PHILIPS,Stand Fan 16 Inch 45 Watt,مروحة ستاند ١٦ بوصة ٤٥ وات,وفر 300 جنيه الفئة أجهزة منزلية,,2999.0,2699.0,10,EGP,,page_44.jpg,flyer_10010,"{'ymin': 421, 'xmin': 360, 'ymax': 586, 'xmax': 637}",0.95,,10010,,ساري,,key_merged_cleansed_output.xlsx,merged_cleansed_output.xlsx
unmatched,,,2026-04-20 05:42:01,أجهزة منزلية,Mienta,"Onion, Garlic and Vegetable Chopper 450 Watt",قطاعة بصل وثوم وخضراوات ٤٥٠ وات,وفر 296 جنيه الفئة أجهزة منزلية,,1025.0,729.0,28,EGP,,page_44.jpg,flyer_10010,"{'ymin': 783, 'xmin': 666, 'ymax': 948, 'xmax': 943}",0.95,,10010,,ساري,,key_merged_cleansed_output.xlsx,merged_cleansed_output.xlsx
unmatched,,,2026-04-20 05:42:01,أجهزة منزلية,KENWOOD,Steam Iron 2000 Watt,مكواة بخار ٢٠٠٠ وات,وفر 400 جنيه الفئة أجهزة منزلية,,1499.0,1099.0,26,EGP,,page_44.jpg,flyer_10010,"{'ymin': 602, 'xmin': 54, 'ymax': 767, 'xmax': 330}",0.95,,10010,,ساري,,key_merged_cleansed_output.xlsx,merged_cleansed_output.xlsx
unmatched,,,2026-04-20 05:42:01,أجهزة منزلية,FRESH,Ghost Stand Fan 18 Inch,مروحة ستاند شبح ١٨ بوصة,بالريموت الفئة أجهزة منزلية,,2199.0,2050.0,6,EGP,,page_44.jpg,flyer_10010,"{'ymin': 602, 'xmin': 360, 'ymax': 767, 'xmax': 637}",0.95,,10010,,ساري,,key_merged_cleansed_output.xlsx,merged_cleansed_output.xlsx
unmatched,,,2026-04-20 05:42:01,أجهزة منزلية,FRESH,Box Fan 12 Inch,مروحة بوكسر ١٢ بوصة,الفئة أجهزة منزلية,,,1050.0,0,EGP,,page_44.jpg,flyer_10010,"{'ymin': 602, 'xmin': 666, 'ymax': 767, 'xmax': 943}",0.95,,10010,,ساري,,key_merged_cleansed_output.xlsx,merged_cleansed_output.xlsx
unmatched,,,2026-04-20 05:42:01,أجهزة منزلية,FRESH,Glass Water Kettle 1.7L,"غلاية مياه زجاج ١,٧ لتر",وفر 50 جنيه الفئة أجهزة منزلية,,825.0,775.0,6,EGP,,page_44.jpg,flyer_10010,"{'ymin': 783, 'xmin': 54, 'ymax': 948, 'xmax': 330}",0.95,,10010,,ساري,,key_merged_cleansed_output.xlsx,merged_cleansed_output.xlsx
unmatched,,,2026-04-20 05:42:01,أجهزة منزلية,Moulinex,Blendeo Blender 450 Watt + Mill,خلاط بلينديو ٤٥٠ وات + كبة,وفر 300 جنيه الفئة أجهزة منزلية,,1699.0,1399.0,17,EGP,,page_44.jpg,flyer_10010,"{'ymin': 783, 'xmin': 360, 'ymax': 948, 'xmax': 637}",0.95,,10010,,ساري,,key_merged_cleansed_output.xlsx,merged_cleansed_output.xlsx
unmatched,,,2026-04-20 05:42:01,أجهزة منزلية,Tefal,Stand Fan 16 Inch Remote,مروحة ستاند ١٦ بوصة ريموت,وفر 600 جنيه الفئة أجهزة منزلية,,2999.0,2399.0,20,EGP,,page_44.jpg,flyer_10010,"{'ymin': 421, 'xmin': 666, 'ymax': 586, 'xmax': 943}",0.95,,10010,,ساري,,key_merged_cleansed_output.xlsx,merged_cleansed_output.xlsx
unmatched,,,2026-04-20 05:42:02,مستلزمات منزلية,Tefal,Tefal Natural Frypan Set 20-22-24,تيفال مقلاية ناتشورال 20-22-24,وفر 2000 جنيه الفئة مستلزمات منزلية,3pcs,3799.0,1799.0,52,EGP,,page_45.jpg,flyer_10010,"{'ymin': 231, 'xmin': 358, 'ymax': 454, 'xmax': 638}",0.98,1785.53,10010,,ساري,Yabalashoffers.com,key_merged_cleansed_output.xlsx,merged_cleansed_output.xlsx
unmatched,,,2026-04-20 05:42:02,مستلزمات منزلية,Grandyhome,Marinex Rectangular Heatproof Dish 3pcs,مارينكس طاجن حرارى 3ق مستطيلة,وفر 350 جنيه الفئة مستلزمات منزلية,3pcs,1099.0,749.0,31,EGP,,page_45.jpg,flyer_10010,"{'ymin': 231, 'xmin': 53, 'ymax': 454, 'xmax': 331}",0.95,747.3199999999999,10010,,ساري,Yabalashoffers.com,key_merged_cleansed_output.xlsx,merged_cleansed_output.xlsx
unmatched,,,2026-04-20 05:42:02,مستلزمات منزلية,Tefal,Tefal Tempo Oven Tray Set 2pcs 26*30,تيفال تيمبو ط 2 صينيه فرن 26*30,وفر 1249 جنيه الفئة مستلزمات منزلية,2pcs,2548.0,1299.0,49,EGP,,page_45.jpg,flyer_10010,"{'ymin': 231, 'xmin': 661, 'ymax': 454, 'xmax': 941}",0.97,1299.48,10010,,ساري,Yabalashoffers.com,key_merged_cleansed_output.xlsx,merged_cleansed_output.xlsx
unmatched,,,2026-04-20 05:42:02,مستلزمات منزلية,Zahran,Zahran Silicone Fridge Set 3pcs,طقم ثلاجة سليكون 3ق,وفر 236 جنيه الفئة مستلزمات منزلية,3pcs,435.0,199.0,54,EGP,,page_45.jpg,flyer_10010,"{'ymin': 727, 'xmin': 661, 'ymax': 951, 'xmax': 941}",0.98,200.1,10010,,ساري,Yabalashoffers.com,key_merged_cleansed_output.xlsx,merged_cleansed_output.xlsx
unmatched,,,2026-04-20 05:42:02,مستلزمات منزلية,GRANDI,Grandi Sauteuse 26 + Frying Net,جراندى سوتيز 26 + شبكة تحمير,وفر 151 جنيه الفئة مستلزمات منزلية,set,450.0,299.0,33,EGP,,page_45.jpg,flyer_10010,"{'ymin': 479, 'xmin': 358, 'ymax': 703, 'xmax': 638}",0.94,296.9999999999999,10010,,ساري,Yabalashoffers.com,key_merged_cleansed_output.xlsx,merged_cleansed_output.xlsx
unmatched,,,2026-04-20 05:42:02,مستلزمات منزلية,LOCK&LOCK,Lock & Lock Food Container Set 2pcs,طقم حافظة طعام 2ق,وفر 130 جنيه الفئة مستلزمات منزلية,2pcs,479.0,349.0,27,EGP,,page_45.jpg,flyer_10010,"{'ymin': 727, 'xmin': 53, 'ymax': 951, 'xmax': 331}",0.96,349.67,10010,,ساري,Yabalashoffers.com,key_merged_cleansed_output.xlsx,merged_cleansed_output.xlsx
unmatched,,,2026-04-20 05:42:02,مستلزمات منزلية,Bormioli Rocco,Bormioli Rocco Italian Fridge Set 3pcs,طقم ثلاجة ايطالى 3ق,وفر 114 جنيه الفئة مستلزمات منزلية,3pcs,599.0,485.0,19,EGP,,page_45.jpg,flyer_10010,"{'ymin': 727, 'xmin': 358, 'ymax': 951, 'xmax': 638}",0.97,485.1900000000001,10010,,ساري,Yabalashoffers.com,key_merged_cleansed_output.xlsx,merged_cleansed_output.xlsx
unmatched,,,2026-04-20 05:42:02,مستلزمات منزلية,borcam,Borcam Rectangular Dish 1950ml,طاجن مستطيل 1950 مل,وفر 200 جنيه الفئة مستلزمات منزلية,1pc,525.0,325.0,38,EGP,,page_45.jpg,flyer_10010,"{'ymin': 479, 'xmin': 53, 'ymax': 703, 'xmax': 331}",0.96,325.5,10010,,ساري,Yabalashoffers.com,key_merged_cleansed_output.xlsx,merged_cleansed_output.xlsx
unmatched,,,2026-04-20 05:42:03,مستلزمات منزلية,Regal,Regal Thermos 1L Silver,ترمس 1 لتر فضى,الفئة مستلزمات منزلية,,,999.0,0,EGP,,page_46.jpg,flyer_10010,"[264, 58, 403, 327]",0.95,,10010,,ساري,,key_merged_cleansed_output.xlsx,merged_cleansed_output.xlsx
unmatched,,,2026-04-20 05:42:03,مستلزمات منزلية,Trend Egypt,Glass Juice Jug with Handle Colors,كوب عصير زجاج بيد الوان,وفر 46 جنيه الفئة مستلزمات منزلية,,115.0,69.0,40,EGP,,page_46.jpg,flyer_10010,"[423, 365, 586, 634]",0.97,69.0,10010,,ساري,,key_merged_cleansed_output.xlsx,merged_cleansed_output.xlsx
unmatched,,,2026-04-20 05:42:03,مستلزمات منزلية,Tank,Tank Stainless Cool Bottle 650ml Colors,زجاجة ستانلس كول 650 الوان,وفر 100 جنيه الفئة مستلزمات منزلية,,699.0,599.0,14,EGP,,page_46.jpg,flyer_10010,"[423, 671, 586, 940]",0.98,601.14,10010,,ساري,,key_merged_cleansed_output.xlsx,merged_cleansed_output.xlsx
unmatched,,,2026-04-20 05:42:03,مستلزمات منزلية,JM,JM Porcelain Mug Colors,مج بورسلين الوان,وفر 10 جنيه الفئة مستلزمات منزلية,,99.0,89.0,10,EGP,,page_46.jpg,flyer_10010,"[603, 58, 766, 327]",0.98,89.10000000000001,10010,,ساري,,key_merged_cleansed_output.xlsx,merged_cleansed_output.xlsx
unmatched,,,2026-04-20 05:42:03,مستلزمات منزلية,Pasabahce,Pasabahce Mug Tribeca 400ml,مج تريبيكا 400مل,وفر 35 جنيه الفئة مستلزمات منزلية,,90.0,55.0,38,EGP,,page_46.jpg,flyer_10010,"[423, 58, 586, 327]",0.98,55.8,10010,,ساري,,key_merged_cleansed_output.xlsx,merged_cleansed_output.xlsx
unmatched,,,2026-04-20 05:42:03,مستلزمات منزلية,Pasabahce,Pasabahce Basic Mug 350ml,مج باسيك 350مل,وفر 40 جنيه الفئة مستلزمات منزلية,,89.0,49.0,44,EGP,,page_46.jpg,flyer_10010,"[603, 671, 766, 940]",0.98,48.95,10010,,ساري,,key_merged_cleansed_output.xlsx,merged_cleansed_output.xlsx
unmatched,,,2026-04-20 05:42:03,مستلزمات منزلية,Vileda,Vileda Microfibre Colors Cloth 4pcs,فوطة ميكروفيبر متعددة 4ق,وفر 186 جنيه الفئة مستلزمات منزلية,,385.0,199.0,48,EGP,,page_46.jpg,flyer_10010,"[783, 58, 955, 327]",0.98,200.2,10010,,ساري,,key_merged_cleansed_output.xlsx,merged_cleansed_output.xlsx
unmatched,,,2026-04-20 05:42:03,مستلزمات منزلية,Pasabahce,Pasabahce Tea Glass 120ml 6pcs,استكانة 120مل 6ق,وفر 20 جنيه الفئة مستلزمات منزلية,,99.95,79.95,20,EGP,,page_46.jpg,flyer_10010,"[783, 365, 955, 634]",0.98,79.96000000000001,10010,,ساري,,key_merged_cleansed_output.xlsx,merged_cleansed_output.xlsx
unmatched,,,2026-04-20 05:42:03,مستلزمات منزلية,Luminarc,Luminarc Pindrom Mug,مج بيندروم,وفر 21 جنيه الفئة مستلزمات منزلية,,99.95,78.95,21,EGP,,page_46.jpg,flyer_10010,"[783, 671, 955, 940]",0.98,78.96050000000001,10010,,ساري,,key_merged_cleansed_output.xlsx,merged_cleansed_output.xlsx
unmatched,,,2026-04-20 05:42:03,مستلزمات منزلية,City Glass,City Glass Lyon Soup Bowl,بولة شوربة ليون زجاج,وفر 10 جنيه الفئة مستلزمات منزلية,,49.0,39.0,20,EGP,,page_46.jpg,flyer_10010,"[603, 365, 766, 634]",0.98,39.2,10010,,ساري,,key_merged_cleansed_output.xlsx,merged_cleansed_output.xlsx
unmatched,,,2026-04-20 05:42:05,مستلزمات منزلية,,Plastic Clothes Dryer,منشر غسيل بلاستيك,وفر 100 جنيه الفئة مستلزمات منزلية,,799.0,699.0,12,EGP,,page_47.jpg,flyer_10010,"[729, 666, 948, 940]",0.95,,10010,,ساري,,key_merged_cleansed_output.xlsx,merged_cleansed_output.xlsx
unmatched,,,2026-04-20 05:42:05,مستلزمات منزلية,Vileda,Vileda Glitzi Sponge 2+1 Free,اسفنج جلى 2+1,وفر 20 جنيه الفئة مستلزمات منزلية,,135.0,115.0,14,EGP,,page_47.jpg,flyer_10010,"[729, 360, 948, 633]",0.95,,10010,,ساري,,key_merged_cleansed_output.xlsx,merged_cleansed_output.xlsx
unmatched,,,2026-04-20 05:42:05,مستلزمات منزلية,Vileda,Vileda Multi-Purpose Gloves Large/Medium,جونتى متعدد الاغراض كبير / وسط,وفر 31 جنيه الفئة مستلزمات منزلية,,140.0,109.0,22,EGP,,page_47.jpg,flyer_10010,"[729, 53, 948, 326]",0.95,,10010,,ساري,,key_merged_cleansed_output.xlsx,merged_cleansed_output.xlsx
unmatched,,,2026-04-20 05:42:05,مستلزمات منزلية,York,York Splash Floor Mop,يورك ممسحة ارضيات سبلاش,وفر 470 جنيه الفئة مستلزمات منزلية,,1469.0,999.0,31,EGP,,page_47.jpg,flyer_10010,"[482, 666, 701, 940]",0.95,,10010,,ساري,,key_merged_cleansed_output.xlsx,merged_cleansed_output.xlsx
unmatched,,,2026-04-20 05:42:05,مستلزمات منزلية,Gimi,Gimi Clothes Dryer White/Grey 20m,منشر ابيض/رمادى 20م,وفر 441 جنيه الفئة مستلزمات منزلية,,2200.0,1759.0,20,EGP,,page_47.jpg,flyer_10010,"[482, 360, 701, 633]",0.95,,10010,,ساري,,key_merged_cleansed_output.xlsx,merged_cleansed_output.xlsx
unmatched,,,2026-04-20 05:42:05,مستلزمات منزلية,Metaltex,Metaltex Metal Clothes Dryer 20m,منشر غسيل معدن 20 متر,وفر 840 جنيه الفئة مستلزمات منزلية,,2399.0,1559.0,35,EGP,,page_47.jpg,flyer_10010,"[482, 53, 701, 326]",0.95,,10010,,ساري,,key_merged_cleansed_output.xlsx,merged_cleansed_output.xlsx
unmatched,,,2026-04-20 05:42:05,مستلزمات منزلية,Vileda,Vileda Turbo Smart Bucket,جردل تربو سمارت,وفر 300 جنيه الفئة مستلزمات منزلية,,1999.0,1699.0,15,EGP,,page_47.jpg,flyer_10010,"[235, 666, 454, 940]",0.95,,10010,,ساري,,key_merged_cleansed_output.xlsx,merged_cleansed_output.xlsx
unmatched,,,2026-04-20 05:42:05,مستلزمات منزلية,Nova,Nova Mop Bucket with Stainless Steel Strainer,جردل مصفاة إستانلس,وفر 811 جنيه الفئة مستلزمات منزلية,,1450.0,639.0,55,EGP,,page_47.jpg,flyer_10010,"[235, 360, 454, 633]",0.95,,10010,,ساري,,key_merged_cleansed_output.xlsx,merged_cleansed_output.xlsx
unmatched,,,2026-04-20 05:42:05,مستلزمات منزلية,Vileda,Vileda Spray Mop,مساحة موب اسبراى لجميع الاغراض,وفر 200 جنيه الفئة مستلزمات منزلية,,1699.0,1499.0,11,EGP,,page_47.jpg,flyer_10010,"[235, 53, 454, 326]",0.95,,10010,,ساري,,key_merged_cleansed_output.xlsx,merged_cleansed_output.xlsx
