 اسم السوبر ماركت	فترة سريان العرض	الفرع / الموقع	تاريخ تعديل ملف الفلاير	الفئة	اسم العلامة التجارية	اسم المنتج (الأساسي)	الاسم بالعربية	العبارة الترويجية	الوحدة	السعر الأصلي	السعر الحالي	الخصم %	العملة	قيود العرض	اسم ملف الفلاير	اسم المجلد الفرعي	الاحداثيات	الموثوقية	السعر المحسوب	solution_key	end_date	status	standard_supermarket_name	clean_name	matched_sku	matched_image	matched_name	matched_price	match_score	confidence	needs_review	match_method
سعودي	ينتهي في الثلاثاء، ١٤ أبريل ٢٠٢٦		2026-04-05 22:06:30	أطعمة - أسماك		Abu El Sayed Smoked Herring	رنجة مدخنة ابو السيد	الفئة أطعمة - أسماك		199	185	7	EGP		page_2.jpg	flyer_9835	[200, 665, 447, 944]	0.95	171.14	9835	١٤ أبريل ٢٠٢٦	ينتهي في الثلاثاء، ١٤ أبريل ٢٠٢٦	سعودي	abu el sayed herrin	6224009295487	https://mcprod.seoudisupermarket.com/media/catalog/product/cache/da04281da854ec319aff2207cb4cdbf5/6/2/6224009295487_1_.jpg	Sea Cube Herring Fillet - 400 g	199	74.58823529	Review	TRUE	auto
سعودي	ينتهي في الثلاثاء، ١٤ أبريل ٢٠٢٦		2026-04-05 22:06:30	أطعمة - أسماك	NOUR	Nour Herring Fillet Jar	نور رنجة فيليه برطمان	الفئة أطعمة - أسماك		230	205	10	EGP		page_2.jpg	flyer_9835	[199, 206, 447, 333]	0.95	172.5	9835	١٤ أبريل ٢٠٢٦	ينتهي في الثلاثاء، ١٤ أبريل ٢٠٢٦	سعودي	nour herrin	6225000076259	https://mcprod.seoudisupermarket.com/media/catalog/product/cache/da04281da854ec319aff2207cb4cdbf5/6/2/6225000076259.jpg	Nour Herring Fillet - 500 g	205	100	Excellent	FALSE	auto
سعودي	ينتهي في الثلاثاء، ١٤ أبريل ٢٠٢٦		2026-04-05 22:06:30	أطعمة - أسماك	Food House	Food House Fresh Smoked Salmon	فود هاوس سالمون مدخن فريش	الفئة أطعمة - أسماك		479.95	409.95	14	EGP		page_2.jpg	flyer_9835	[467, 124, 713, 333]	0.95	143.985	9835	١٤ أبريل ٢٠٢٦	ينتهي في الثلاثاء، ١٤ أبريل ٢٠٢٦	سعودي	food house salmon	6225000070813	https://mcprod.seoudisupermarket.com/media/catalog/product/cache/da04281da854ec319aff2207cb4cdbf5/6/2/6225000070813.jpg	Food House Fresh Smoked Salmon - 100 g	209.95	100	Excellent	FALSE	auto
سعودي	ينتهي في الثلاثاء، ١٤ أبريل ٢٠٢٦		2026-04-05 22:06:30	أطعمة - أسماك	NOUR	Nour Herring Vacuum Pack	نور رنجة فاكيوم	بابلاش الفئة أطعمة - أسماك		282	252	10	EGP		page_2.jpg	flyer_9835	[199, 360, 447, 639]	0.95	197.4	9835	١٤ أبريل ٢٠٢٦	ينتهي في الثلاثاء، ١٤ أبريل ٢٠٢٦	سعودي	nour herrin pack	6224008143000	https://mcprod.seoudisupermarket.com/media/catalog/product/cache/da04281da854ec319aff2207cb4cdbf5/6/2/6224008143000-removebg-preview.png	Nour Herring Fillet, 200 g - 2 Pieces	148	82.35294118	Fair	TRUE	auto
سعودي	ينتهي في الثلاثاء، ١٤ أبريل ٢٠٢٦		2026-04-05 22:06:30	أطعمة - أسماك		Fesikh Fillet	فسيخ فيليه	الفئة أطعمة - أسماك		262.5	237.5	9	EGP		page_2.jpg	flyer_9835	[733, 55, 974, 333]	0.95	196.875	9835	١٤ أبريل ٢٠٢٦	ينتهي في الثلاثاء، ١٤ أبريل ٢٠٢٦	سعودي	fesikh	2000576000000	https://mcprod.seoudisupermarket.com/media/catalog/product/cache/da04281da854ec319aff2207cb4cdbf5/f/e/fesikhh_fillet.jpg	Fillet Fesikh Salad	950	66.66666667	Review	TRUE	auto
سعودي	ينتهي في الثلاثاء، ١٤ أبريل ٢٠٢٦		2026-04-05 22:06:30	أطعمة - أسماك		Greek Herring Fillet	رنجة فيليه يوناني	الفئة أطعمة - أسماك			198.75	0	EGP		page_2.jpg	flyer_9835	[733, 360, 974, 639]	0.95		9835	١٤ أبريل ٢٠٢٦	ينتهي في الثلاثاء، ١٤ أبريل ٢٠٢٦	سعودي	reek herrin	2005429000000	https://mcprod.seoudisupermarket.com/media/catalog/product/cache/da04281da854ec319aff2207cb4cdbf5/2/0/2005429000000_2.jpg	Greek Herring Fillet	795	100	Excellent	FALSE	auto
سعودي	ينتهي في الثلاثاء، ١٤ أبريل ٢٠٢٦		2026-04-05 22:06:30	أطعمة - أسماك	Mido	Mido Fresh Smoked Salmon	ميدو سالمون مدخن فريش	الفئة أطعمة - أسماك		477.25	397.25	16	EGP		page_2.jpg	flyer_9835	[467, 360, 713, 639]	0.95	95.45	9835	١٤ أبريل ٢٠٢٦	ينتهي في الثلاثاء، ١٤ أبريل ٢٠٢٦	سعودي	mido salmon	6223001790013	https://mcprod.seoudisupermarket.com/media/catalog/product/cache/da04281da854ec319aff2207cb4cdbf5/6/2/6223001790013.jpg	"Mido Fresh Smoked Salmon - 200 g "	397.25	100	Excellent	FALSE	auto
سعودي	ينتهي في الثلاثاء، ١٤ أبريل ٢٠٢٦		2026-04-05 22:06:30	أطعمة - أسماك		Smoked Salmon	سيمون فيميه	الفئة أطعمة - أسماك			179.5	0	EGP		page_2.jpg	flyer_9835	[733, 665, 974, 944]	0.95		9835	١٤ أبريل ٢٠٢٦	ينتهي في الثلاثاء، ١٤ أبريل ٢٠٢٦	سعودي	salmon	154851	https://mcprod.seoudisupermarket.com/media/catalog/product/cache/da04281da854ec319aff2207cb4cdbf5/1/5/154851_new_sticker.jpg	Smoked Almond - 250 g	240	83.33333333	Fair	TRUE	auto
سعودي	ينتهي في الثلاثاء، ١٤ أبريل ٢٠٢٦		2026-04-05 22:06:30	أطعمة - أسماك	NOUR	Nour Smoked Anchovy	نور انشوجة مدخنة	الفئة أطعمة - أسماك		198	178	10	EGP		page_2.jpg	flyer_9835	[467, 665, 713, 944]	0.95	158.4	9835	١٤ أبريل ٢٠٢٦	ينتهي في الثلاثاء، ١٤ أبريل ٢٠٢٦	سعودي	nour anchovy	2005421000000	https://mcprod.seoudisupermarket.com/media/catalog/product/cache/da04281da854ec319aff2207cb4cdbf5/2/0/2005421000000_1.jpg	Nour Smoked Anchovy Fillet	2500	100	Excellent	FALSE	auto
سعودي	ينتهي في الثلاثاء، ١٤ أبريل ٢٠٢٦		2026-04-05 22:06:32	أطعمة - أسماك	SeaStar	Sardines with Paprika	سردين بالبابريكا ٤٥٠ جم	الفئة أطعمة - أسماك	450 جم	154.95	131.45	15	EGP		page_3.jpg	flyer_9835	[289, 810, 460, 970]	0.95	131.7075	9835	١٤ أبريل ٢٠٢٦	ينتهي في الثلاثاء، ١٤ أبريل ٢٠٢٦	سعودي	sardines paprika	6224007280195	https://mcprod.seoudisupermarket.com/media/catalog/product/cache/da04281da854ec319aff2207cb4cdbf5/6/2/6224007280195.jpg	Sea Star Sardines Paprika - 415 g	131.45	88.04878049	Good	FALSE	auto
سعودي	ينتهي في الثلاثاء، ١٤ أبريل ٢٠٢٦		2026-04-05 22:06:32	أطعمة - أسماك	SeaStar	Smoked Herring	رنجة مدخنة ١ كيلو	الفئة أطعمة - أسماك	1 كيلو	237.95	206.25	13	EGP		page_3.jpg	flyer_9835	[289, 640, 460, 800]	0.95	207.0165	9835	١٤ أبريل ٢٠٢٦	ينتهي في الثلاثاء، ١٤ أبريل ٢٠٢٦	سعودي	herrin	2000065000000	https://mcprod.seoudisupermarket.com/media/catalog/product/cache/da04281da854ec319aff2207cb4cdbf5/2/0/2000065000000_2.jpg	Herring Fillet	660	100	Excellent	FALSE	auto
سعودي	ينتهي في الثلاثاء، ١٤ أبريل ٢٠٢٦		2026-04-05 22:06:32	أطعمة - أسماك	SeaStar	Smoked Herring Fillet	رنجة فيليه مدخنة ٢٥٠ جم	الفئة أطعمة - أسماك	250 جم	135	118.95	11	EGP		page_3.jpg	flyer_9835	[489, 470, 660, 630]	0.95	118.8	9835	١٤ أبريل ٢٠٢٦	ينتهي في الثلاثاء، ١٤ أبريل ٢٠٢٦	سعودي	herrin	2000065000000	https://mcprod.seoudisupermarket.com/media/catalog/product/cache/da04281da854ec319aff2207cb4cdbf5/2/0/2000065000000_2.jpg	Herring Fillet	660	100	Excellent	FALSE	auto
سعودي	ينتهي في الثلاثاء، ١٤ أبريل ٢٠٢٦		2026-04-05 22:06:32	أطعمة - أسماك	SeaStar	Smoked Herring Fillet with Paprika	رنجة فيليه بالبابريكا مدخنة ٤٣٠ جم ٣٨٠	الفئة أطعمة - أسماك	430 جم	177.95	149.95	15	EGP		page_3.jpg	flyer_9835	[289, 296, 460, 462]	0.95	149.478	9835	١٤ أبريل ٢٠٢٦	ينتهي في الثلاثاء، ١٤ أبريل ٢٠٢٦	سعودي	herrin paprika	6224007280171	https://mcprod.seoudisupermarket.com/media/catalog/product/cache/da04281da854ec319aff2207cb4cdbf5/6/2/6224007280171.jpg	Sea Star Herring Fillet Paprika - 430 g	149.95	85.67567568	Good	FALSE	auto
سعودي	ينتهي في الثلاثاء، ١٤ أبريل ٢٠٢٦		2026-04-05 22:06:32	أطعمة - أسماك	SeaStar	Smoked Herring	رنجة مدخنة وزن	الفئة أطعمة - أسماك	وزن	239.95	208.25	13	EGP		page_3.jpg	flyer_9835	[289, 470, 460, 630]	0.95	208.7565	9835	١٤ أبريل ٢٠٢٦	ينتهي في الثلاثاء، ١٤ أبريل ٢٠٢٦	سعودي	herrin	2000065000000	https://mcprod.seoudisupermarket.com/media/catalog/product/cache/da04281da854ec319aff2207cb4cdbf5/2/0/2000065000000_2.jpg	Herring Fillet	660	100	Excellent	FALSE	auto
سعودي	ينتهي في الثلاثاء، ١٤ أبريل ٢٠٢٦		2026-04-05 22:06:32	أطعمة - أسماك	SeaStar	Smoked Herring Fillet	رنجة فيليه مدخنة ٥٠٠ جم	الفئة أطعمة - أسماك	500 جم	241	209.95	12	EGP		page_3.jpg	flyer_9835	[489, 640, 660, 800]	0.95	209.67	9835	١٤ أبريل ٢٠٢٦	ينتهي في الثلاثاء، ١٤ أبريل ٢٠٢٦	سعودي	herrin	2000065000000	https://mcprod.seoudisupermarket.com/media/catalog/product/cache/da04281da854ec319aff2207cb4cdbf5/2/0/2000065000000_2.jpg	Herring Fillet	660	100	Excellent	FALSE	auto
سعودي	ينتهي في الثلاثاء، ١٤ أبريل ٢٠٢٦		2026-04-05 22:06:32	أطعمة - أسماك	SeaStar	Smoked Herring Salad	سلطة رنجة مدخنة ٣٩٠ جم	الفئة أطعمة - أسماك	390 جم	169	145.45	13	EGP		page_3.jpg	flyer_9835	[689, 296, 860, 462]	0.95	145.34	9835	١٤ أبريل ٢٠٢٦	ينتهي في الثلاثاء، ١٤ أبريل ٢٠٢٦	سعودي	herrin salad	2000545000000	https://mcprod.seoudisupermarket.com/media/catalog/product/cache/da04281da854ec319aff2207cb4cdbf5/2/0/2000545000000-removebg-preview.png	Herring Fillet Salad	750	100	Excellent	FALSE	auto
سعودي	ينتهي في الثلاثاء، ١٤ أبريل ٢٠٢٦		2026-04-05 22:06:32	أطعمة - أسماك	SeaStar	Salted Sardines	سردين مملح ٤٠٠ جم	الفئة أطعمة - أسماك	400 جم	149	125.95	15	EGP		page_3.jpg	flyer_9835	[489, 980, 660, 1140]	0.95	126.65	9835	١٤ أبريل ٢٠٢٦	ينتهي في الثلاثاء، ١٤ أبريل ٢٠٢٦	سعودي	salted sardines	2000845000000	https://mcprod.seoudisupermarket.com/media/catalog/product/cache/da04281da854ec319aff2207cb4cdbf5/2/0/2000845000000.jpg	Sardine Fish	219.95	66.66666667	Review	TRUE	auto
سعودي	ينتهي في الثلاثاء، ١٤ أبريل ٢٠٢٦		2026-04-05 22:06:32	أطعمة - أسماك	SeaStar	Smoked Salmon	سلمون مدخن ١٠٠ جم	الفئة أطعمة - أسماك	100 جم	289	259.95	10	EGP		page_3.jpg	flyer_9835	[689, 810, 860, 970]	0.95	260.1	9835	١٤ أبريل ٢٠٢٦	ينتهي في الثلاثاء، ١٤ أبريل ٢٠٢٦	سعودي	salmon	154851	https://mcprod.seoudisupermarket.com/media/catalog/product/cache/da04281da854ec319aff2207cb4cdbf5/1/5/154851_new_sticker.jpg	Smoked Almond - 250 g	240	87.33333333	Good	FALSE	auto
سعودي	ينتهي في الثلاثاء، ١٤ أبريل ٢٠٢٦		2026-04-05 22:06:32	أطعمة - أسماك	SeaStar	Smoked Mackerel Fillet with Pepper	ماكريل فيليه مدخن ٢٥٠ جم بالفلفل	الفئة أطعمة - أسماك	250 جم	205	179.95	12	EGP		page_3.jpg	flyer_9835	[489, 810, 660, 970]	0.95	180.4	9835	١٤ أبريل ٢٠٢٦	ينتهي في الثلاثاء، ١٤ أبريل ٢٠٢٦	سعودي	mackerel pepper	2004217000000	https://mcprod.seoudisupermarket.com/media/catalog/product/cache/da04281da854ec319aff2207cb4cdbf5/2/0/2004217000000.jpg	Smoked Fillet Mackerel	1080	69.56521739	Review	TRUE	auto
سعودي	ينتهي في الثلاثاء، ١٤ أبريل ٢٠٢٦		2026-04-05 22:06:32	أطعمة - أسماك	SeaStar	Smoked Salmon	سلمون مدخن ٢٠٠ جم	الفئة أطعمة - أسماك	200 جم	534	479.95	10	EGP		page_3.jpg	flyer_9835	[689, 470, 860, 630]	0.95	480.6	9835	١٤ أبريل ٢٠٢٦	ينتهي في الثلاثاء، ١٤ أبريل ٢٠٢٦	سعودي	salmon	154851	https://mcprod.seoudisupermarket.com/media/catalog/product/cache/da04281da854ec319aff2207cb4cdbf5/1/5/154851_new_sticker.jpg	Smoked Almond - 250 g	240	83.33333333	Fair	TRUE	auto
سعودي	ينتهي في الثلاثاء، ١٤ أبريل ٢٠٢٦		2026-04-05 22:06:32	أطعمة - أسماك	Saumon Fumé	Smoked Salmon Choice	سلمون مدخن تشويس ٢٠٠ جم	الفئة أطعمة - أسماك	200 جم	597	539.95	9	EGP		page_3.jpg	flyer_9835	[689, 640, 860, 800]	0.95	537.3	9835	١٤ أبريل ٢٠٢٦	ينتهي في الثلاثاء، ١٤ أبريل ٢٠٢٦	سعودي	salmon choice	6224010194410	https://mcprod.seoudisupermarket.com/media/catalog/product/cache/da04281da854ec319aff2207cb4cdbf5/6/2/6224010194410_copy.jpg	Caviale Salmon - 400 g	669.95	74.07407407	Review	TRUE	auto
سعودي	ينتهي في الثلاثاء، ١٤ أبريل ٢٠٢٦		2026-04-05 22:06:32	أطعمة - أسماك	SeaStar	Salted Fesikh	فسيخ مملح ٣٢٥ جم	الفئة أطعمة - أسماك	325 جم	442	389.75	11	EGP		page_3.jpg	flyer_9835	[689, 980, 860, 1140]	0.95	388.96	9835	١٤ أبريل ٢٠٢٦	ينتهي في الثلاثاء، ١٤ أبريل ٢٠٢٦	سعودي	salted fesikh	2000576000000	https://mcprod.seoudisupermarket.com/media/catalog/product/cache/da04281da854ec319aff2207cb4cdbf5/f/e/fesikhh_fillet.jpg	Fillet Fesikh Salad	950	88	Good	FALSE	auto
سعودي	ينتهي في الثلاثاء، ١٤ أبريل ٢٠٢٦		2026-04-05 22:06:33	أطعمة -الألبان ومنتجاتها		Feta Cheese Slices Greek	جبنة فيتا شرائح يوناني	الفئة أطعمة -الألبان ومنتجاتها			218.45	0	EGP		page_4.jpg	flyer_9835	[244, 46, 410, 329]	0.95		9835	١٤ أبريل ٢٠٢٦	ينتهي في الثلاثاء، ١٤ أبريل ٢٠٢٦	سعودي	feta cheese slices reek	2000912000000	https://mcprod.seoudisupermarket.com/media/catalog/product/cache/da04281da854ec319aff2207cb4cdbf5/2/0/2000912120955_1_copy.jpg	Greek Feta Cheese Slices	873.8	100	Excellent	FALSE	auto
سعودي	ينتهي في الثلاثاء، ١٤ أبريل ٢٠٢٦		2026-04-05 22:06:33	أطعمة -الألبان ومنتجاتها	MAAS DAM	Maasdam Royal Cheese	جبنة مسدام رويال	الفئة أطعمة -الألبان ومنتجاتها			116.45	0	EGP		page_4.jpg	flyer_9835	[244, 340, 410, 623]	0.95		9835	١٤ أبريل ٢٠٢٦	ينتهي في الثلاثاء، ١٤ أبريل ٢٠٢٦	سعودي	maasdam royal cheese	2005120000000	https://mcprod.seoudisupermarket.com/media/catalog/product/cache/da04281da854ec319aff2207cb4cdbf5/2/0/2005120000000_-_newww_imageee.jpg	Royal Goat Gouda Cheese	940	78.04878049	Fair	TRUE	auto
سعودي	ينتهي في الثلاثاء، ١٤ أبريل ٢٠٢٦		2026-04-05 22:06:33	أطعمة -الألبان ومنتجاتها	MURATBEY	Turkish Creamy White Cheese	جبنة بيضاء كريمي تركي	HOT OFFER الفئة أطعمة -الألبان ومنتجاتها			67.5	0	EGP		page_4.jpg	flyer_9835	[420, 634, 586, 917]	0.95		9835	١٤ أبريل ٢٠٢٦	ينتهي في الثلاثاء، ١٤ أبريل ٢٠٢٦	سعودي	turkish creamy white cheese	3073781083200	https://mcprod.seoudisupermarket.com/media/catalog/product/cache/da04281da854ec319aff2207cb4cdbf5/3/0/3073781083200.jpg	Kiri Creamy Cheese - 48 Pieces	520	73.07692308	Review	TRUE	auto
سعودي	ينتهي في الثلاثاء، ١٤ أبريل ٢٠٢٦		2026-04-05 22:06:33	أطعمة -الألبان ومنتجاتها		Turkish Baby Mozzarella Cheese	جبنة موتزاريلا بيبي تركي	HOT OFFER الفئة أطعمة -الألبان ومنتجاتها			129.5	0	EGP		page_4.jpg	flyer_9835	[420, 340, 586, 623]	0.95		9835	١٤ أبريل ٢٠٢٦	ينتهي في الثلاثاء، ١٤ أبريل ٢٠٢٦	سعودي	turkish baby mozzarella cheese	2009851000000	https://mcprod.seoudisupermarket.com/media/catalog/product/cache/da04281da854ec319aff2207cb4cdbf5/2/0/2009851000000_with_logo.jpg	Muratbey Baby Mozzarella Cheese	518	81.96721311	Fair	TRUE	auto
سعودي	ينتهي في الثلاثاء، ١٤ أبريل ٢٠٢٦		2026-04-05 22:06:33	أطعمة -الألبان ومنتجاتها	Hajdu	Hajdu Labneh Hungarian	هاجدو لبنة مجرى	الفئة أطعمة -الألبان ومنتجاتها		104.99	77.45	26	EGP		page_4.jpg	flyer_9835	[420, 46, 586, 329]	0.95		9835	١٤ أبريل ٢٠٢٦	ينتهي في الثلاثاء، ١٤ أبريل ٢٠٢٦	سعودي	hajdu labneh hunarian	2004085000000	https://mcprod.seoudisupermarket.com/media/catalog/product/cache/da04281da854ec319aff2207cb4cdbf5/2/0/2008245000000_copy_2_1.jpg	Hajdu Hungarian Labneh	309.8	100	Excellent	FALSE	auto
سعودي	ينتهي في الثلاثاء، ١٤ أبريل ٢٠٢٦		2026-04-05 22:06:33	أطعمة -الألبان ومنتجاتها		Imported Yellow Cheddar Cheese	جبنة شيدر اصفر مستورد	الفئة أطعمة -الألبان ومنتجاتها			89.95	0	EGP		page_4.jpg	flyer_9835	[244, 634, 410, 917]	0.95		9835	١٤ أبريل ٢٠٢٦	ينتهي في الثلاثاء، ١٤ أبريل ٢٠٢٦	سعودي	imported yellow cheddar cheese	2000910000000	https://mcprod.seoudisupermarket.com/media/catalog/product/cache/da04281da854ec319aff2207cb4cdbf5/2/0/2000910047322_1.jpg	Grated Yellow Cheddar Cheese	420	91.22807018	Good	FALSE	auto
سعودي	ينتهي في الثلاثاء، ١٤ أبريل ٢٠٢٦		2026-04-05 22:06:33	أطعمة -الألبان ومنتجاتها	Pinar	Pinar Turkish Labneh	بينار لبنة تركي	الفئة أطعمة -الألبان ومنتجاتها		109.99	88.95	19	EGP		page_4.jpg	flyer_9835	[596, 634, 762, 917]	0.95		9835	١٤ أبريل ٢٠٢٦	ينتهي في الثلاثاء، ١٤ أبريل ٢٠٢٦	سعودي	pinar turkish labneh	2000192000000	https://mcprod.seoudisupermarket.com/media/catalog/product/cache/da04281da854ec319aff2207cb4cdbf5/2/0/2000192000000_copy.jpg	Pinar Plain Labneh	355.8	73.68421053	Review	TRUE	auto
سعودي	ينتهي في الثلاثاء، ١٤ أبريل ٢٠٢٦		2026-04-05 22:06:33	أطعمة -لحوم مصنعة وأجبان	المتحدو	El Mottahedoon Baladi Garlic-Free Pastrami	المتحدو بسطرمة بلدي بدون ثوم	الفئة أطعمة -لحوم مصنعة وأجبان		162.49	149.95	7	EGP		page_4.jpg	flyer_9835	[772, 46, 938, 329]	0.95		9835	١٤ أبريل ٢٠٢٦	ينتهي في الثلاثاء، ١٤ أبريل ٢٠٢٦	سعودي	el mottahedoon baladi arlic free pastrami	2000120000000	https://mcprod.seoudisupermarket.com/media/catalog/product/cache/da04281da854ec319aff2207cb4cdbf5/2/0/2000120000000.jpg	Baladi Pastrami without Garlic	599.8	72.72727273	Review	TRUE	auto
سعودي	ينتهي في الثلاثاء، ١٤ أبريل ٢٠٢٦		2026-04-05 22:06:33	أطعمة -طحينة\حلاوة\عسل\شكولاتة سبريد		Green Olives with Pit	زيتون اخضر بالبذر	الفئة أطعمة -طحينة\حلاوة\عسل\شكولاتة سبريد			39.95	0	EGP		page_4.jpg	flyer_9835	[772, 340, 938, 623]	0.95		9835	١٤ أبريل ٢٠٢٦	ينتهي في الثلاثاء، ١٤ أبريل ٢٠٢٦	سعودي	reen olives pit	8426967014676	https://mcprod.seoudisupermarket.com/media/catalog/product/cache/da04281da854ec319aff2207cb4cdbf5/8/4/8426967014676.jpg	Goya Green Olives with Pits - 348 g	189.95	85.71428571	Good	FALSE	auto
سعودي	ينتهي في الثلاثاء، ١٤ أبريل ٢٠٢٦		2026-04-05 22:06:33	أطعمة -لحوم مصنعة وأجبان	المراعي	Almarai Beef Luncheon (Plain - Spiced - Olive) - Chicken	المراعي لانشون بقري (سادة - بهار - زيتون) - دجاج	الفئة أطعمة -لحوم مصنعة وأجبان		67.49	55.45	17	EGP		page_4.jpg	flyer_9835	[772, 634, 938, 917]	0.95		9835	١٤ أبريل ٢٠٢٦	ينتهي في الثلاثاء، ١٤ أبريل ٢٠٢٦	سعودي	almarai beef luncheon plain spiced olive chicken	2000327000000	https://mcprod.seoudisupermarket.com/media/catalog/product/cache/da04281da854ec319aff2207cb4cdbf5/2/0/2000992020091_copy_copy_1.jpg	Almarai Beef Luncheon with Olives	221.8	73.68421053	Review	TRUE	auto
سعودي	ينتهي في الثلاثاء، ١٤ أبريل ٢٠٢٦		2026-04-05 22:06:33	أطعمة -لحوم مصنعة وأجبان	المراعي	Almarai Smoked Turkey Breast	المراعي صدور رومي مدخن	الفئة أطعمة -لحوم مصنعة وأجبان		104.99	86.95	17	EGP		page_4.jpg	flyer_9835	[596, 46, 762, 329]	0.95		9835	١٤ أبريل ٢٠٢٦	ينتهي في الثلاثاء، ١٤ أبريل ٢٠٢٦	سعودي	almarai turkey breast	2000347000000	https://mcprod.seoudisupermarket.com/media/catalog/product/cache/da04281da854ec319aff2207cb4cdbf5/2/0/2000347000000-01.jpg	Almarai Smoked Turkey Breast	347.8	100	Excellent	FALSE	auto
سعودي	ينتهي في الثلاثاء، ١٤ أبريل ٢٠٢٦		2026-04-05 22:06:33	أطعمة -لحوم مصنعة وأجبان	RICH	Rich Smoked Chicken Breast - Smoked Turkey Breast	ريتش (صدور دجاج مدخن - صدور رومي مدخن)	الفئة أطعمة -لحوم مصنعة وأجبان		116.74	104.95	10	EGP		page_4.jpg	flyer_9835	[596, 340, 762, 623]	0.95		9835	١٤ أبريل ٢٠٢٦	ينتهي في الثلاثاء، ١٤ أبريل ٢٠٢٦	سعودي	rich chicken breast turkey breast	6223005081445	https://mcprod.seoudisupermarket.com/media/catalog/product/cache/da04281da854ec319aff2207cb4cdbf5/6/2/6223005081445_new_imaage.jpg	Temry Chicken Breasts Fillets - 1 kg	410	68.96551724	Review	TRUE	auto
سعودي	ينتهي في الثلاثاء، ١٤ أبريل ٢٠٢٦		2026-04-05 22:06:35	أطعمة -الألبان ومنتجاتها	La Vache Qui Rit	La Vache Qui Rit Cheese Slices	لافاش كيري جبنة شرائح ٢٠ ق (شيدر-برجر)	HOT OFFER الفئة أطعمة -الألبان ومنتجاتها		174.95	154.95	11	EGP		page_5.jpg	flyer_9835	[440, 79, 586, 330]	0.97	155.7055	9835	١٤ أبريل ٢٠٢٦	ينتهي في الثلاثاء، ١٤ أبريل ٢٠٢٦	سعودي	la vache qui rit cheese slices	3073781216356	https://mcprod.seoudisupermarket.com/media/catalog/product/cache/da04281da854ec319aff2207cb4cdbf5/3/0/3073781216356.jpg	La Vache Qui Rit Cheddar Cheese Slices - 24 Pieces	269.95	80	Fair	TRUE	auto
سعودي	ينتهي في الثلاثاء، ١٤ أبريل ٢٠٢٦		2026-04-05 22:06:35	أطعمة -الألبان ومنتجاتها	Puck	Puck Cream Cheese Squeeze	بوك جبنة كريمي سكويز ٤٠٠ جم	HOT OFFER الفئة أطعمة -الألبان ومنتجاتها		480	409.95	14	EGP		page_5.jpg	flyer_9835	[270, 134, 400, 330]	0.98	408	9835	١٤ أبريل ٢٠٢٦	ينتهي في الثلاثاء، ١٤ أبريل ٢٠٢٦	سعودي	puck cream cheese squeeze	6281048106495	https://mcprod.seoudisupermarket.com/media/catalog/product/cache/da04281da854ec319aff2207cb4cdbf5/6/2/6281048106495.jpg	Puck Squeez Cream Cheese Spread - 400 g	409.95	95.71428571	Excellent	FALSE	auto
سعودي	ينتهي في الثلاثاء، ١٤ أبريل ٢٠٢٦		2026-04-05 22:06:35	أطعمة -الألبان ومنتجاتها	Puck	Puck Cream Cheese Jar	بوك جبنة كريمي زجاج ٣٢٠ جم	HOT OFFER الفئة أطعمة -الألبان ومنتجاتها		280	199.95	28	EGP		page_5.jpg	flyer_9835	[270, 408, 400, 637]	0.98	198.8	9835	١٤ أبريل ٢٠٢٦	ينتهي في الثلاثاء، ١٤ أبريل ٢٠٢٦	سعودي	puck cream cheese	5760466732567	https://mcprod.seoudisupermarket.com/media/catalog/product/cache/da04281da854ec319aff2207cb4cdbf5/5/7/5760466732567_new.jpg	Puck Cream Cheese - 200 g	159.95	100	Excellent	FALSE	auto
سعودي	ينتهي في الثلاثاء، ١٤ أبريل ٢٠٢٦		2026-04-05 22:06:35	أطعمة -الألبان ومنتجاتها	Kraft	Kraft Cheddar Cream Cheese Jar	كرافت جبنة شيدر كريمي زجاج ٣٢٠ جم	HOT OFFER الفئة أطعمة -الألبان ومنتجاتها		280	209.95	25	EGP		page_5.jpg	flyer_9835	[270, 664, 400, 939]	0.98	210	9835	١٤ أبريل ٢٠٢٦	ينتهي في الثلاثاء، ١٤ أبريل ٢٠٢٦	سعودي	kraft cheddar cream cheese	6084012090222	https://mcprod.seoudisupermarket.com/media/catalog/product/cache/da04281da854ec319aff2207cb4cdbf5/6/0/6084012090222_new.jpg	Kraft Cheddar Cheese - 480 g	450	86.95652174	Good	FALSE	auto
سعودي	ينتهي في الثلاثاء، ١٤ أبريل ٢٠٢٦		2026-04-05 22:06:35	أطعمة -الألبان ومنتجاتها	Virgilio	Virgilio Mascarpone	فيرجيللو ماسكربون ٥٠٠ جم	HOT OFFER الفئة أطعمة -الألبان ومنتجاتها		390	350	10	EGP		page_5.jpg	flyer_9835	[440, 425, 586, 637]	0.98	351	9835	١٤ أبريل ٢٠٢٦	ينتهي في الثلاثاء، ١٤ أبريل ٢٠٢٦	سعودي	virilio mascarpone	8006663006931	https://mcprod.seoudisupermarket.com/media/catalog/product/cache/da04281da854ec319aff2207cb4cdbf5/8/0/8006663006931.jpg	Virgilio Mascarpone - 500 g	350	100	Excellent	FALSE	auto
سعودي	ينتهي في الثلاثاء، ١٤ أبريل ٢٠٢٦		2026-04-05 22:06:35	أطعمة -الألبان ومنتجاتها	Abou El Walad	Abou El Walad Triangle Cheese	ابو الولد جبنة مثلثات ٣٢ ق	HOT OFFER الفئة أطعمة -الألبان ومنتجاتها		153	137.95	9	EGP		page_5.jpg	flyer_9835	[640, 361, 769, 637]	0.97	137.7	9835	١٤ أبريل ٢٠٢٦	ينتهي في الثلاثاء، ١٤ أبريل ٢٠٢٦	سعودي	abou el walad trianle cheese	3037381207163	https://mcprod.seoudisupermarket.com/media/catalog/product/cache/da04281da854ec319aff2207cb4cdbf5/3/0/3037381207163.jpg	Abu El-Walad Triangle Cheese - 40 Pieces	135	97.09677419	Excellent	FALSE	auto
سعودي	ينتهي في الثلاثاء، ١٤ أبريل ٢٠٢٦		2026-04-05 22:06:35	أطعمة -الألبان ومنتجاتها	Pinar	Pinar Turkish Labneh	بينار لبنة تركي ٣٧٠ جم	HOT OFFER الفئة أطعمة -الألبان ومنتجاتها		200	149.95	25	EGP		page_5.jpg	flyer_9835	[640, 664, 769, 939]	0.97	150	9835	١٤ أبريل ٢٠٢٦	ينتهي في الثلاثاء، ١٤ أبريل ٢٠٢٦	سعودي	pinar turkish labneh	2000192000000	https://mcprod.seoudisupermarket.com/media/catalog/product/cache/da04281da854ec319aff2207cb4cdbf5/2/0/2000192000000_copy.jpg	Pinar Plain Labneh	355.8	73.68421053	Review	TRUE	auto
سعودي	ينتهي في الثلاثاء، ١٤ أبريل ٢٠٢٦		2026-04-05 22:06:35	أطعمة -الألبان ومنتجاتها	Almarai	Almarai Greek Yogurt with Fruit	المراعي زبادي يوناني فاكهة ١٧٠ جم	الفئة أطعمة -الألبان ومنتجاتها		47.95	39.95	16	EGP		page_5.jpg	flyer_9835	[790, 62, 970, 330]	0.97	39.7985	9835	١٤ أبريل ٢٠٢٦	ينتهي في الثلاثاء، ١٤ أبريل ٢٠٢٦	سعودي	almarai reek yourt fruit	6223007522243	https://mcprod.seoudisupermarket.com/media/catalog/product/cache/da04281da854ec319aff2207cb4cdbf5/1/7/170gm2-copy-3.jpg	Almarai Greek Yogurt, 0 Fat - 170 g	37.95	100	Excellent	FALSE	auto
سعودي	ينتهي في الثلاثاء، ١٤ أبريل ٢٠٢٦		2026-04-05 22:06:35	أطعمة -الألبان ومنتجاتها	Erman	Erman Pistachio Protein Drink	ايرمان مشروب بروتين فستق ٣٣٠ مل	الفئة أطعمة -الألبان ومنتجاتها		119.95	94.95	20	EGP		page_5.jpg	flyer_9835	[790, 458, 970, 637]	0.97	94.7605	9835	١٤ أبريل ٢٠٢٦	ينتهي في الثلاثاء، ١٤ أبريل ٢٠٢٦	سعودي	erman pistachio protein drink	4002971341607	https://mcprod.seoudisupermarket.com/media/catalog/product/cache/da04281da854ec319aff2207cb4cdbf5/4/0/4002971341607.jpg	Ehrmann Protein Drink with Pistachio - 330 ml	94.95	100	Excellent	FALSE	auto
سعودي	ينتهي في الثلاثاء، ١٤ أبريل ٢٠٢٦		2026-04-05 22:06:35	أطعمة -الألبان ومنتجاتها	Philadelphia	Philadelphia Original Cream Cheese	فيلادلفيا جبنة طبيعي ١٨٠ جم	HOT OFFER الفئة أطعمة -الألبان ومنتجاتها		280	230	17	EGP		page_5.jpg	flyer_9835	[440, 664, 586, 939]	0.98	229.6	9835	١٤ أبريل ٢٠٢٦	ينتهي في الثلاثاء، ١٤ أبريل ٢٠٢٦	سعودي	philadelphia oriinal cream cheese	7622210624840	https://mcprod.seoudisupermarket.com/media/catalog/product/cache/da04281da854ec319aff2207cb4cdbf5/7/6/7622210624840.jpg	Philadelphia Original Cheese - 180 g	230	100	Excellent	FALSE	auto
سعودي	ينتهي في الثلاثاء، ١٤ أبريل ٢٠٢٦		2026-04-05 22:06:35	أطعمة -الألبان ومنتجاتها	Kiri	Kiri Cream Labneh	كيري لبنة كريمي ٢٥٠ جم	الفئة أطعمة -الألبان ومنتجاتها		85	69.95	17	EGP		page_5.jpg	flyer_9835	[640, 79, 769, 330]	0.97	69.7	9835	١٤ أبريل ٢٠٢٦	ينتهي في الثلاثاء، ١٤ أبريل ٢٠٢٦	سعودي	kiri cream labneh	3073780984515	https://mcprod.seoudisupermarket.com/media/catalog/product/cache/da04281da854ec319aff2207cb4cdbf5/3/0/3073780984515_1_1.jpg	Kiri Creamy Labneh - 350 gm	169.95	91.89189189	Good	FALSE	auto
سعودي	ينتهي في الثلاثاء، ١٤ أبريل ٢٠٢٦		2026-04-05 22:06:36	أطعمة -لحوم مصنعة وأجبان	Taste	Beef Luncheon Pastirma Pieces	لانشون بقري قطع بسطرمه 250جم	الفئة أطعمة -لحوم مصنعة وأجبان	250 جم		72.95	0	EGP		page_6.jpg	flyer_9835	[286, 800, 525, 923]	0.95		9835	١٤ أبريل ٢٠٢٦	ينتهي في الثلاثاء، ١٤ أبريل ٢٠٢٦	سعودي	beef luncheon pastirma pieces	2000289000000	https://mcprod.seoudisupermarket.com/media/catalog/product/cache/da04281da854ec319aff2207cb4cdbf5/2/0/2000289000000_copy_1.jpg	Rich Beef Luncheon with Meat Pieces	285.8	77.96610169	Fair	TRUE	auto
سعودي	ينتهي في الثلاثاء، ١٤ أبريل ٢٠٢٦		2026-04-05 22:06:36	أطعمة -لحوم مصنعة وأجبان	Taste	Smoked Beef	لحم بقري مدخن 250جم	الفئة أطعمة -لحوم مصنعة وأجبان	250 جم		112.45	0	EGP		page_6.jpg	flyer_9835	[533, 800, 772, 923]	0.95		9835	١٤ أبريل ٢٠٢٦	ينتهي في الثلاثاء، ١٤ أبريل ٢٠٢٦	سعودي	beef	2000748000000	https://mcprod.seoudisupermarket.com/media/catalog/product/cache/da04281da854ec319aff2207cb4cdbf5/2/0/2000748115576_copy.jpg	Beef Tail	525	61.53846154	Review	TRUE	auto
سعودي	ينتهي في الثلاثاء، ١٤ أبريل ٢٠٢٦		2026-04-05 22:06:36	أطعمة -لحوم مصنعة وأجبان	Taste	Beef Luncheon Plain	لانشون بقري ساده 250جم	الفئة أطعمة -لحوم مصنعة وأجبان	250 جم		58.95	0	EGP		page_6.jpg	flyer_9835	[39, 800, 278, 923]	0.95		9835	١٤ أبريل ٢٠٢٦	ينتهي في الثلاثاء، ١٤ أبريل ٢٠٢٦	سعودي	beef luncheon plain	2000483000000	https://mcprod.seoudisupermarket.com/media/catalog/product/cache/da04281da854ec319aff2207cb4cdbf5/2/0/2000483000000_thumbnail.jpg	Rich Beef Luncheon	257.8	81.08108108	Fair	TRUE	auto
سعودي	ينتهي في الثلاثاء، ١٤ أبريل ٢٠٢٦		2026-04-05 22:06:36	أطعمة -لحوم مصنعة وأجبان	Taste	Smoked Turkey/Chicken Breasts	صدور رومي/دجاج مدخنه 250جم	الفئة أطعمة -لحوم مصنعة وأجبان	250 جم		92.95	0	EGP		page_6.jpg	flyer_9835	[780, 800, 1019, 923]	0.95		9835	١٤ أبريل ٢٠٢٦	ينتهي في الثلاثاء، ١٤ أبريل ٢٠٢٦	سعودي	turkey chicken breasts	2000729000000	https://mcprod.seoudisupermarket.com/media/catalog/product/cache/da04281da854ec319aff2207cb4cdbf5/2/0/2000729000000.jpg	Chicken Breasts	312	81.08108108	Fair	TRUE	auto
سعودي	ينتهي في الثلاثاء، ١٤ أبريل ٢٠٢٦		2026-04-05 22:06:36	أطعمة -لحوم مصنعة وأجبان	Taste	Roast Beef / Tripanco	روست بيف/ تريبانكو 250جم	الفئة أطعمة -لحوم مصنعة وأجبان	250 جم		217.95	0	EGP		page_6.jpg	flyer_9835	[533, 639, 772, 762]	0.95		9835	١٤ أبريل ٢٠٢٦	ينتهي في الثلاثاء، ١٤ أبريل ٢٠٢٦	سعودي	roast beef tripanco	2005446000000	https://mcprod.seoudisupermarket.com/media/catalog/product/cache/da04281da854ec319aff2207cb4cdbf5/2/0/2005438039422_copy_copy.jpg	Taste Pure Smoked Beef Terbanico	871.8	72.72727273	Review	TRUE	auto
سعودي	ينتهي في الثلاثاء، ١٤ أبريل ٢٠٢٦		2026-04-05 22:06:36	أطعمة -لحوم مصنعة وأجبان	Taste	Vacuum Pastirma	بسطرمه فاكيوم 250جم	الفئة أطعمة -لحوم مصنعة وأجبان	250 جم		202.45	0	EGP		page_6.jpg	flyer_9835	[286, 639, 525, 762]	0.95		9835	١٤ أبريل ٢٠٢٦	ينتهي في الثلاثاء، ١٤ أبريل ٢٠٢٦	سعودي	pastirma	611111110153	https://mcprod.seoudisupermarket.com/media/catalog/product/cache/da04281da854ec319aff2207cb4cdbf5/6/1/611111110153.jpg	Tabarak Fresh Peas - 300 g	57.95	60	Review	TRUE	auto
سعودي	ينتهي في الثلاثاء، ١٤ أبريل ٢٠٢٦		2026-04-05 22:06:36	أطعمة -لحوم مصنعة وأجبان	Taste	Smoked Beef Bacon	بيف بيكون مدخن 250جم	الفئة أطعمة -لحوم مصنعة وأجبان	250 جم		164.95	0	EGP		page_6.jpg	flyer_9835	[39, 639, 278, 762]	0.95		9835	١٤ أبريل ٢٠٢٦	ينتهي في الثلاثاء، ١٤ أبريل ٢٠٢٦	سعودي	beef bacon	2000899000000	https://mcprod.seoudisupermarket.com/media/catalog/product/cache/da04281da854ec319aff2207cb4cdbf5/2/0/2000899000000_newwww_imagee.jpg	Rich Smoked Beef Bacon	749.8	80	Fair	TRUE	auto
سعودي	ينتهي في الثلاثاء، ١٤ أبريل ٢٠٢٦		2026-04-05 22:06:36	أطعمة -لحوم مصنعة وأجبان	Taste	Turkey Fillets Plain/Paprika	فصوص رومي ساده/بابريكا 250جم	الفئة أطعمة -لحوم مصنعة وأجبان	250 جم		167.95	0	EGP		page_6.jpg	flyer_9835	[780, 639, 1019, 762]	0.95		9835	١٤ أبريل ٢٠٢٦	ينتهي في الثلاثاء، ١٤ أبريل ٢٠٢٦	سعودي	turkey s plain paprika	6224007280195	https://mcprod.seoudisupermarket.com/media/catalog/product/cache/da04281da854ec319aff2207cb4cdbf5/6/2/6224007280195.jpg	Sea Star Sardines Paprika - 415 g	131.45	68.08510638	Review	TRUE	auto
سعودي	ينتهي في الثلاثاء، ١٤ أبريل ٢٠٢٦		2026-04-05 22:06:37	أطعمة مجمدة	أورينت	Orient Mombar	أورينت ممبار ٤٥٠ جم	الفئة أطعمة مجمدة		139.95	117.75	15	EGP		page_7.jpg	flyer_9835	[740, 672, 984, 938]	0.95	117.558	9835	١٤ أبريل ٢٠٢٦	ينتهي في الثلاثاء، ١٤ أبريل ٢٠٢٦	سعودي	orient mombar	6224001089077	https://mcprod.seoudisupermarket.com/media/catalog/product/cache/da04281da854ec319aff2207cb4cdbf5/6/2/6224001089077_neww_image.jpg	Orient Mombar - 450 g	117.75	100	Excellent	FALSE	auto
سعودي	ينتهي في الثلاثاء، ١٤ أبريل ٢٠٢٦		2026-04-05 22:06:37	أطعمة -فراخ وطيور	أطياب	Atayeb Chicken Crunchy Pane	أطياب صدور بانيه ١ كجم (عادي - حار)	الفئة أطعمة -فراخ وطيور		332.45	269.95	18	EGP		page_7.jpg	flyer_9835	[470, 360, 714, 638]	0.95	269.2845	9835	١٤ أبريل ٢٠٢٦	ينتهي في الثلاثاء، ١٤ أبريل ٢٠٢٦	سعودي	atayeb chicken crunchy pane	6224000625498	https://mcprod.seoudisupermarket.com/media/catalog/product/cache/da04281da854ec319aff2207cb4cdbf5/6/2/6224000625498_new.jpg	Atyab Crispy Chicken Pane - 400 g	123.45	80.76923077	Fair	TRUE	auto
سعودي	ينتهي في الثلاثاء، ١٤ أبريل ٢٠٢٦		2026-04-05 22:06:37	أطعمة مجمدة	السنبلة	Sunbulah Molokhia	السنبلة ملوخية ٤٠٠ جم	الفئة أطعمة مجمدة		21.95	18.75	14	EGP		page_7.jpg	flyer_9835	[740, 360, 984, 638]	0.95	18.6575	9835	١٤ أبريل ٢٠٢٦	ينتهي في الثلاثاء، ١٤ أبريل ٢٠٢٦	سعودي	sunbulah molokhia	6281073150869	https://mcprod.seoudisupermarket.com/media/catalog/product/cache/da04281da854ec319aff2207cb4cdbf5/6/2/6281073150869_1.jpg	Sunbulah Molokhia - 400 g	18.75	100	Excellent	FALSE	auto
سعودي	ينتهي في الثلاثاء، ١٤ أبريل ٢٠٢٦		2026-04-05 22:06:37	أطعمة مجمدة	Hot & Crispy	Hot & Crispy Sweet Potato	هوت اند كرسبي بطاطا حلوة ١ كجم	الفئة أطعمة مجمدة			114.45	0	EGP		page_7.jpg	flyer_9835	[740, 204, 984, 399]	0.95		9835	١٤ أبريل ٢٠٢٦	ينتهي في الثلاثاء، ١٤ أبريل ٢٠٢٦	سعودي	hot crispy sweet potato	5283000516251	https://mcprod.seoudisupermarket.com/media/catalog/product/cache/da04281da854ec319aff2207cb4cdbf5/5/2/5283000516251_1.jpg	Hot & Crispy Sweet Potato - 1 kg	114.45	100	Excellent	FALSE	auto
سعودي	ينتهي في الثلاثاء، ١٤ أبريل ٢٠٢٦		2026-04-05 22:06:37	أطعمة -فراخ وطيور	تمري	Tamri Chicken Strips	تمري ستريبس ١ كجم (عادي - حار)	الفئة أطعمة -فراخ وطيور		344.45	289.95	15	EGP		page_7.jpg	flyer_9835	[200, 204, 444, 399]	0.95	289.338	9835	١٤ أبريل ٢٠٢٦	ينتهي في الثلاثاء، ١٤ أبريل ٢٠٢٦	سعودي	tamri chicken strips	2003863000000	https://mcprod.seoudisupermarket.com/media/catalog/product/cache/da04281da854ec319aff2207cb4cdbf5/2/0/2003863103435_copy.jpg	Chicken Strips	390	82.35294118	Fair	TRUE	auto
سعودي	ينتهي في الثلاثاء، ١٤ أبريل ٢٠٢٦		2026-04-05 22:06:37	أطعمة مجمدة	أطياب	Atayeb Beef Burger	أطياب بيف برجر ٢٠ ق كجم	الفئة أطعمة مجمدة		313.25	244.45	21	EGP		page_7.jpg	flyer_9835	[470, 204, 714, 399]	0.95	244.335	9835	١٤ أبريل ٢٠٢٦	ينتهي في الثلاثاء، ١٤ أبريل ٢٠٢٦	سعودي	atayeb beef burer	6224007330265	https://mcprod.seoudisupermarket.com/media/catalog/product/cache/da04281da854ec319aff2207cb4cdbf5/6/2/6224007330265_thumbnail.jpg	Atyab Beef Burger - 16 Pieces	259.95	79	Fair	TRUE	auto
سعودي	ينتهي في الثلاثاء، ١٤ أبريل ٢٠٢٦		2026-04-05 22:06:37	أطعمة مجمدة	يا بلاش	Veal Frozen Liver	بتلو كبدة مجمدة ١ كجم	الفئة أطعمة مجمدة			239.95	0	EGP		page_7.jpg	flyer_9835	[200, 360, 444, 638]	0.95		9835	١٤ أبريل ٢٠٢٦	ينتهي في الثلاثاء، ١٤ أبريل ٢٠٢٦	سعودي	veal frozen liver	2000771000000	https://mcprod.seoudisupermarket.com/media/catalog/product/cache/da04281da854ec319aff2207cb4cdbf5/l/i/liver-isolated-on-white-backgrou-removebg-preview.png	Frozen Veal Livers	219.95	100	Excellent	FALSE	auto
سعودي	ينتهي في الثلاثاء، ١٤ أبريل ٢٠٢٦		2026-04-05 22:06:37	أطعمة -فراخ وطيور	العابد	El Abed Frozen Duck	العابد بط مجمد ١ كجم	الفئة أطعمة -فراخ وطيور			119.95	0	EGP		page_7.jpg	flyer_9835	[200, 672, 444, 938]	0.95		9835	١٤ أبريل ٢٠٢٦	ينتهي في الثلاثاء، ١٤ أبريل ٢٠٢٦	سعودي	el abed frozen duck	2000294000000	https://mcprod.seoudisupermarket.com/media/catalog/product/cache/da04281da854ec319aff2207cb4cdbf5/2/0/2000294000000.jpg	El Abed Frozen Duck	119.95	100	Excellent	FALSE	auto
سعودي	ينتهي في الثلاثاء، ١٤ أبريل ٢٠٢٦		2026-04-05 22:06:38	أطعمة - أسماك	Mido	Smoked Salmon	ميدو سالمون مدخن	الفئة أطعمة - أسماك		479.95	409.95	14	EGP		page_8.jpg	flyer_9835	[196, 222, 460, 460]	High	407.9575	9835	١٤ أبريل ٢٠٢٦	ينتهي في الثلاثاء، ١٤ أبريل ٢٠٢٦	سعودي	salmon	154851	https://mcprod.seoudisupermarket.com/media/catalog/product/cache/da04281da854ec319aff2207cb4cdbf5/1/5/154851_new_sticker.jpg	Smoked Almond - 250 g	240	83.33333333	Fair	TRUE	auto
سعودي	ينتهي في الثلاثاء، ١٤ أبريل ٢٠٢٦		2026-04-05 22:06:38	أطعمة - أسماك	Saudi	Smoked Salmon	سعودي سالمون مدخن	الفئة أطعمة - أسماك		704.9	599.95	14	EGP		page_8.jpg	flyer_9835	[358, 222, 622, 460]	High	599.165	9835	١٤ أبريل ٢٠٢٦	ينتهي في الثلاثاء، ١٤ أبريل ٢٠٢٦	سعودي	salmon	154851	https://mcprod.seoudisupermarket.com/media/catalog/product/cache/da04281da854ec319aff2207cb4cdbf5/1/5/154851_new_sticker.jpg	Smoked Almond - 250 g	240	83.33333333	Fair	TRUE	auto
سعودي	ينتهي في الثلاثاء، ١٤ أبريل ٢٠٢٦		2026-04-05 22:06:38	أطعمة - أسماك	Saudi	Salmon Fillet	سعودي سالمون فيلية	الفئة أطعمة - أسماك		599.95	499.95	16	EGP		page_8.jpg	flyer_9835	[640, 222, 904, 460]	High	497.9585	9835	١٤ أبريل ٢٠٢٦	ينتهي في الثلاثاء، ١٤ أبريل ٢٠٢٦	سعودي	salmon	154851	https://mcprod.seoudisupermarket.com/media/catalog/product/cache/da04281da854ec319aff2207cb4cdbf5/1/5/154851_new_sticker.jpg	Smoked Almond - 250 g	240	83.33333333	Fair	TRUE	auto
سعودي	ينتهي في الثلاثاء، ١٤ أبريل ٢٠٢٦		2026-04-05 22:06:38	أطعمة مجمدة	Sunbulah	Puff Pastry Sheets	السنبلة رقائق بف بيستري	الفئة أطعمة مجمدة		124.95	104.95	16	EGP		page_8.jpg	flyer_9835	[196, 468, 460, 706]	High	104.958	9835	١٤ أبريل ٢٠٢٦	ينتهي في الثلاثاء، ١٤ أبريل ٢٠٢٦	سعودي	puff pastry sheets	6281073121906	https://mcprod.seoudisupermarket.com/media/catalog/product/cache/da04281da854ec319aff2207cb4cdbf5/6/2/6281073121906.png	Walima Puff Pastry Sheets - 400 g	87.75	87.72093023	Good	FALSE	auto
سعودي	ينتهي في الثلاثاء، ١٤ أبريل ٢٠٢٦		2026-04-05 22:06:38	أطعمة مجمدة	Snickers, Bounty, Mars	Ice Cream Bar	ايس كريم بار ٤ق	HOT OFFER الفئة أطعمة مجمدة		440	294.95	32	EGP		page_8.jpg	flyer_9835	[196, 714, 460, 952]	High	294.8	9835	١٤ أبريل ٢٠٢٦	ينتهي في الثلاثاء، ١٤ أبريل ٢٠٢٦	سعودي	ice cream bar	6222020805135	https://mcprod.seoudisupermarket.com/media/catalog/product/cache/da04281da854ec319aff2207cb4cdbf5/6/2/6222020805135_cadbury_vanilla_cone_110ml.jpg	Cadbury Ice Cream Cone - 110 ml	34.95	68.57142857	Review	TRUE	auto
سعودي	ينتهي في الثلاثاء، ١٤ أبريل ٢٠٢٦		2026-04-05 22:06:38	أطعمة - أسماك	SeaCube	Breaded Shrimp	سي كيوب جمبري جاهز على القلي	عادي - حار الفئة أطعمة - أسماك		444.95	399.95	10	EGP		page_8.jpg	flyer_9835	[640, 468, 904, 706]	High	400.455	9835	١٤ أبريل ٢٠٢٦	ينتهي في الثلاثاء، ١٤ أبريل ٢٠٢٦	سعودي	breaded shrimp	2004172000000	https://mcprod.seoudisupermarket.com/media/catalog/product/cache/da04281da854ec319aff2207cb4cdbf5/2/0/2004172000000_newww.jpg	Abo Elseed Vacuumed Smoked Herring	195	52.94117647	Review	TRUE	auto
سعودي	ينتهي في الثلاثاء، ١٤ أبريل ٢٠٢٦		2026-04-05 22:06:38	أطعمة مجمدة	Sunbulah	Pizza Crust	السنبلة قواعد بيتزا	3 قطع صغيرة أو 3 قطع وسط الفئة أطعمة مجمدة		157.75	132.45	16	EGP		page_8.jpg	flyer_9835	[640, 714, 904, 952]	High	132.51	9835	١٤ أبريل ٢٠٢٦	ينتهي في الثلاثاء، ١٤ أبريل ٢٠٢٦	سعودي	pizza crust	6224009812998	https://mcprod.seoudisupermarket.com/media/catalog/product/cache/da04281da854ec319aff2207cb4cdbf5/6/2/6224009812998.png	Romana Pizza Crust - 600 g	129.95	85.86206897	Good	FALSE	auto
سعودي	ينتهي في الثلاثاء، ١٤ أبريل ٢٠٢٦		2026-04-05 22:06:38	أطعمة - أسماك	Bahary	Small Shrimp Meat	بحري جمبري لحم صغير	الفئة أطعمة - أسماك		471.95	429.95	8	EGP		page_8.jpg	flyer_9835	[358, 468, 622, 706]	High	429.4745	9835	١٤ أبريل ٢٠٢٦	ينتهي في الثلاثاء، ١٤ أبريل ٢٠٢٦	سعودي	small shrimp meat	2000828000000	https://mcprod.seoudisupermarket.com/media/catalog/product/cache/da04281da854ec319aff2207cb4cdbf5/2/0/2000828000000.jpg	Mearge Fish Small	284.95	60.60606061	Review	TRUE	auto
سعودي	ينتهي في الثلاثاء، ١٤ أبريل ٢٠٢٦		2026-04-05 22:06:38	أطعمة مجمدة	Mega	Mega Ice Cream	ميجا ايس كريم انواع	3+1 Free الفئة أطعمة مجمدة		80	59.85	25	EGP		page_8.jpg	flyer_9835	[358, 714, 622, 952]	High	60	9835	١٤ أبريل ٢٠٢٦	ينتهي في الثلاثاء، ١٤ أبريل ٢٠٢٦	سعودي	mea ice cream	6970865850468	https://mcprod.seoudisupermarket.com/media/catalog/product/cache/da04281da854ec319aff2207cb4cdbf5/6/9/6970865850468_2.jpg	Mango Ice Cream - 75 g	179.95	88.88888889	Good	FALSE	auto
سعودي	ينتهي في الثلاثاء، ١٤ أبريل ٢٠٢٦		2026-04-05 22:06:40	أطعمة - أسماك	La Mer	Smoked Salmon Fresh Slices	سلمون مدخن شرائح فريش	الفئة أطعمة - أسماك	200 جم		410.5	0	EGP		page_9.jpg	flyer_9835	[320, 26, 437, 306]	1		9835	١٤ أبريل ٢٠٢٦	ينتهي في الثلاثاء، ١٤ أبريل ٢٠٢٦	سعودي	salmon slices	2004357000000	https://mcprod.seoudisupermarket.com/media/catalog/product/cache/da04281da854ec319aff2207cb4cdbf5/f/i/file.jpg	Salmon Slices	899.95	100	Excellent	FALSE	auto
سعودي	ينتهي في الثلاثاء، ١٤ أبريل ٢٠٢٦		2026-04-05 22:06:40	أطعمة - أسماك	La Mer	Salmon Fillet Piece	سلمون فيليه قطعة	الفئة أطعمة - أسماك	200 جم		284.95	0	EGP		page_9.jpg	flyer_9835	[278, 380, 394, 584]	1		9835	١٤ أبريل ٢٠٢٦	ينتهي في الثلاثاء، ١٤ أبريل ٢٠٢٦	سعودي	salmon piece	6224008143895	https://mcprod.seoudisupermarket.com/media/catalog/product/cache/da04281da854ec319aff2207cb4cdbf5/6/2/6224008143895-removebg-preview.png	Nour Fresh Smoked Salmon Pieces - 250 g	199	80	Fair	TRUE	auto
سعودي	ينتهي في الثلاثاء، ١٤ أبريل ٢٠٢٦		2026-04-05 22:06:40	أطعمة - أسماك	La Mer	Smoked Salmon Slices	سلمون مدخن شرائح	الفئة أطعمة - أسماك	200 جم		394.95	0	EGP		page_9.jpg	flyer_9835	[320, 674, 437, 924]	1		9835	١٤ أبريل ٢٠٢٦	ينتهي في الثلاثاء، ١٤ أبريل ٢٠٢٦	سعودي	salmon slices	2004357000000	https://mcprod.seoudisupermarket.com/media/catalog/product/cache/da04281da854ec319aff2207cb4cdbf5/f/i/file.jpg	Salmon Slices	899.95	100	Excellent	FALSE	auto
سعودي	ينتهي في الثلاثاء، ١٤ أبريل ٢٠٢٦		2026-04-05 22:06:40	أطعمة - أسماك	La Mer	Crab Sticks	اصابع كابوريا	الفئة أطعمة - أسماك	250 جم		124.95	0	EGP		page_9.jpg	flyer_9835	[856, 380, 973, 584]	1		9835	١٤ أبريل ٢٠٢٦	ينتهي في الثلاثاء، ١٤ أبريل ٢٠٢٦	سعودي	crab sticks	2004357000000	https://mcprod.seoudisupermarket.com/media/catalog/product/cache/da04281da854ec319aff2207cb4cdbf5/f/i/file.jpg	Salmon Slices	899.95	50	Review	TRUE	auto
سعودي	ينتهي في الثلاثاء، ١٤ أبريل ٢٠٢٦		2026-04-05 22:06:42	أطعمة -الألبان ومنتجاتها	COLD STONE CREAMERY	Chocolate Lovers Ice Cream Tub	Chocolate Lovers Ice Cream Tub	DISCOUNT UP TO 15% الفئة أطعمة -الألبان ومنتجاتها		149.95	127.75	14	EGP	الخصم ساري على عبوة 1 لتر والساندويتش	page_11.jpg	flyer_9835	[493, 245, 517, 407]	0.98	127.7574	9835	١٤ أبريل ٢٠٢٦	ينتهي في الثلاثاء، ١٤ أبريل ٢٠٢٦	سعودي	chocolate lovers ice cream tub	6222020803490	https://mcprod.seoudisupermarket.com/media/catalog/product/cache/da04281da854ec319aff2207cb4cdbf5/o/r/oreo_2.png	Oreo Chocolate Ice Cream Sandwich - 135 ml	39.95	76.66666667	Fair	TRUE	auto
سعودي	ينتهي في الثلاثاء، ١٤ أبريل ٢٠٢٦		2026-04-05 22:06:42	أطعمة -الألبان ومنتجاتها	COLD STONE CREAMERY	Cookies & Cream Ice Cream Sandwich	Cookies & Cream Ice Cream Sandwich	DISCOUNT UP TO 15% الفئة أطعمة -الألبان ومنتجاتها		34.95	29.95	14	EGP	الخصم ساري على عبوة 1 لتر والساندويتش	page_11.jpg	flyer_9835	[638, 620, 658, 720]	0.98	29.95215	9835	١٤ أبريل ٢٠٢٦	ينتهي في الثلاثاء، ١٤ أبريل ٢٠٢٦	سعودي	cookies cream ice cream swich	6224009922369	https://mcprod.seoudisupermarket.com/media/catalog/product/cache/da04281da854ec319aff2207cb4cdbf5/6/2/6224009922369_2.jpg	Cold Stone Cookies & Cream Ice Cream Sandwich - 135 ml	29.95	94.05797101	Excellent	FALSE	auto
سعودي	ينتهي في الثلاثاء، ١٤ أبريل ٢٠٢٦		2026-04-05 22:06:45	أطعمة -مشروبات	GRO	GRO Plant-based Drink	جرو لبن نباتي (لوز - لوز باريستا - شوفان - جوزهند) التر	الفئة أطعمة -مشروبات		149.95	129.95	13	EGP		page_13.jpg	flyer_9835	[630, 201, 807, 407]			9835	١٤ أبريل ٢٠٢٦	ينتهي في الثلاثاء، ١٤ أبريل ٢٠٢٦	سعودي	ro plant based drink	6224008637295	https://mcprod.seoudisupermarket.com/media/catalog/product/cache/da04281da854ec319aff2207cb4cdbf5/d/r/drinks200ml_lapple_copy.jpg	Lamar Apple Drink - 200 ml	9.25	64.86486486	Review	TRUE	auto
سعودي	ينتهي في الثلاثاء، ١٤ أبريل ٢٠٢٦		2026-04-05 22:06:45	أطعمة -مشروبات	Caesar	Caesar Natural Juice	سيزر عصير طبيعي (مانجو - اناناس - تفاح - برتقال وجزر) ٢٥٠مل	الفئة أطعمة -مشروبات		49.95	39.95	20	EGP		page_13.jpg	flyer_9835	[49, 201, 453, 407]			9835	١٤ أبريل ٢٠٢٦	ينتهي في الثلاثاء، ١٤ أبريل ٢٠٢٦	سعودي	caesar natural juice	6281060043617	https://mcprod.seoudisupermarket.com/media/catalog/product/cache/da04281da854ec319aff2207cb4cdbf5/6/2/6281060043617.jpg	Caesar Mango Juice - 250 ml	39.95	85.67567568	Good	FALSE	auto
سعودي	ينتهي في الثلاثاء، ١٤ أبريل ٢٠٢٦		2026-04-05 22:06:45	أطعمة -مشروبات	Schweppes	Schweppes Malt Beverage	شوبيس مشروب شعير ٩٠.لتر انواع	الفئة أطعمة -مشروبات			27.95	0	EGP		page_13.jpg	flyer_9835	[49, 409, 326, 615]			9835	١٤ أبريل ٢٠٢٦	ينتهي في الثلاثاء، ١٤ أبريل ٢٠٢٦	سعودي	schweppes malt beverae	5449000255600	https://mcprod.seoudisupermarket.com/media/catalog/product/cache/da04281da854ec319aff2207cb4cdbf5/5/4/5449000255600.jpg	Schweppes Pomegranate - 240 ml	14.95	75.42857143	Fair	TRUE	auto
سعودي	ينتهي في الثلاثاء، ١٤ أبريل ٢٠٢٦		2026-04-05 22:06:45	أطعمة -مشروبات	Obour Land	Obour Land Milk	عبور لاند لبن (كامل - خالي الدسم) التر	الفئة أطعمة -مشروبات		49.95	43.45	13	EGP		page_13.jpg	flyer_9835	[453, 201, 630, 407]			9835	١٤ أبريل ٢٠٢٦	ينتهي في الثلاثاء، ١٤ أبريل ٢٠٢٦	سعودي	obour l milk	6224008709015	https://mcprod.seoudisupermarket.com/media/catalog/product/cache/da04281da854ec319aff2207cb4cdbf5/6/2/6224008709015_neww.jpg	Obour Land Skimmed Milk - 1 Liter	43.45	73.15789474	Review	TRUE	auto
سعودي	ينتهي في الثلاثاء، ١٤ أبريل ٢٠٢٦		2026-04-05 22:06:45	أطعمة -مشروبات	San Benedetto	San Benedetto Water	سان بينيديتو مياه (مكربنة - طبيعية) ٥٠٠مل	الفئة أطعمة -مشروبات		77.75	67.75	12	EGP		page_13.jpg	flyer_9835	[49, 617, 326, 823]			9835	١٤ أبريل ٢٠٢٦	ينتهي في الثلاثاء، ١٤ أبريل ٢٠٢٦	سعودي	san benedetto water	80008620	https://mcprod.seoudisupermarket.com/media/catalog/product/cache/da04281da854ec319aff2207cb4cdbf5/8/0/80008620_250ml_copy.jpg	San Benedetto Water - 250 ml	62.25	100	Excellent	FALSE	auto
سعودي	ينتهي في الثلاثاء، ١٤ أبريل ٢٠٢٦		2026-04-05 22:06:45	أطعمة -مشروبات	Schweppes	Schweppes Malt Beverage	شوبيس مشروب شعير انواع ٣٠٠ مل كانز	الفئة أطعمة -مشروبات			15.75	0	EGP		page_13.jpg	flyer_9835	[326, 409, 603, 615]			9835	١٤ أبريل ٢٠٢٦	ينتهي في الثلاثاء، ١٤ أبريل ٢٠٢٦	سعودي	schweppes malt beverae	5449000255600	https://mcprod.seoudisupermarket.com/media/catalog/product/cache/da04281da854ec319aff2207cb4cdbf5/5/4/5449000255600.jpg	Schweppes Pomegranate - 240 ml	14.95	81.42857143	Fair	TRUE	auto
سعودي	ينتهي في الثلاثاء، ١٤ أبريل ٢٠٢٦		2026-04-05 22:06:45	أطعمة -مشروبات	Red Bull	Red Bull Energy Drink	ريد بل مشروب طاقة ٢٥٠مل *٤ق انواع	الفئة أطعمة -مشروبات		210.95	204.95	2	EGP		page_13.jpg	flyer_9835	[603, 409, 880, 615]			9835	١٤ أبريل ٢٠٢٦	ينتهي في الثلاثاء، ١٤ أبريل ٢٠٢٦	سعودي	red bull enery drink	90162602	https://mcprod.seoudisupermarket.com/media/catalog/product/cache/da04281da854ec319aff2207cb4cdbf5/9/0/90162602.jpg	Red Bull Energy Drink - 250 ml	59.95	100	Excellent	FALSE	auto
سعودي	ينتهي في الثلاثاء، ١٤ أبريل ٢٠٢٦		2026-04-05 22:06:45	أطعمة -مشروبات	Coca-Cola, Sprite, Fanta	Coca-Cola, Sprite, Fanta	كوكاكولا - سبرايت - فانتا برتقال بلاستيك ١,٤٠ لتر	الفئة أطعمة -مشروبات		35.75	32.45	9	EGP		page_13.jpg	flyer_9835	[326, 617, 603, 823]			9835	١٤ أبريل ٢٠٢٦	ينتهي في الثلاثاء، ١٤ أبريل ٢٠٢٦	سعودي	coca cola sprite fanta	5000112669541	https://mcprod.seoudisupermarket.com/media/catalog/product/cache/da04281da854ec319aff2207cb4cdbf5/v/e/vector_smart_object_copy.png	Coca-Cola + Sprite - 1.45 Liters	61.95	80	Fair	TRUE	auto
سعودي	ينتهي في الثلاثاء، ١٤ أبريل ٢٠٢٦		2026-04-05 22:06:45	أطعمة -مشروبات	Coca-Cola, Sprite, Fanta	Coca-Cola, Sprite, Fanta	كوكاكولا عادي / زيرو - سبرايت عادي / زيرو - فانتا برتقال ٣٣٠ مل * ٤ قطع	الفئة أطعمة -مشروبات		101.7	91.75	9	EGP		page_13.jpg	flyer_9835	[603, 617, 880, 823]			9835	١٤ أبريل ٢٠٢٦	ينتهي في الثلاثاء، ١٤ أبريل ٢٠٢٦	سعودي	coca cola sprite fanta	5000112669541	https://mcprod.seoudisupermarket.com/media/catalog/product/cache/da04281da854ec319aff2207cb4cdbf5/v/e/vector_smart_object_copy.png	Coca-Cola + Sprite - 1.45 Liters	61.95	80	Fair	TRUE	auto
سعودي	ينتهي في الثلاثاء، ١٤ أبريل ٢٠٢٦		2026-04-05 22:06:46	أطعمة -مشروبات	Abu Auf	Abu Auf Coffee (Plain - Medium - Dark)	ابو عوف بن سادة (فاتح - وسط - غامق) ٢٠٠ جم	قهوة تركي الفئة أطعمة -مشروبات		214.95	189.95	11	EGP		page_14.jpg	flyer_9835	[690, 358, 908, 608]	0.95	189.156	9835	١٤ أبريل ٢٠٢٦	ينتهي في الثلاثاء، ١٤ أبريل ٢٠٢٦	سعودي	abu auf coffee plain medium dark	6223006318403	https://mcprod.seoudisupermarket.com/media/catalog/product/cache/da04281da854ec319aff2207cb4cdbf5/6/2/6223006318403.jpg	Abu Auf Medium Turkish Coffee Plain - 50 g	57.75	80.59701493	Fair	TRUE	auto
سعودي	ينتهي في الثلاثاء، ١٤ أبريل ٢٠٢٦		2026-04-05 22:06:46	أطعمة -مشروبات	Royal	Royal Green Tea (Plain - Mint)	رويال شاي اخضر ٢٥ فتلة (سادة - نعناع)	الفئة أطعمة -مشروبات		29.95	24.95	16	EGP		page_14.jpg	flyer_9835	[209, 358, 427, 608]	0.95	24.8585	9835	١٤ أبريل ٢٠٢٦	ينتهي في الثلاثاء، ١٤ أبريل ٢٠٢٦	سعودي	royal reen tea plain mint	6040391213942	https://mcprod.seoudisupermarket.com/media/catalog/product/cache/da04281da854ec319aff2207cb4cdbf5/6/0/6040391213942.jpg	Royal Mint Green Tea - 25 Pieces	24.95	96.2745098	Excellent	FALSE	auto
سعودي	ينتهي في الثلاثاء، ١٤ أبريل ٢٠٢٦		2026-04-05 22:06:46	أطعمة -مشروبات	Emtenan	Emtenan Tea (Diet - Green Tea)	امتنان شاي (رجيم - اخضر كاي) ١٨ متلة	شاي أعشاب الفئة أطعمة -مشروبات		48.25	39.95	17	EGP		page_14.jpg	flyer_9835	[209, 100, 427, 349]	0.95	40.0475	9835	١٤ أبريل ٢٠٢٦	ينتهي في الثلاثاء، ١٤ أبريل ٢٠٢٦	سعودي	emtenan tea diet reen tea	054881007184	https://mcprod.seoudisupermarket.com/media/catalog/product/cache/da04281da854ec319aff2207cb4cdbf5/5/4/54881007184.jpg	Ahmad Tea Mint Green Tea - 100 g	71.45	70.83333333	Review	TRUE	auto
سعودي	ينتهي في الثلاثاء، ١٤ أبريل ٢٠٢٦		2026-04-05 22:06:46	أطعمة -مشروبات	Royal	Royal Herbal Tea (Peppermint - Anise - Hibiscus)	رويال اعشاب (ينسون - نعناع - كركديه) ٢٠ فتلة	الفئة أطعمة -مشروبات		27.75	21.75	21	EGP		page_14.jpg	flyer_9835	[209, 616, 427, 866]	0.95	21.645	9835	١٤ أبريل ٢٠٢٦	ينتهي في الثلاثاء، ١٤ أبريل ٢٠٢٦	سعودي	royal herbal tea peppermint anise hibiscus	6040391212372	https://mcprod.seoudisupermarket.com/media/catalog/product/cache/da04281da854ec319aff2207cb4cdbf5/6/0/6040391212372.jpg	Royal Hibiscus Herbal Teabags - 20 Pieces	21.75	85.32467532	Good	FALSE	auto
سعودي	ينتهي في الثلاثاء، ١٤ أبريل ٢٠٢٦		2026-04-05 22:06:46	أطعمة -مشروبات	Al-Kbous Tea	Al-Kbous Tea (Tea Bags)	الكبوس شاي ١٠٠ فتلة	الفئة أطعمة -مشروبات		142.95	129.95	9	EGP		page_14.jpg	flyer_9835	[450, 358, 668, 608]	0.95	130.0845	9835	١٤ أبريل ٢٠٢٦	ينتهي في الثلاثاء، ١٤ أبريل ٢٠٢٦	سعودي	al kbous tea tea bas	6251361100104	https://mcprod.seoudisupermarket.com/media/catalog/product/cache/da04281da854ec319aff2207cb4cdbf5/6/2/6251361100104.jpg	Al Kbous Tea - 100 Teabags	129.95	92.05128205	Excellent	FALSE	auto
سعودي	ينتهي في الثلاثاء، ١٤ أبريل ٢٠٢٦		2026-04-05 22:06:46	أطعمة -مشروبات	Lipton	Lipton Yellow Label Tea	ليبتون شاي ناعم ٤٠٠ جم * ٤ قطع	الفئة أطعمة -مشروبات		121.8	99.95	17	EGP		page_14.jpg	flyer_9835	[690, 616, 908, 866]	0.95	99.876	9835	١٤ أبريل ٢٠٢٦	ينتهي في الثلاثاء، ١٤ أبريل ٢٠٢٦	سعودي	lipton yellow label tea	2000607000000	https://mcprod.seoudisupermarket.com/media/catalog/product/cache/da04281da854ec319aff2207cb4cdbf5/2/0/2000607000000.jpg	Imported Yellow Apples	119.95	70.66666667	Review	TRUE	auto
سعودي	ينتهي في الثلاثاء، ١٤ أبريل ٢٠٢٦		2026-04-05 22:06:46	أطعمة -مشروبات	El Orouba	El Orouba Coffee (Light - Medium - Dark)	العروبة بن محوج (فاتح - وسط - غامق) ٢٠٠ جم	توليفة العروبة الفئة أطعمة -مشروبات		190.95	159.95	16	EGP		page_14.jpg	flyer_9835	[690, 100, 908, 349]	0.95	160.398	9835	١٤ أبريل ٢٠٢٦	ينتهي في الثلاثاء، ١٤ أبريل ٢٠٢٦	سعودي	el orouba coffee liht medium dark	6225000737785	https://mcprod.seoudisupermarket.com/media/catalog/product/cache/da04281da854ec319aff2207cb4cdbf5/6/2/6225000737785.jpg	El Molla Light Mehawij Coffee - 200 g	154.95	78.85245902	Fair	TRUE	auto
سعودي	ينتهي في الثلاثاء، ١٤ أبريل ٢٠٢٦		2026-04-05 22:06:46	أطعمة -مشروبات	Al-Kbous Tea	Al-Kbous Black Tea (Loose)	الكبوس شاي ناعم ٢٠٠ جم	شاي أسود ناعم الفئة أطعمة -مشروبات		89.95	79.95	11	EGP		page_14.jpg	flyer_9835	[450, 100, 668, 349]	0.95	80.0555	9835	١٤ أبريل ٢٠٢٦	ينتهي في الثلاثاء، ١٤ أبريل ٢٠٢٦	سعودي	al kbous black tea loose	6253505463403	https://mcprod.seoudisupermarket.com/media/catalog/product/cache/da04281da854ec319aff2207cb4cdbf5/6/2/6253505463403.jpg	Al Kbous Loose Tea - 200 g	89.95	92.71428571	Excellent	FALSE	auto
سعودي	ينتهي في الثلاثاء، ١٤ أبريل ٢٠٢٦		2026-04-05 22:06:46	أطعمة -مشروبات	Ahmad Tea	Ahmad Tea London Blend	احمد تي لندن بليند ١٠٠ فتله	الفئة أطعمة -مشروبات		150.75	118.95	21	EGP		page_14.jpg	flyer_9835	[450, 616, 668, 866]	0.95	119.0925	9835	١٤ أبريل ٢٠٢٦	ينتهي في الثلاثاء، ١٤ أبريل ٢٠٢٦	سعودي	ahmad tea london blend	054881014977	https://mcprod.seoudisupermarket.com/media/catalog/product/cache/da04281da854ec319aff2207cb4cdbf5/0/5/054881014977.jpg	Ahmad Tea London Blend Black Tea - 100 g	33.95	81.48148148	Fair	TRUE	auto
سعودي	ينتهي في الثلاثاء، ١٤ أبريل ٢٠٢٦		2026-04-05 22:06:50	أطعمة -طحينة\حلاوة\عسل\شكولاتة سبريد	Five Stars	All-purpose flour	خمس نجوم دقيق جميع الاغراض ١كجم	الفئة أطعمة -طحينة\حلاوة\عسل\شكولاتة سبريد		41.95	34.95	16	EGP		page_17.jpg	flyer_9835	[25, 120, 329, 320]	0.95	34.8185	9835	١٤ أبريل ٢٠٢٦	ينتهي في الثلاثاء، ١٤ أبريل ٢٠٢٦	سعودي	all purpose flour	6223000680087	https://mcprod.seoudisupermarket.com/media/catalog/product/cache/da04281da854ec319aff2207cb4cdbf5/6/2/6223000680087.jpg	King M All Purpose Flour - 1 kg	36.75	90.95238095	Good	FALSE	auto
سعودي	ينتهي في الثلاثاء، ١٤ أبريل ٢٠٢٦		2026-04-05 22:06:50	أطعمة -طحينة\حلاوة\عسل\شكولاتة سبريد	Imtenan	Brown Rice	امتنان ارز بني ٧٥٠جم	الفئة أطعمة -طحينة\حلاوة\عسل\شكولاتة سبريد		94.95	74.95	21	EGP		page_17.jpg	flyer_9835	[344, 120, 640, 320]	0.95	75.0105	9835	١٤ أبريل ٢٠٢٦	ينتهي في الثلاثاء، ١٤ أبريل ٢٠٢٦	سعودي	brown rice	6221078144296	https://mcprod.seoudisupermarket.com/media/catalog/product/cache/da04281da854ec319aff2207cb4cdbf5/6/2/6221078144296_new.jpg	Imtenan Brown Rice - 750 g	74.95	81.42857143	Fair	TRUE	auto
سعودي	ينتهي في الثلاثاء، ١٤ أبريل ٢٠٢٦		2026-04-05 22:06:50	أطعمة -طحينة\حلاوة\عسل\شكولاتة سبريد	Rehana	Thai Basmati Rice	ريحانة ارز بسمتي تايلاندي ١ك	الفئة أطعمة -طحينة\حلاوة\عسل\شكولاتة سبريد		109.75	79.75	27	EGP		page_17.jpg	flyer_9835	[658, 120, 954, 320]	0.95	80.1175	9835	١٤ أبريل ٢٠٢٦	ينتهي في الثلاثاء، ١٤ أبريل ٢٠٢٦	سعودي	thai basmati rice	8901144100507	https://mcprod.seoudisupermarket.com/media/catalog/product/cache/da04281da854ec319aff2207cb4cdbf5/8/9/8901144100507.jpg	Tilda Basmati Rice - 5 kg	823.75	81.08108108	Fair	TRUE	auto
سعودي	ينتهي في الثلاثاء، ١٤ أبريل ٢٠٢٦		2026-04-05 22:06:50	أطعمة -طحينة\حلاوة\عسل\شكولاتة سبريد	Wadi Food	Tomato Sauce	وادي فود صلصة ٣٦٠جم	الفئة أطعمة -طحينة\حلاوة\عسل\شكولاتة سبريد		32.95	27.95	15	EGP		page_17.jpg	flyer_9835	[25, 350, 329, 550]	0.95	28.0075	9835	١٤ أبريل ٢٠٢٦	ينتهي في الثلاثاء، ١٤ أبريل ٢٠٢٦	سعودي	tomato sauce	8436033872536	https://mcprod.seoudisupermarket.com/media/catalog/product/cache/da04281da854ec319aff2207cb4cdbf5/8/4/8436033872536.jpg	Diamir Tomato Sauce - 550 g	164.45	77.41935484	Fair	TRUE	auto
سعودي	ينتهي في الثلاثاء، ١٤ أبريل ٢٠٢٦		2026-04-05 22:06:50	أطعمة -طحينة\حلاوة\عسل\شكولاتة سبريد	Mac & Cheese	Mac & Cheese Pasta	ماك&شيز مكرونة انواع ٢٠٠جم	4 TYPES OF REAL CHEESE الفئة أطعمة -طحينة\حلاوة\عسل\شكولاتة سبريد		79.95	69.95	12	EGP		page_17.jpg	flyer_9835	[344, 350, 640, 550]	0.95	69.5565	9835	١٤ أبريل ٢٠٢٦	ينتهي في الثلاثاء، ١٤ أبريل ٢٠٢٦	سعودي	mac cheese pasta	6223000200896	https://mcprod.seoudisupermarket.com/media/catalog/product/cache/da04281da854ec319aff2207cb4cdbf5/6/2/6223000200896_new.jpg	Panda Cheese with Cream - 240 g	114.5	70.96774194	Review	TRUE	auto
سعودي	ينتهي في الثلاثاء، ١٤ أبريل ٢٠٢٦		2026-04-05 22:06:50	أطعمة -طحينة\حلاوة\عسل\شكولاتة سبريد	Bab El Sham	Chunky Mix (Normal & Spicy)	باب الشام شانكي (عادي وحار) ٤٠٠جم	الفئة أطعمة -طحينة\حلاوة\عسل\شكولاتة سبريد		31.75	24.95	21	EGP		page_17.jpg	flyer_9835	[25, 580, 329, 780]	0.95	25.0825	9835	١٤ أبريل ٢٠٢٦	ينتهي في الثلاثاء، ١٤ أبريل ٢٠٢٦	سعودي	chunky mix normal spicy	028400055970	https://mcprod.seoudisupermarket.com/media/catalog/product/cache/da04281da854ec319aff2207cb4cdbf5/2/8/28400055970_1.jpg	Tostitos Mild Chunky Salsa - 439.4 g	456.45	61.2244898	Review	TRUE	auto
سعودي	ينتهي في الثلاثاء، ١٤ أبريل ٢٠٢٦		2026-04-05 22:06:50	أطعمة -طحينة\حلاوة\عسل\شكولاتة سبريد	Imtenan	Raw Brown Sugar	امتنان سكر بني خام ٧٥٠جم	100% NATURAL الفئة أطعمة -طحينة\حلاوة\عسل\شكولاتة سبريد		98.95	76.95	22	EGP		page_17.jpg	flyer_9835	[658, 580, 954, 780]	0.95	77.181	9835	١٤ أبريل ٢٠٢٦	ينتهي في الثلاثاء، ١٤ أبريل ٢٠٢٦	سعودي	raw brown suar	6221078134396	https://mcprod.seoudisupermarket.com/media/catalog/product/cache/da04281da854ec319aff2207cb4cdbf5/6/2/6221078134396_thumbnail.jpg	Imtenan Raw Brown Sugar - 750 g	76.95	87.77777778	Good	FALSE	auto
سعودي	ينتهي في الثلاثاء، ١٤ أبريل ٢٠٢٦		2026-04-05 22:06:51	أطعمة -زيوت ودهون	روابي	Rawabi Vegetable Ghee	روابي سمن نباتي	16.05 وفر الفئة أطعمة -زيوت ودهون		181	164.95	8	EGP		page_18.jpg	flyer_9835	[106, 106, 305, 309]	0.95	164.71	9835	١٤ أبريل ٢٠٢٦	ينتهي في الثلاثاء، ١٤ أبريل ٢٠٢٦	سعودي	rawabi veetable hee	6223000264492	https://mcprod.seoudisupermarket.com/media/catalog/product/cache/da04281da854ec319aff2207cb4cdbf5/6/2/6223000264492.jpg	Rawaby Vegtable Ghee - 700 g	91.95	91.89189189	Good	FALSE	auto
سعودي	ينتهي في الثلاثاء، ١٤ أبريل ٢٠٢٦		2026-04-05 22:06:51	أطعمة -صلصات وتوابل	Wadi Food	Wadi Food White Vinegar	وادي فود خل ابيض ١ لتر	4 وفر الفئة أطعمة -صلصات وتوابل		18.95	14.95	21	EGP		page_18.jpg	flyer_9835	[634, 330, 804, 509]	0.95	14.9705	9835	١٤ أبريل ٢٠٢٦	ينتهي في الثلاثاء، ١٤ أبريل ٢٠٢٦	سعودي	wadi food white vinear	6223000193532	https://mcprod.seoudisupermarket.com/media/catalog/product/cache/da04281da854ec319aff2207cb4cdbf5/6/2/6223000193532.jpg	"Wadi Food White Vinegar - 1 Liter "	14.95	98	Excellent	FALSE	auto
سعودي	ينتهي في الثلاثاء، ١٤ أبريل ٢٠٢٦		2026-04-05 22:06:51	أطعمة - أسماك	Dolphin	Dolphin Easy Chunks Tuna	دولفين تونة قطع سهلة ١٨٥ جم	11.50 وفر الفئة أطعمة - أسماك		76.45	64.95	15	EGP		page_18.jpg	flyer_9835	[634, 551, 804, 729]	0.95	64.9825	9835	١٤ أبريل ٢٠٢٦	ينتهي في الثلاثاء، ١٤ أبريل ٢٠٢٦	سعودي	dolphin easy chunks tuna	6224009352401	https://mcprod.seoudisupermarket.com/media/catalog/product/cache/da04281da854ec319aff2207cb4cdbf5/6/2/6224009352401.jpg	Dolphin Smoked Tuna Slices - 170 g	82.75	73.76744186	Review	TRUE	auto
سعودي	ينتهي في الثلاثاء، ١٤ أبريل ٢٠٢٦		2026-04-05 22:06:51	أطعمة - أسماك	Dolphin	Dolphin Tuna Q.W.S.	دولفين تونة ق.و.س ٣*٢٠٠ جم	35 وفر الفئة أطعمة - أسماك		249.95	214.95	14	EGP		page_18.jpg	flyer_9835	[370, 551, 549, 729]	0.95	214.957	9835	١٤ أبريل ٢٠٢٦	ينتهي في الثلاثاء، ١٤ أبريل ٢٠٢٦	سعودي	dolphin tuna q w s	6224009352401	https://mcprod.seoudisupermarket.com/media/catalog/product/cache/da04281da854ec319aff2207cb4cdbf5/6/2/6224009352401.jpg	Dolphin Smoked Tuna Slices - 170 g	82.75	75.67567568	Fair	TRUE	auto
سعودي	ينتهي في الثلاثاء، ١٤ أبريل ٢٠٢٦		2026-04-05 22:06:51	أطعمة - أسماك	Cava	Cava Sardines (Mild - Hot)	كافا سردين (بارد - حار) ١٢٥ جم	5 وفر الفئة أطعمة - أسماك		47.45	42.45	10	EGP		page_18.jpg	flyer_9835	[50, 551, 320, 729]	0.95	42.2305	9835	١٤ أبريل ٢٠٢٦	ينتهي في الثلاثاء، ١٤ أبريل ٢٠٢٦	سعودي	cava sardines mild hot	6225000643918	https://mcprod.seoudisupermarket.com/media/catalog/product/cache/da04281da854ec319aff2207cb4cdbf5/6/2/6225000643918.jpg	Cava Classic Sardines - 125 g	42.45	79.76744186	Fair	TRUE	auto
سعودي	ينتهي في الثلاثاء، ١٤ أبريل ٢٠٢٦		2026-04-05 22:06:51	أطعمة -معلبات / تونة	Harvest	Harvest Fava Beans (strained) Plain - with Tahini - with Pickled Lemon	هارفست فول (مصفى) سادة - مصفى بالطحينة - ليمون معصفر ٤٠٠ جم	3 وفر الفئة أطعمة -معلبات / تونة		24.45	21.45	12	EGP		page_18.jpg	flyer_9835	[370, 330, 549, 509]	0.95	21.516	9835	١٤ أبريل ٢٠٢٦	ينتهي في الثلاثاء، ١٤ أبريل ٢٠٢٦	سعودي	harvest fava beans strained plain tahini pickled lemon	6223001060956	https://mcprod.seoudisupermarket.com/media/catalog/product/cache/da04281da854ec319aff2207cb4cdbf5/6/2/6223001060956_1.png	Harvest Strained Fava Beans With Tahini - 400 g	21.45	87.27272727	Good	FALSE	auto
سعودي	ينتهي في الثلاثاء، ١٤ أبريل ٢٠٢٦		2026-04-05 22:06:51	أطعمة -زيوت ودهون	Morgana	Morgana Oil	مرجانة زيت ٧٠٠ مل	5 وفر الفئة أطعمة -زيوت ودهون		54.95	49.95	9	EGP		page_18.jpg	flyer_9835	[634, 106, 804, 309]	0.95	50.0045	9835	١٤ أبريل ٢٠٢٦	ينتهي في الثلاثاء، ١٤ أبريل ٢٠٢٦	سعودي	morana oil	6223001642480	https://mcprod.seoudisupermarket.com/media/catalog/product/cache/da04281da854ec319aff2207cb4cdbf5/6/2/6223001642473.jpg	Morgana Oil - 700 ml	49.95	100	Excellent	FALSE	auto
سعودي	ينتهي في الثلاثاء، ١٤ أبريل ٢٠٢٦		2026-04-05 22:06:51	أطعمة -زيوت ودهون	Wadi Food	Wadi Food Virgin Olive Oil	وادي فود زيت زيتون بكر ٥٠٠ مل	97 وفر الفئة أطعمة -زيوت ودهون		446.95	349.95	21	EGP		page_18.jpg	flyer_9835	[370, 106, 549, 309]	0.95	348.621	9835	١٤ أبريل ٢٠٢٦	ينتهي في الثلاثاء، ١٤ أبريل ٢٠٢٦	سعودي	wadi food virin olive oil	6223000190449	https://mcprod.seoudisupermarket.com/media/catalog/product/cache/da04281da854ec319aff2207cb4cdbf5/6/2/6223000190449.jpg	Wadi Food Virgin Olive Oil - 500 ml	349.95	100	Excellent	FALSE	auto
سعودي	ينتهي في الثلاثاء، ١٤ أبريل ٢٠٢٦		2026-04-05 22:06:53	أطعمة -زيوت ودهون	Katfa	Corn Oil	زيت ذرة	يابلاش طبيعي 100% الفئة أطعمة -زيوت ودهون	1.5 لتر	167.95	147.95	11	EGP		page_19.jpg	flyer_9835	[449, 747, 588, 886]	0.95	147.796	9835	١٤ أبريل ٢٠٢٦	ينتهي في الثلاثاء، ١٤ أبريل ٢٠٢٦	سعودي	corn oil	6223001642480	https://mcprod.seoudisupermarket.com/media/catalog/product/cache/da04281da854ec319aff2207cb4cdbf5/6/2/6223001642473.jpg	Morgana Oil - 700 ml	49.95	77.77777778	Fair	TRUE	auto
سعودي	ينتهي في الثلاثاء، ١٤ أبريل ٢٠٢٦		2026-04-05 22:06:53	أطعمة -زيوت ودهون	Katfa	Sunflower Oil	زيت دوار الشمس	يابلاش طبيعي 100% الفئة أطعمة -زيوت ودهون	2.1 لتر	199.95	179.45	10	EGP		page_19.jpg	flyer_9835	[340, 340, 479, 479]	0.95	179.955	9835	١٤ أبريل ٢٠٢٦	ينتهي في الثلاثاء، ١٤ أبريل ٢٠٢٦	سعودي	sunflower oil	6222000500838	https://mcprod.seoudisupermarket.com/media/catalog/product/cache/da04281da854ec319aff2207cb4cdbf5/6/2/6222000500838.jpg	Hla Sunflower Oil - 700 ml	73.75	86.66666667	Good	FALSE	auto
سعودي	ينتهي في الثلاثاء، ١٤ أبريل ٢٠٢٦		2026-04-05 22:06:54	أطعمة -عسل	Hero Delicia	Hero Delicia Honey (Citrus, Clover, Spring Blossom)	هيرو عسل انواع ٤١٠ جم	وفر 35 الفئة أطعمة -عسل		194.95	159.95	17	EGP		page_20.jpg	flyer_9835	[600, 600, 830, 830]	1	159.859	9835	١٤ أبريل ٢٠٢٦	ينتهي في الثلاثاء، ١٤ أبريل ٢٠٢٦	سعودي	hero delicia honey citrus clover sprin blossom	6221024999246	https://mcprod.seoudisupermarket.com/media/catalog/product/cache/da04281da854ec319aff2207cb4cdbf5/6/2/6221024999246.jpg	Hero Clover Blossom Honey, 650 g - Discount%	149.95	79.5	Fair	TRUE	auto
سعودي	ينتهي في الثلاثاء، ١٤ أبريل ٢٠٢٦		2026-04-05 22:06:54	أطعمة -عسل	Al Shifa	Al Shifa Clover Blossom Honey	الشفاء عسل زهرة البرسيم ٥٠٠ جم	وفر 41 الفئة أطعمة -عسل		180.95	139.95	22	EGP		page_20.jpg	flyer_9835	[340, 600, 570, 830]	1	139.3315	9835	١٤ أبريل ٢٠٢٦	ينتهي في الثلاثاء، ١٤ أبريل ٢٠٢٦	سعودي	al shifa clover blossom honey	6281073211263	https://mcprod.seoudisupermarket.com/media/catalog/product/cache/da04281da854ec319aff2207cb4cdbf5/6/2/6281073211263_1.jpg	Al Shifa Clover Honey - 500 g	139.95	94	Excellent	FALSE	auto
سعودي	ينتهي في الثلاثاء، ١٤ أبريل ٢٠٢٦		2026-04-05 22:06:54	أطعمة -عسل	Knooz	Knooz Yemeni Sidr Honey	كنوز عسل سدر حضرمي يمني ٣٥٠ جم	وفر 125 الفئة أطعمة -عسل		599.95	474.95	20	EGP		page_20.jpg	flyer_9835	[90, 600, 320, 830]	1	473.9605	9835	١٤ أبريل ٢٠٢٦	ينتهي في الثلاثاء، ١٤ أبريل ٢٠٢٦	سعودي	knooz yemeni sidr honey	6224008191049	https://mcprod.seoudisupermarket.com/media/catalog/product/cache/da04281da854ec319aff2207cb4cdbf5/6/2/6224008191049.jpg	Konoz Yemeni Royal Sidr Honey - 250 g	1194.95	84.61538462	Fair	TRUE	auto
سعودي	ينتهي في الثلاثاء، ١٤ أبريل ٢٠٢٦		2026-04-05 22:06:54	أطعمة -طحينة\حلاوة\عسل\شكولاتة سبريد	Hero Delicia	Hero Delicia Jam (Blueberry, Black Cherry, Raspberry)	هيرو مربى ٣٥٠ جم توت ازرق - كرز اسود - توت برى	وفر 10.50 الفئة أطعمة -طحينة\حلاوة\عسل\شكولاتة سبريد		103.95	93.45	10	EGP		page_20.jpg	flyer_9835	[600, 340, 830, 570]	1	93.555	9835	١٤ أبريل ٢٠٢٦	ينتهي في الثلاثاء، ١٤ أبريل ٢٠٢٦	سعودي	hero delicia jam blueberry black cherry raspberry	8992741904339	https://mcprod.seoudisupermarket.com/media/catalog/product/cache/da04281da854ec319aff2207cb4cdbf5/8/9/8992741904339.jpg	Yupi Raspberry & Blackberry Jelly Candy - 18 g	18.45	62.65060241	Review	TRUE	auto
سعودي	ينتهي في الثلاثاء، ١٤ أبريل ٢٠٢٦		2026-04-05 22:06:54	أطعمة -طحينة\حلاوة\عسل\شكولاتة سبريد	Vitrac	Vitrac Jam (Blueberry, Black Cherry, Red Berry)	فيتراك مربى توت ازرق-كرز اسود-توت احمر ٤٣٠ جم	وفر 11 الفئة أطعمة -طحينة\حلاوة\عسل\شكولاتة سبريد		70.95	59.95	15	EGP		page_20.jpg	flyer_9835	[340, 340, 570, 570]	1	59.598	9835	١٤ أبريل ٢٠٢٦	ينتهي في الثلاثاء، ١٤ أبريل ٢٠٢٦	سعودي	vitrac jam blueberry black cherry red berry	6221024992766	https://mcprod.seoudisupermarket.com/media/catalog/product/cache/da04281da854ec319aff2207cb4cdbf5/6/2/6221024992766_1_.jpg	Vitrac Black Cherry Jam - 430 g	59.95	79.6969697	Fair	TRUE	auto
سعودي	ينتهي في الثلاثاء، ١٤ أبريل ٢٠٢٦		2026-04-05 22:06:54	أطعمة -طحينة\حلاوة\عسل\شكولاتة سبريد	Vitrac	Vitrac Jam (Strawberry, Fig, Apricot, Orange, Mango, Peach, Carrot)	فيتراك مربى فراولة-تين -فراوله وتوت-مانجو-بلح -البرتقال-جزر ٤٣٠ جم	وفر 10 الفئة أطعمة -طحينة\حلاوة\عسل\شكولاتة سبريد		52.95	42.95	18	EGP		page_20.jpg	flyer_9835	[90, 340, 320, 570]	1	42.8895	9835	١٤ أبريل ٢٠٢٦	ينتهي في الثلاثاء، ١٤ أبريل ٢٠٢٦	سعودي	vitrac jam strawberry fi apricot orane mano peach carrot	6221024995040	https://mcprod.seoudisupermarket.com/media/catalog/product/cache/da04281da854ec319aff2207cb4cdbf5/6/2/6221024995040.jpg	Hero Raspberry Jam, 350 g + Gift Apricot Jam, 28 g + Strawberry Jam - 28 g	83.45	66.66666667	Review	TRUE	auto
سعودي	ينتهي في الثلاثاء، ١٤ أبريل ٢٠٢٦		2026-04-05 22:06:54	أطعمة -حبوب الإفطار	Abu Auf	Abu Auf Whole Oats	ابو عوف شوفان حبة كاملة ٤٥٠ جم	وفر 12 الفئة أطعمة -حبوب الإفطار		71.75	59.75	16	EGP		page_20.jpg	flyer_9835	[600, 89, 830, 320]	1	59.5525	9835	١٤ أبريل ٢٠٢٦	ينتهي في الثلاثاء، ١٤ أبريل ٢٠٢٦	سعودي	abu auf whole oats	6223004612626	https://mcprod.seoudisupermarket.com/media/catalog/product/cache/da04281da854ec319aff2207cb4cdbf5/6/2/6223004612626.jpg	Abu Auf Whole Oats - 450 g	59.75	100	Excellent	FALSE	auto
سعودي	ينتهي في الثلاثاء، ١٤ أبريل ٢٠٢٦		2026-04-05 22:06:55	أطعمة -طحينة\حلاوة\عسل\شكولاتة سبريد	El Rashidi El Mizan	Tahina	الرشيدي طحينة	الفئة أطعمة -طحينة\حلاوة\عسل\شكولاتة سبريد	700 جم	190.95	154.95	18	EGP		page_21.jpg	flyer_9835	[130, 122, 327, 328]	0.95	124.1175	9835	١٤ أبريل ٢٠٢٦	ينتهي في الثلاثاء، ١٤ أبريل ٢٠٢٦	سعودي	tahina	2004126000000	https://mcprod.seoudisupermarket.com/media/catalog/product/cache/da04281da854ec319aff2207cb4cdbf5/2/0/2004126000000_copy_1.jpg	Tahini Sauce	250	55.55555556	Review	TRUE	auto
سعودي	ينتهي في الثلاثاء، ١٤ أبريل ٢٠٢٦		2026-04-05 22:06:55	أطعمة -طحينة\حلاوة\عسل\شكولاتة سبريد	البوادي	El Bawadi Black Honey	البوادي عسل اسود	الفئة أطعمة -طحينة\حلاوة\عسل\شكولاتة سبريد	650 جم	52.95	45.45	14	EGP		page_21.jpg	flyer_9835	[336, 122, 533, 328]	0.95	48.97875	9835	١٤ أبريل ٢٠٢٦	ينتهي في الثلاثاء، ١٤ أبريل ٢٠٢٦	سعودي	el bawadi black honey	6223000762288	https://mcprod.seoudisupermarket.com/media/catalog/product/cache/da04281da854ec319aff2207cb4cdbf5/6/2/6223000762288.jpg	El Bawadi Tahini - 44 g	10.75	64.86486486	Review	TRUE	auto
سعودي	ينتهي في الثلاثاء، ١٤ أبريل ٢٠٢٦		2026-04-05 22:06:55	أطعمة -طحينة\حلاوة\عسل\شكولاتة سبريد	البوادي	El Bawadi Plain Halawa	البوادي حلاوة سادة	الفئة أطعمة -طحينة\حلاوة\عسل\شكولاتة سبريد	900 جم	168.75	144.95	14	EGP		page_21.jpg	flyer_9835	[542, 122, 739, 328]	0.95	128.5875	9835	١٤ أبريل ٢٠٢٦	ينتهي في الثلاثاء، ١٤ أبريل ٢٠٢٦	سعودي	el bawadi plain halawa	6223000760215	https://mcprod.seoudisupermarket.com/media/catalog/product/cache/da04281da854ec319aff2207cb4cdbf5/6/2/6223000760215_thumbnail.jpg	El Bawadi Plain Halawa - 900 g	144.95	100	Excellent	FALSE	auto
سعودي	ينتهي في الثلاثاء، ١٤ أبريل ٢٠٢٦		2026-04-05 22:06:55	أطعمة -طحينة\حلاوة\عسل\شكولاتة سبريد	Lino	Lino Peanut Butter Light-Smooth-Crunchy	لينو زبدة فول سوداني لايت-ناعم-خشن	الفئة أطعمة -طحينة\حلاوة\عسل\شكولاتة سبريد	340 جم	147.95	124.95	15	EGP		page_21.jpg	flyer_9835	[130, 340, 327, 546]	0.95	113.9215	9835	١٤ أبريل ٢٠٢٦	ينتهي في الثلاثاء، ١٤ أبريل ٢٠٢٦	سعودي	lino peanut butter liht smooth crunchy	6224008245254	https://mcprod.seoudisupermarket.com/media/catalog/product/cache/da04281da854ec319aff2207cb4cdbf5/6/2/6224008245254.jpg	Lino Crunchy Peanut Butter - 340 g	124.95	91.25	Good	FALSE	auto
سعودي	ينتهي في الثلاثاء، ١٤ أبريل ٢٠٢٦		2026-04-05 22:06:55	أطعمة -طحينة\حلاوة\عسل\شكولاتة سبريد	American Garden	American Garden Popcorn Butter Flavors	امريكان فشار زبدة انواع	الفئة أطعمة -طحينة\حلاوة\عسل\شكولاتة سبريد	240 جم	299.95	234.95	21	EGP		page_21.jpg	flyer_9835	[130, 558, 327, 764]	0.95	104.9825	9835	١٤ أبريل ٢٠٢٦	ينتهي في الثلاثاء، ١٤ أبريل ٢٠٢٦	سعودي	american arden popcorn butter flavors	017273550347	https://mcprod.seoudisupermarket.com/media/catalog/product/cache/da04281da854ec319aff2207cb4cdbf5/0/1/017273550347.jpg	American Garden Light Butter Popcorn - 240 g	234.95	97.32394366	Excellent	FALSE	auto
سعودي	ينتهي في الثلاثاء، ١٤ أبريل ٢٠٢٦		2026-04-05 22:06:55	أطعمة -طحينة\حلاوة\عسل\شكولاتة سبريد	Nutella	Nutella Chocolate Cream	نوتيلا كريمة شيكولاتة	الفئة أطعمة -طحينة\حلاوة\عسل\شكولاتة سبريد	650 جم	239.95	213.75	10	EGP		page_21.jpg	flyer_9835	[542, 340, 739, 546]	0.95	177.0831	9835	١٤ أبريل ٢٠٢٦	ينتهي في الثلاثاء، ١٤ أبريل ٢٠٢٦	سعودي	nutella chocolate cream	80001256	https://mcprod.seoudisupermarket.com/media/catalog/product/cache/da04281da854ec319aff2207cb4cdbf5/8/0/80001256.jpg	Loacker Chocolate with Hazelnut Cream - 54 g	112.45	76.36363636	Fair	TRUE	auto
سعودي	ينتهي في الثلاثاء، ١٤ أبريل ٢٠٢٦		2026-04-05 22:06:55	أطعمة -طحينة\حلاوة\عسل\شكولاتة سبريد	Abu Auf	Abu Auf Peanut Butter	ابو عوف زبدة سوداني	الفئة أطعمة -طحينة\حلاوة\عسل\شكولاتة سبريد	330 جم	134.45	109.45	18	EGP		page_21.jpg	flyer_9835	[336, 558, 533, 764]	0.95	100.8375	9835	١٤ أبريل ٢٠٢٦	ينتهي في الثلاثاء، ١٤ أبريل ٢٠٢٦	سعودي	abu auf peanut butter	6223004763762	https://mcprod.seoudisupermarket.com/media/catalog/product/cache/da04281da854ec319aff2207cb4cdbf5/6/2/6223004763762.jpg	Abu Auf Peanut Butter - 330 g	109.45	100	Excellent	FALSE	auto
سعودي	ينتهي في الثلاثاء، ١٤ أبريل ٢٠٢٦		2026-04-05 22:06:55	أطعمة -طحينة\حلاوة\عسل\شكولاتة سبريد	Dream Wonder	Dream Wonder Chocolate Spread	دريم وندر شيكولاتة سبريد	الفئة أطعمة -طحينة\حلاوة\عسل\شكولاتة سبريد	600 جم	229.95	214.95	6	EGP		page_21.jpg	flyer_9835	[336, 340, 533, 546]	0.95	195.4575	9835	١٤ أبريل ٢٠٢٦	ينتهي في الثلاثاء، ١٤ أبريل ٢٠٢٦	سعودي	dream wonder chocolate spread	6223003945992	https://mcprod.seoudisupermarket.com/media/catalog/product/cache/da04281da854ec319aff2207cb4cdbf5/6/2/6223003945992_1_.jpg	Dreem Wonder Chocolate Spread - 600 g	214.95	100	Excellent	FALSE	auto
سعودي	ينتهي في الثلاثاء، ١٤ أبريل ٢٠٢٦		2026-04-05 22:06:55	أطعمة -طحينة\حلاوة\عسل\شكولاتة سبريد	Hero / Hefe Delicia	Hero Biscuit Spread Flavors	هيرو بسكوت سبريد انواع	الفئة أطعمة -طحينة\حلاوة\عسل\شكولاتة سبريد	300 جم	124.95	104.95	16	EGP		page_21.jpg	flyer_9835	[542, 558, 739, 764]	0.95	99.96	9835	١٤ أبريل ٢٠٢٦	ينتهي في الثلاثاء، ١٤ أبريل ٢٠٢٦	سعودي	hero biscuit spread flavors	6221024994401	https://mcprod.seoudisupermarket.com/media/catalog/product/cache/da04281da854ec319aff2207cb4cdbf5/6/2/6221024994401_mri_delicia_biscuit_cinnamon_300g.jpg	Hero Cinnamon Biscuit Spread - 300 g	104.95	90	Good	FALSE	auto
سعودي	ينتهي في الثلاثاء، ١٤ أبريل ٢٠٢٦		2026-04-05 22:06:57	أطعمة -حلوى	Dreem	Jelly Strawberry	دريم جيلي فراولة	Value Pack X3 الفئة أطعمة -حلوى	3*70 جم	35.95	33.95	5	EGP		page_22.jpg	flyer_9835			33.793	9835	١٤ أبريل ٢٠٢٦	ينتهي في الثلاثاء، ١٤ أبريل ٢٠٢٦	سعودي	jelly strawberry	8713800133404	https://mcprod.seoudisupermarket.com/media/catalog/product/cache/da04281da854ec319aff2207cb4cdbf5/8/7/8713800133404.jpg	Red Band Strawberry Jelly - 100 g	87.75	84.21052632	Fair	TRUE	auto
سعودي	ينتهي في الثلاثاء، ١٤ أبريل ٢٠٢٦		2026-04-05 22:06:57	مستلزمات المخبوزات	Dreem	Cake Mix	دريم كيك مكس - شيكولاتة - فانيليا - برتقال - فراولة - جوز هند	الفئة مستلزمات المخبوزات		56.75	51.75	8	EGP		page_22.jpg	flyer_9835			51.6425	9835	١٤ أبريل ٢٠٢٦	ينتهي في الثلاثاء، ١٤ أبريل ٢٠٢٦	سعودي	cake mix	6223001031680	https://mcprod.seoudisupermarket.com/media/catalog/product/cache/da04281da854ec319aff2207cb4cdbf5/6/2/6223001031680.jpg	Cook's Mug Cake Mix - 65 g	16.45	61.53846154	Review	TRUE	auto
سعودي	ينتهي في الثلاثاء، ١٤ أبريل ٢٠٢٦		2026-04-05 22:06:57	أطعمة- شيكولاتة وحلويات	Lino	Protein Puffs	لينو بروتين بافس انواع - لينو شوفان مخبوز انواع ٣٠ جم * ٣ قطعة	الفئة أطعمة- شيكولاتة وحلويات	3*30 جم		18.95	0	EGP		page_22.jpg	flyer_9835				9835	١٤ أبريل ٢٠٢٦	ينتهي في الثلاثاء، ١٤ أبريل ٢٠٢٦	سعودي	protein puffs	6225000575066	https://mcprod.seoudisupermarket.com/media/catalog/product/cache/da04281da854ec319aff2207cb4cdbf5/6/2/6225000575066.jpg	Gusto Protein Puffs BBQ - 60 g	19.75	84.28571429	Fair	TRUE	auto
سعودي	ينتهي في الثلاثاء، ١٤ أبريل ٢٠٢٦		2026-04-05 22:06:57	مستلزمات المخبوزات	Dreem	Whipped Topping	دريم كريم شانتيه عائلي	عبوة التوفير الفئة مستلزمات المخبوزات	180 جم	68.75	63.95	6	EGP		page_22.jpg	flyer_9835			63.9375	9835	١٤ أبريل ٢٠٢٦	ينتهي في الثلاثاء، ١٤ أبريل ٢٠٢٦	سعودي	whipped toppin	6223003943196	https://mcprod.seoudisupermarket.com/media/catalog/product/cache/da04281da854ec319aff2207cb4cdbf5/6/2/6223003943196.jpg	Dreem Whipped Topping Cream - 180 g	63.95	80	Fair	TRUE	auto
سعودي	ينتهي في الثلاثاء، ١٤ أبريل ٢٠٢٦		2026-04-05 22:06:57	أطعمة- شيكولاتة وحلويات	Hunter's Gourmet	Hand Cooked Potato Chips	هنترز شيبسي - فلفل حلو - ملح البحر - ملح وخل تفاح - ملح وفلفل اسود - فلفل حار ٤٠ جم	الفئة أطعمة- شيكولاتة وحلويات	40 جم	31.95	24.75	22	EGP		page_22.jpg	flyer_9835			24.6015	9835	١٤ أبريل ٢٠٢٦	ينتهي في الثلاثاء، ١٤ أبريل ٢٠٢٦	سعودي	h cooked potato chips	6223000410158	https://mcprod.seoudisupermarket.com/media/catalog/product/cache/da04281da854ec319aff2207cb4cdbf5/6/2/6223000410158.jpg	"Lion Kebab Potato Chips "	10	76.72727273	Fair	TRUE	auto
سعودي	ينتهي في الثلاثاء، ١٤ أبريل ٢٠٢٦		2026-04-05 22:06:57	أطعمة- شيكولاتة وحلويات	Big Chips	Kettle Chips	بيج شيبس ستيك بالبصل - ساور كريم - جبنة حارة - ملح كلاسيك ٨٥ جم	الفئة أطعمة- شيكولاتة وحلويات	85 جم		19	0	EGP		page_22.jpg	flyer_9835				9835	١٤ أبريل ٢٠٢٦	ينتهي في الثلاثاء، ١٤ أبريل ٢٠٢٦	سعودي	kettle chips	6221031002137	https://mcprod.seoudisupermarket.com/media/catalog/product/cache/da04281da854ec319aff2207cb4cdbf5/6/2/6221031002137.jpg	Chipsy Large Kebab - 61 g	10	75.96551724	Fair	TRUE	auto
سعودي	ينتهي في الثلاثاء، ١٤ أبريل ٢٠٢٦		2026-04-05 22:06:57	أطعمة- شيكولاتة وحلويات	Tiger	Excellence Snacks	تايجر اكسلانس انواع ٩٠ جم * ٣ قطعة	الفئة أطعمة- شيكولاتة وحلويات	3*90 جم		38	0	EGP		page_22.jpg	flyer_9835				9835	١٤ أبريل ٢٠٢٦	ينتهي في الثلاثاء، ١٤ أبريل ٢٠٢٦	سعودي	excellence snacks	6225000168602	https://mcprod.seoudisupermarket.com/media/catalog/product/cache/da04281da854ec319aff2207cb4cdbf5/6/2/6225000168602.jpg	Cleo Rice Cakes Snacks - 25 g	10.95	66.66666667	Review	TRUE	auto
سعودي	ينتهي في الثلاثاء، ١٤ أبريل ٢٠٢٦		2026-04-05 22:06:57	أطعمة- شيكولاتة وحلويات		Taffel	بلاك ترافل	الفئة أطعمة- شيكولاتة وحلويات			26.95	0	EGP		page_22.jpg	flyer_9835				9835	١٤ أبريل ٢٠٢٦	ينتهي في الثلاثاء، ١٤ أبريل ٢٠٢٦	سعودي	taffel	2008160000000	https://mcprod.seoudisupermarket.com/media/catalog/product/cache/da04281da854ec319aff2207cb4cdbf5/2/0/2008160000000.jpg	Abu Auf Fennel	224.95	50	Review	TRUE	auto
سعودي	ينتهي في الثلاثاء، ١٤ أبريل ٢٠٢٦		2026-04-05 22:06:57	أطعمة- شيكولاتة وحلويات	Gusto	Protein Puffs	جوستو بروتين بافس انواع ٦٠ جم * ٣ قطعة	الفئة أطعمة- شيكولاتة وحلويات	3*60 جم	39.5	34.95	11	EGP		page_22.jpg	flyer_9835			34.76	9835	١٤ أبريل ٢٠٢٦	ينتهي في الثلاثاء، ١٤ أبريل ٢٠٢٦	سعودي	protein puffs	6225000575066	https://mcprod.seoudisupermarket.com/media/catalog/product/cache/da04281da854ec319aff2207cb4cdbf5/6/2/6225000575066.jpg	Gusto Protein Puffs BBQ - 60 g	19.75	78.28571429	Fair	TRUE	auto
سعودي	ينتهي في الثلاثاء، ١٤ أبريل ٢٠٢٦		2026-04-05 22:06:57	أطعمة- شيكولاتة وحلويات	Icon	Puffs	ايكون بافس انواع ٥٠-٦٠ جم * ٣ قطع	الفئة أطعمة- شيكولاتة وحلويات	3*50-60 جم		34.45	0	EGP		page_22.jpg	flyer_9835				9835	١٤ أبريل ٢٠٢٦	ينتهي في الثلاثاء، ١٤ أبريل ٢٠٢٦	سعودي	puffs	6224008422259	https://mcprod.seoudisupermarket.com/media/catalog/product/cache/da04281da854ec319aff2207cb4cdbf5/6/2/6224008422259.jpg	g's Buffalo Ghee - 650 g	350	44.44444444	Review	TRUE	auto
سعودي	ينتهي في الثلاثاء، ١٤ أبريل ٢٠٢٦		2026-04-05 22:06:59	أطعمة -حلويات وبسكويت	Deemah	Deemah Oat Cookies	ديمة بسكوت الشوفان	وفر 20 الفئة أطعمة -حلويات وبسكويت		139.95	119.95	14	EGP		page_23.jpg	flyer_9835	[242, 40, 480, 330]	0.9	120.357	9835	١٤ أبريل ٢٠٢٦	ينتهي في الثلاثاء، ١٤ أبريل ٢٠٢٦	سعودي	deemah oat cookies	6285602012352	https://mcprod.seoudisupermarket.com/media/catalog/product/cache/da04281da854ec319aff2207cb4cdbf5/6/2/6285602012352_new.png	Deemah Oat Cookies, 33 g - 12 Pieces	119.95	93.72093023	Excellent	FALSE	auto
سعودي	ينتهي في الثلاثاء، ١٤ أبريل ٢٠٢٦		2026-04-05 22:06:59	أطعمة -حلويات وبسكويت	McVitie's	McVitie's Biscuits (Chocolate, Milk, Dark, Caramel, Oat)	مكفيتيز بسكوت (شوكو ميلك - دارك - كراميل - شوفان ميلك - شوفان دارك)	وفر 25.05 الفئة أطعمة -حلويات وبسكويت		120	94.95	20	EGP		page_23.jpg	flyer_9835	[242, 350, 480, 630]	0.9	94.8	9835	١٤ أبريل ٢٠٢٦	ينتهي في الثلاثاء، ١٤ أبريل ٢٠٢٦	سعودي	mcvitie s biscuits chocolate milk dark caramel oat	6223003803834	https://mcprod.seoudisupermarket.com/media/catalog/product/cache/da04281da854ec319aff2207cb4cdbf5/6/2/6223003803834_new.png	Mcvitie's Golden Oat Biscuits Coated with Milk Chocolate - 28.5 g	10	78	Fair	TRUE	auto
سعودي	ينتهي في الثلاثاء، ١٤ أبريل ٢٠٢٦		2026-04-05 22:06:59	أطعمة -حلويات وبسكويت	McVitie's	McVitie's Digestive Biscuits (Regular/Light)	مكفيتيز بسكوت دايجستف (عادي-لايت)	وفر 7.05 الفئة أطعمة -حلويات وبسكويت		70	62.95	10	EGP		page_23.jpg	flyer_9835	[242, 660, 480, 950]	0.9	63	9835	١٤ أبريل ٢٠٢٦	ينتهي في الثلاثاء، ١٤ أبريل ٢٠٢٦	سعودي	mcvitie s diestive biscuits reular liht	6223003804602	https://mcprod.seoudisupermarket.com/media/catalog/product/cache/da04281da854ec319aff2207cb4cdbf5/6/2/6223003804602_1.jpg	Mcvitie's Digestive Light Biscuits - 400 g	62.95	100	Excellent	FALSE	auto
سعودي	ينتهي في الثلاثاء، ١٤ أبريل ٢٠٢٦		2026-04-05 22:06:59	أطعمة -حلويات وبسكويت	Blazo Gold	Blazo Gold Wafer Chocolate Hazelnut	بليزو ويفر شوكولاتة بندق	وفر 10.05 الفئة أطعمة -حلويات وبسكويت		80	69.95	12	EGP		page_23.jpg	flyer_9835	[540, 40, 710, 330]	0.9	69.6	9835	١٤ أبريل ٢٠٢٦	ينتهي في الثلاثاء، ١٤ أبريل ٢٠٢٦	سعودي	blazo old wafer chocolate hazelnut	6222035241690	https://mcprod.seoudisupermarket.com/media/catalog/product/cache/da04281da854ec319aff2207cb4cdbf5/6/2/6222035241690.jpg	Blazo Wafer with Chocolate and Hazelnut - 70 g	20	93.75	Excellent	FALSE	auto
سعودي	ينتهي في الثلاثاء، ١٤ أبريل ٢٠٢٦		2026-04-05 22:06:59	أطعمة -حلويات وبسكويت	Blazo Gold	Blazo Gold Wafer Chocolate Caramel	كراميل	الفئة أطعمة -حلويات وبسكويت			49.95	0	EGP		page_23.jpg	flyer_9835	[490, 150, 540, 320]	0.9		9835	١٤ أبريل ٢٠٢٦	ينتهي في الثلاثاء، ١٤ أبريل ٢٠٢٦	سعودي	blazo old wafer chocolate caramel	6222035237921	https://mcprod.seoudisupermarket.com/media/catalog/product/cache/da04281da854ec319aff2207cb4cdbf5/6/2/6222035237921.jpg	Blazo Gold Wafer with Chocolate and Caramel - 70 g	15	100	Excellent	FALSE	auto
سعودي	ينتهي في الثلاثاء، ١٤ أبريل ٢٠٢٦		2026-04-05 22:06:59	أطعمة- شيكولاتة وحلويات	Candy Break	Candy Break Gummy Jelly	كاندي بريك جيلي (كولد ساور-اليان-دبة)	وفر 8 الفئة أطعمة- شيكولاتة وحلويات		49.95	41.95	16	EGP		page_23.jpg	flyer_9835	[770, 40, 960, 330]	0.9	41.958	9835	١٤ أبريل ٢٠٢٦	ينتهي في الثلاثاء، ١٤ أبريل ٢٠٢٦	سعودي	cy break ummy jelly	024354900212	https://mcprod.seoudisupermarket.com/media/catalog/product/cache/da04281da854ec319aff2207cb4cdbf5/0/2/024354900212.png	Candy Break Jelly Candy - 113 g	49.95	84.77777778	Fair	TRUE	auto
سعودي	ينتهي في الثلاثاء، ١٤ أبريل ٢٠٢٦		2026-04-05 22:06:59	أطعمة- شيكولاتة وحلويات	Monster	Monster Marshmallow Chips Noodle	مونستر مارشميللو (شيبس-نودلز)	HOT OFFER, وفر 39.95 الفئة أطعمة- شيكولاتة وحلويات		79.9	39.95	50	EGP		page_23.jpg	flyer_9835	[770, 350, 960, 630]	0.9	39.95	9835	١٤ أبريل ٢٠٢٦	ينتهي في الثلاثاء، ١٤ أبريل ٢٠٢٦	سعودي	monster marshmallow chips noodle	6921667814295	https://mcprod.seoudisupermarket.com/media/catalog/product/cache/da04281da854ec319aff2207cb4cdbf5/6/9/6921667814295_new.jpg	Monster Marshmallow Noodles - 50 g	39.95	98.13559322	Excellent	FALSE	auto
سعودي	ينتهي في الثلاثاء، ١٤ أبريل ٢٠٢٦		2026-04-05 22:06:59	سيارات (اكسسوارات)	Missy	Missy Sour Marshmallow	ميسي سوار مارشميللو	HOT OFFER, وفر 12.45 الفئة سيارات (اكسسوارات)		24.9	12.45	50	EGP		page_23.jpg	flyer_9835	[770, 660, 960, 950]	0.9	12.45	9835	١٤ أبريل ٢٠٢٦	ينتهي في الثلاثاء، ١٤ أبريل ٢٠٢٦	سعودي	missy sour marshmallow	6921667810075	https://mcprod.seoudisupermarket.com/media/catalog/product/cache/da04281da854ec319aff2207cb4cdbf5/6/9/6921667810075.jpg	Miss U Orange Marshmallow - 30 g	24.95	86.60869565	Good	FALSE	auto
سعودي	ينتهي في الثلاثاء، ١٤ أبريل ٢٠٢٦		2026-04-05 22:06:59	مطبخ (أدوات طهي)	LARCH	Larch Molten Cake Chocolate	لاراش مولتن كيك شيكولاتة	1+5 هدية الفئة مطبخ (أدوات طهي)			99.95	0	EGP		page_23.jpg	flyer_9835	[490, 350, 710, 630]	0.9		9835	١٤ أبريل ٢٠٢٦	ينتهي في الثلاثاء، ١٤ أبريل ٢٠٢٦	سعودي	larch molten cake chocolate	6223012618528	https://mcprod.seoudisupermarket.com/media/catalog/product/cache/da04281da854ec319aff2207cb4cdbf5/6/2/6223012618528.jpg	Larch Molten Cocoa Cake - 1 Piece	20	82.14285714	Fair	TRUE	auto
سعودي	ينتهي في الثلاثاء، ١٤ أبريل ٢٠٢٦		2026-04-05 22:07:01	أطعمة- شيكولاتة وحلويات	Galaxy	Galaxy Chocolate (Milk-Hazelnut)	جلاكسي شيكولاتة (حليب-بندق) ٨٠جم	الفئة أطعمة- شيكولاتة وحلويات		83.95	68.95	17	EGP		page_24.jpg	flyer_9835	[250, 362, 410, 637]	0.97	68.839	9835	١٤ أبريل ٢٠٢٦	ينتهي في الثلاثاء، ١٤ أبريل ٢٠٢٦	سعودي	alaxy chocolate milk hazelnut	6221134011845	https://mcprod.seoudisupermarket.com/media/catalog/product/cache/da04281da854ec319aff2207cb4cdbf5/6/2/6221134011845.jpg	Galaxy Hazelnut Chocolate - 80 g	68.95	100	Excellent	FALSE	auto
سعودي	ينتهي في الثلاثاء، ١٤ أبريل ٢٠٢٦		2026-04-05 22:07:01	أطعمة- شيكولاتة وحلويات	Galaxy	Galaxy Milk Chocolate	جلاكسي شيكولاتة حليب ٨٠جم	الفئة أطعمة- شيكولاتة وحلويات		59.95	49.95	16	EGP		page_24.jpg	flyer_9835	[250, 675, 410, 950]	0.97	49.7585	9835	١٤ أبريل ٢٠٢٦	ينتهي في الثلاثاء، ١٤ أبريل ٢٠٢٦	سعودي	alaxy milk chocolate	6221134005394	https://mcprod.seoudisupermarket.com/media/catalog/product/cache/da04281da854ec319aff2207cb4cdbf5/6/2/6221134005394_newww_imagee.jpg	Galaxy Milk Chocolate - 56 g	49.95	100	Excellent	FALSE	auto
سعودي	ينتهي في الثلاثاء، ١٤ أبريل ٢٠٢٦		2026-04-05 22:07:01	أطعمة -حلويات وبسكويت	BALOCCO	Balocco Savoiardi Biscuits	بالوكو بسكوت سافويارد ٢٠٠جم	الفئة أطعمة -حلويات وبسكويت		119.95	94.95	20	EGP		page_24.jpg	flyer_9835	[439, 56, 599, 321]	0.98	94.7605	9835	١٤ أبريل ٢٠٢٦	ينتهي في الثلاثاء، ١٤ أبريل ٢٠٢٦	سعودي	balocco savoiardi biscuits	8001100012018	https://mcprod.seoudisupermarket.com/media/catalog/product/cache/da04281da854ec319aff2207cb4cdbf5/8/0/8001100012018.jpg	Balocco Savoiardi Biscuits - 200 g	94.95	100	Excellent	FALSE	auto
سعودي	ينتهي في الثلاثاء، ١٤ أبريل ٢٠٢٦		2026-04-05 22:07:01	أطعمة -حلويات وبسكويت	Oreo	Oreo Biscuits (Chocolate-Hazelnut-Cream)	اوريو بسكوت (شيكولاتة-بندق-كريمة) ١٦+٤٨جم	الفئة أطعمة -حلويات وبسكويت		111.95	99.95	10	EGP		page_24.jpg	flyer_9835	[628, 56, 788, 321]	0.98	99.6355	9835	١٤ أبريل ٢٠٢٦	ينتهي في الثلاثاء، ١٤ أبريل ٢٠٢٦	سعودي	oreo biscuits chocolate hazelnut cream	6224010432574	https://mcprod.seoudisupermarket.com/media/catalog/product/cache/da04281da854ec319aff2207cb4cdbf5/6/2/6224010432574.jpg	Maxello Wafer Biscuits with Chocolate Hazelnut Cream - 49 g	9.95	84.70588235	Fair	TRUE	auto
سعودي	ينتهي في الثلاثاء، ١٤ أبريل ٢٠٢٦		2026-04-05 22:07:01	أطعمة- شيكولاتة وحلويات	SWISS TRU	Swiss Truffles Dark Chocolate	سويس فرو شيكولاتة دارك ٨٠جم انواع	HOT OFFER الفئة أطعمة- شيكولاتة وحلويات		159.95	124.95	21	EGP		page_24.jpg	flyer_9835	[250, 56, 410, 321]	0.98	124.761	9835	١٤ أبريل ٢٠٢٦	ينتهي في الثلاثاء، ١٤ أبريل ٢٠٢٦	سعودي	swiss truffles dark chocolate	6224010205550	https://mcprod.seoudisupermarket.com/media/catalog/product/cache/da04281da854ec319aff2207cb4cdbf5/6/2/6224010205550.jpg	Swiss Fru Dark Chocolate 85% - 80 g	124.95	85.47169811	Good	FALSE	auto
سعودي	ينتهي في الثلاثاء، ١٤ أبريل ٢٠٢٦		2026-04-05 22:07:01	أطعمة -حلوى	Toren	Toren Wafers	تورين ويفر ٥٥جم انواع ٦ قطعة	HOT OFFER الفئة أطعمة -حلوى		50.9	39.95	21	EGP		page_24.jpg	flyer_9835	[817, 56, 977, 321]	0.98	39.702	9835	١٤ أبريل ٢٠٢٦	ينتهي في الثلاثاء، ١٤ أبريل ٢٠٢٦	سعودي	toren wafers	8697439305244	https://mcprod.seoudisupermarket.com/media/catalog/product/cache/da04281da854ec319aff2207cb4cdbf5/8/6/8697439305244.jpg	Toren Wafer with Bubble Gum - 55 g	25.45	70.66666667	Review	TRUE	auto
سعودي	ينتهي في الثلاثاء، ١٤ أبريل ٢٠٢٦		2026-04-05 22:07:01	أطعمة -حلوى	BALOCCO	Balocco Wafer (Hazelnut-Vanilla-Cocoa)	بالوكو ويفر (بندق-فانيليا-كاكاو) ٤٥جم	الفئة أطعمة -حلوى		30.95	24.95	19	EGP		page_24.jpg	flyer_9835	[817, 362, 977, 637]	0.97	25.0695	9835	١٤ أبريل ٢٠٢٦	ينتهي في الثلاثاء، ١٤ أبريل ٢٠٢٦	سعودي	balocco wafer hazelnut vanilla cocoa	80028079	https://mcprod.seoudisupermarket.com/media/catalog/product/cache/da04281da854ec319aff2207cb4cdbf5/8/0/80028079_1.jpg	Balocco Snack Hazelnut Wafer - 45 g	24.95	88.125	Good	FALSE	auto
سعودي	ينتهي في الثلاثاء، ١٤ أبريل ٢٠٢٦		2026-04-05 22:07:01	أطعمة -حلوى	BALOCCO	Balocco Mini Cubes (Hazelnut-Vanilla-Cocoa)	بالوكو ويفر (بندق-فانيليا-كاكاو) ١٢٥جم	الفئة أطعمة -حلوى		99.95	79.95	20	EGP		page_24.jpg	flyer_9835	[817, 675, 977, 950]	0.97	79.96	9835	١٤ أبريل ٢٠٢٦	ينتهي في الثلاثاء، ١٤ أبريل ٢٠٢٦	سعودي	balocco mini cubes hazelnut vanilla cocoa	6224008245155	https://mcprod.seoudisupermarket.com/media/catalog/product/cache/da04281da854ec319aff2207cb4cdbf5/6/2/6224008245155.jpg	Lino Granola Chocolate & Hazelnut Bar	36.95	69.33333333	Review	TRUE	auto
سعودي	ينتهي في الثلاثاء، ١٤ أبريل ٢٠٢٦		2026-04-05 22:07:01	أطعمة- شيكولاتة وحلويات	Kinder	Kinder Joy (Boys-Girls)	كيندر جوي (اولاد-بنات) ٢٠جم	الفئة أطعمة- شيكولاتة وحلويات		59.95	51.45	14	EGP		page_24.jpg	flyer_9835	[439, 362, 599, 637]	0.97	51.557	9835	١٤ أبريل ٢٠٢٦	ينتهي في الثلاثاء، ١٤ أبريل ٢٠٢٦	سعودي	kinder joy boys irls	80768258	https://mcprod.seoudisupermarket.com/media/catalog/product/cache/da04281da854ec319aff2207cb4cdbf5/8/0/80768258.jpg	Kinder Joy for Girls - 20 g	51.45	97.17948718	Excellent	FALSE	auto
سعودي	ينتهي في الثلاثاء، ١٤ أبريل ٢٠٢٦		2026-04-05 22:07:01	أطعمة- شيكولاتة وحلويات	Kinder	Kinder Bueno Chocolate	كيندر بوينو شيكولاتة ٤٣جم	الفئة أطعمة- شيكولاتة وحلويات		44.95	38.95	13	EGP		page_24.jpg	flyer_9835	[439, 675, 599, 950]	0.97	39.1065	9835	١٤ أبريل ٢٠٢٦	ينتهي في الثلاثاء، ١٤ أبريل ٢٠٢٦	سعودي	kinder bueno chocolate	80052760	https://mcprod.seoudisupermarket.com/media/catalog/product/cache/da04281da854ec319aff2207cb4cdbf5/8/0/80052760.jpg	Kinder Bueno Chocolate - 43 g	38.95	100	Excellent	FALSE	auto
سعودي	ينتهي في الثلاثاء، ١٤ أبريل ٢٠٢٦		2026-04-05 22:07:02	العناية بالشعر	SPARKLE	Sparkle Shampoo & Conditioner	سباركل شامبو وبلسم ٣٥٠مل انواع	الفئة العناية بالشعر		71.95	59.95	16	EGP		page_25.jpg	flyer_9835	[248, 62, 417, 330]	0.95	59.7185	9835	١٤ أبريل ٢٠٢٦	ينتهي في الثلاثاء، ١٤ أبريل ٢٠٢٦	سعودي	sparkle shampoo conditioner	6221009000554	https://mcprod.seoudisupermarket.com/media/catalog/product/cache/da04281da854ec319aff2207cb4cdbf5/6/2/6221009000554.jpg	Sparkle Gold Shampoo & Conditioner - 350 ml	52.95	100	Excellent	FALSE	auto
سعودي	ينتهي في الثلاثاء، ١٤ أبريل ٢٠٢٦		2026-04-05 22:07:02	العناية بالشعر	Herbal Essences	Herbal Essences Shampoo or Conditioner	هيربل شامبو او بلسم ٤٠٠مل انواع	الفئة العناية بالشعر		253.95	209.95	17	EGP		page_25.jpg	flyer_9835	[248, 680, 417, 949]	0.95	210.7785	9835	١٤ أبريل ٢٠٢٦	ينتهي في الثلاثاء، ١٤ أبريل ٢٠٢٦	سعودي	herbal essences shampoo or conditioner	8001090661968	https://mcprod.seoudisupermarket.com/media/catalog/product/cache/da04281da854ec319aff2207cb4cdbf5/8/0/8001090661968.jpg	Herbal Essences Smooth Golden Moringa Oil Conditioner - 400 ml	209.95	88.65168539	Good	FALSE	auto
سعودي	ينتهي في الثلاثاء، ١٤ أبريل ٢٠٢٦		2026-04-05 22:07:02	العناية بالبشرة والنظافة	Mood	Mood Shower Gel	جيني موود شاور جل ٧٥٠مل انواع	الفئة العناية بالبشرة والنظافة		88.95	69.95	21	EGP		page_25.jpg	flyer_9835	[439, 407, 608, 634]	0.95	70.2705	9835	١٤ أبريل ٢٠٢٦	ينتهي في الثلاثاء، ١٤ أبريل ٢٠٢٦	سعودي	mood shower el	6223007903301	https://mcprod.seoudisupermarket.com/media/catalog/product/cache/da04281da854ec319aff2207cb4cdbf5/6/2/6223007903301.jpg	Mood Night Shower Gel - 750 ml	69.95	94.84848485	Excellent	FALSE	auto
سعودي	ينتهي في الثلاثاء، ١٤ أبريل ٢٠٢٦		2026-04-05 22:07:02	العناية بالشعر	SPARKLE	Sparkle Hair Cream or Conditioner	سباركل كريم شعر ٣٠٠مل او بلسم ٣٠٠مل	الفئة العناية بالشعر		71.95	52.95	26	EGP		page_25.jpg	flyer_9835	[439, 62, 608, 330]	0.95	53.243	9835	١٤ أبريل ٢٠٢٦	ينتهي في الثلاثاء، ١٤ أبريل ٢٠٢٦	سعودي	sparkle hair cream or conditioner	6221009000240	https://mcprod.seoudisupermarket.com/media/catalog/product/cache/da04281da854ec319aff2207cb4cdbf5/6/2/6221009000240.jpg	Sparkle Shampoo & Conditioner for Dry Hair - 350 ml	52.95	86.71232877	Good	FALSE	auto
سعودي	ينتهي في الثلاثاء، ١٤ أبريل ٢٠٢٦		2026-04-05 22:07:02	العناية بالشعر	ELVIVE	Elvive Shampoo	ايلفيف شامبو ٤٠٠مل انواع	الفئة العناية بالشعر			167.95	0	EGP		page_25.jpg	flyer_9835	[248, 407, 417, 634]	0.95		9835	١٤ أبريل ٢٠٢٦	ينتهي في الثلاثاء، ١٤ أبريل ٢٠٢٦	سعودي	elvive shampoo	5056267001965	https://mcprod.seoudisupermarket.com/media/catalog/product/cache/da04281da854ec319aff2207cb4cdbf5/5/0/5056267001965.jpg	Enliven Dry Shampoo, Original - 300 ml	287.95	63.41463415	Review	TRUE	auto
سعودي	ينتهي في الثلاثاء، ١٤ أبريل ٢٠٢٦		2026-04-05 22:07:02	العناية بالبشرة والنظافة	Dove	Dove Hand Wash	دوف هاند ووش ٥٠٠مل انواع	الفئة العناية بالبشرة والنظافة		85.95	71.95	16	EGP		page_25.jpg	flyer_9835	[630, 407, 799, 634]	0.95	72.198	9835	١٤ أبريل ٢٠٢٦	ينتهي في الثلاثاء، ١٤ أبريل ٢٠٢٦	سعودي	dove h wash	6281006541689	https://mcprod.seoudisupermarket.com/media/catalog/product/cache/da04281da854ec319aff2207cb4cdbf5/6/2/6281006541689.jpg	Dove Avocado Hand Wash - 500 ml	85.95	77.33333333	Fair	TRUE	auto
سعودي	ينتهي في الثلاثاء، ١٤ أبريل ٢٠٢٦		2026-04-05 22:07:02	العناية بالبشرة والنظافة	Lux	Lux Hand Wash	لوكس هاند ووش ٥٠٠مل انواع	الفئة العناية بالبشرة والنظافة		81.95	73.95	9	EGP		page_25.jpg	flyer_9835	[630, 680, 799, 949]	0.95	73.755	9835	١٤ أبريل ٢٠٢٦	ينتهي في الثلاثاء، ١٤ أبريل ٢٠٢٦	سعودي	lux h wash	6221155130631	https://mcprod.seoudisupermarket.com/media/catalog/product/cache/da04281da854ec319aff2207cb4cdbf5/6/2/6221155130631.jpg	Lux Orchid Hand Wash - 500 ml	81.95	81.07407407	Fair	TRUE	auto
سعودي	ينتهي في الثلاثاء، ١٤ أبريل ٢٠٢٦		2026-04-05 22:07:02	البيبي (مستلزمات)	White	White Baby Wipes	وايت وايبس اطفال ٧٢ منديل ٢ق	عرض خاص الفئة البيبي (مستلزمات)		117.95	99.95	15	EGP		page_25.jpg	flyer_9835	[821, 407, 990, 634]	0.95	100.2575	9835	١٤ أبريل ٢٠٢٦	ينتهي في الثلاثاء، ١٤ أبريل ٢٠٢٦	سعودي	white baby wipes	6223001908326	https://mcprod.seoudisupermarket.com/media/catalog/product/cache/da04281da854ec319aff2207cb4cdbf5/6/2/6223001908326.jpg	Handy Baby Wet Wipes - 40 ml	15.45	78.78787879	Fair	TRUE	auto
سعودي	ينتهي في الثلاثاء، ١٤ أبريل ٢٠٢٦		2026-04-05 22:07:02	العناية بالبشرة والنظافة	Diva	Diva Hand Wash	ديفا هاند ووش ٥٠٠مل ٢ق	الفئة العناية بالبشرة والنظافة		78.45	69.45	11	EGP		page_25.jpg	flyer_9835	[821, 680, 990, 949]	0.95	69.8205	9835	١٤ أبريل ٢٠٢٦	ينتهي في الثلاثاء، ١٤ أبريل ٢٠٢٦	سعودي	diva h wash	6223000236246	https://mcprod.seoudisupermarket.com/media/catalog/product/cache/da04281da854ec319aff2207cb4cdbf5/6/2/6223000236246.jpg	Diva Ultra Fresh Hand Wash - 500 ml	60.95	85.57142857	Good	FALSE	auto
سعودي	ينتهي في الثلاثاء، ١٤ أبريل ٢٠٢٦		2026-04-05 22:07:02	العناية بالبشرة والنظافة	Dove	Dove Shower Gel	دوف شاور جل ٥٠٠مل انواع	الفئة العناية بالبشرة والنظافة		107.5	91.5	14	EGP		page_25.jpg	flyer_9835	[439, 680, 608, 949]	0.95	91.375	9835	١٤ أبريل ٢٠٢٦	ينتهي في الثلاثاء، ١٤ أبريل ٢٠٢٦	سعودي	dove shower el	6223000237847	https://mcprod.seoudisupermarket.com/media/catalog/product/cache/da04281da854ec319aff2207cb4cdbf5/6/2/6223000237847.jpg	Diva Freshness Shower Gel - 250 ml	44.45	72.72727273	Review	TRUE	auto
سعودي	ينتهي في الثلاثاء، ١٤ أبريل ٢٠٢٦		2026-04-05 22:07:02	العناية بالبشرة والنظافة	Mood	Mood Hand Wash	موود هاند ووش ٥٠٠مل انواع	الفئة العناية بالبشرة والنظافة		58.95	48.95	16	EGP		page_25.jpg	flyer_9835	[630, 62, 799, 330]	0.95	48.9285	9835	١٤ أبريل ٢٠٢٦	ينتهي في الثلاثاء، ١٤ أبريل ٢٠٢٦	سعودي	mood h wash	6224008878810	https://mcprod.seoudisupermarket.com/media/catalog/product/cache/da04281da854ec319aff2207cb4cdbf5/6/2/6224008878810.jpg	Mood Bali Hand Wash - 500 ml	48.95	91.48148148	Good	FALSE	auto
سعودي	ينتهي في الثلاثاء، ١٤ أبريل ٢٠٢٦		2026-04-05 22:07:05	العناية الشخصية	Camay	Camay Shower Gel	كامي شاور جل اللتر أنواع	الفئة العناية الشخصية		105.95	95.95	9	EGP		page_26.jpg	flyer_9835	[802, 535, 929, 755]	0.95	96.4145	9835	١٤ أبريل ٢٠٢٦	ينتهي في الثلاثاء، ١٤ أبريل ٢٠٢٦	سعودي	camay shower el	6224002214041	https://mcprod.seoudisupermarket.com/media/catalog/product/cache/da04281da854ec319aff2207cb4cdbf5/6/2/6224002214041_.jpg	Fresh Kiddo Baby Shower Gel - 300 ml	123.95	68.57142857	Review	TRUE	auto
سعودي	ينتهي في الثلاثاء، ١٤ أبريل ٢٠٢٦		2026-04-05 22:07:05	العناية الشخصية	Dove	Dove Soap	دوف صابون ٩٠ جرام أنواع	الفئة العناية الشخصية		38.5	33.5	12	EGP		page_26.jpg	flyer_9835	[802, 256, 929, 476]	0.95	33.495	9835	١٤ أبريل ٢٠٢٦	ينتهي في الثلاثاء، ١٤ أبريل ٢٠٢٦	سعودي	dove soap	6223002552146	https://mcprod.seoudisupermarket.com/media/catalog/product/cache/da04281da854ec319aff2207cb4cdbf5/6/2/6223002552146.jpg	Joy Purple Soap - 120 g	15.45	62.33333333	Review	TRUE	auto
سعودي	ينتهي في الثلاثاء، ١٤ أبريل ٢٠٢٦		2026-04-05 22:07:05	العناية الشخصية	Lux	Lux Shower Gel	لوكس شاور جل ٥٠٠ مل أنواع	HOT OFFER الفئة العناية الشخصية		84.95	69.95	17	EGP		page_26.jpg	flyer_9835	[652, 400, 779, 599]	0.95	69.659	9835	١٤ أبريل ٢٠٢٦	ينتهي في الثلاثاء، ١٤ أبريل ٢٠٢٦	سعودي	lux shower el	6223000237854	https://mcprod.seoudisupermarket.com/media/catalog/product/cache/da04281da854ec319aff2207cb4cdbf5/6/2/6223000237854.jpg	Diva Luxury Shower Gel - 250 ml	44.45	76.47058824	Fair	TRUE	auto
سعودي	ينتهي في الثلاثاء، ١٤ أبريل ٢٠٢٦		2026-04-05 22:07:05	العناية الشخصية	Axe	Axe Spray	أكس اسبراي ١٥٠ مل أنواع	HOT OFFER الفئة العناية الشخصية		169.95	134.95	20	EGP		page_26.jpg	flyer_9835	[652, 118, 779, 354]	0.95	134.2605	9835	١٤ أبريل ٢٠٢٦	ينتهي في الثلاثاء، ١٤ أبريل ٢٠٢٦	سعودي	axe spray	6221155122964	https://mcprod.seoudisupermarket.com/media/catalog/product/cache/da04281da854ec319aff2207cb4cdbf5/6/2/6221155122964_copy.jpg	Axe Excite Body Spray - 150 ml	134.95	70	Review	TRUE	auto
سعودي	ينتهي في الثلاثاء، ١٤ أبريل ٢٠٢٦		2026-04-05 22:07:05	العناية الشخصية	Signal	Signal Toothpaste	سيجنال معجون مكافح ١٢٠ مل + فرشاة	فرشاة اسنان هديه الفئة العناية الشخصية		52.95	48.95	7	EGP		page_26.jpg	flyer_9835	[652, 630, 779, 887]	0.95	48.714	9835	١٤ أبريل ٢٠٢٦	ينتهي في الثلاثاء، ١٤ أبريل ٢٠٢٦	سعودي	sinal toothpaste	6221048402968	https://mcprod.seoudisupermarket.com/media/catalog/product/cache/da04281da854ec319aff2207cb4cdbf5/6/2/6221048402968.jpg	Signal Whitening Toothpaste - 100 ml	64.5	82.04878049	Fair	TRUE	auto
سعودي	ينتهي في الثلاثاء، ١٤ أبريل ٢٠٢٦		2026-04-05 22:07:09	العناية بالشعر	Gliss	Gliss Shampoo	جليس شامبو ٤٠٠ مل	الفئة العناية بالشعر			126.95	0	EGP		page_27.jpg	flyer_9835	[309, 890, 339, 950]	0.95		9835	١٤ أبريل ٢٠٢٦	ينتهي في الثلاثاء، ١٤ أبريل ٢٠٢٦	سعودي	liss shampoo	6224009506699	https://mcprod.seoudisupermarket.com/media/catalog/product/cache/da04281da854ec319aff2207cb4cdbf5/6/2/6224009506699.jpg	Norshek Citrus Shampoo - 100 ml	310	64.70588235	Review	TRUE	auto
سعودي	ينتهي في الثلاثاء، ١٤ أبريل ٢٠٢٦		2026-04-05 22:07:09	العناية بالشعر	Palette	Palette Hair Color	باليت ICC باليت PNC	الفئة العناية بالشعر			107.95	0	EGP		page_27.jpg	flyer_9835	[760, 300, 790, 369]	0.95		9835	١٤ أبريل ٢٠٢٦	ينتهي في الثلاثاء، ١٤ أبريل ٢٠٢٦	سعودي	palette hair color	3838824309934	https://mcprod.seoudisupermarket.com/media/catalog/product/cache/da04281da854ec319aff2207cb4cdbf5/3/8/3838824309934_copy.jpg	Palette Naturals Hair Color, 1-12	142.95	80	Fair	TRUE	auto
سعودي	ينتهي في الثلاثاء، ١٤ أبريل ٢٠٢٦		2026-04-05 22:07:09	العناية الشخصية	Fa	Fa Deodorant Spray	فا مزيل العرق إسبراي 150 مل	الفئة العناية الشخصية			119.95	0	EGP		page_27.jpg	flyer_9835	[760, 790, 790, 859]	0.95		9835	١٤ أبريل ٢٠٢٦	ينتهي في الثلاثاء، ١٤ أبريل ٢٠٢٦	سعودي	fa deodorant spray	4006000169231	https://mcprod.seoudisupermarket.com/media/catalog/product/cache/da04281da854ec319aff2207cb4cdbf5/_/-/_-_150_copy.jpg	Nivea Women Deodorant Spray - 150 ml	129.95	82.55555556	Fair	TRUE	auto
سعودي	ينتهي في الثلاثاء، ١٤ أبريل ٢٠٢٦		2026-04-05 22:07:09	العناية بالشعر	Gliss	Gliss Hair Mask	جليس ماسك ٤٠٠ مل	الفئة العناية بالشعر			298.5	0	EGP		page_27.jpg	flyer_9835	[309, 600, 339, 660]	0.95		9835	١٤ أبريل ٢٠٢٦	ينتهي في الثلاثاء، ١٤ أبريل ٢٠٢٦	سعودي	liss hair mask	6224010687622	https://mcprod.seoudisupermarket.com/media/catalog/product/cache/da04281da854ec319aff2207cb4cdbf5/6/2/6224010687622.jpg	Les Karites Hair Mask with Coconut - 475 ml	179.95	60.46511628	Review	TRUE	auto
سعودي	ينتهي في الثلاثاء، ١٤ أبريل ٢٠٢٦		2026-04-05 22:07:09	العناية بالشعر	Gliss	Gliss Shampoo & Conditioner Offer	عرض شامبو ٤٠٠ مل + بلسم ٣٦٠ مل	الفئة العناية بالشعر			249.95	0	EGP		page_27.jpg	flyer_9835	[309, 304, 339, 369]	0.95		9835	١٤ أبريل ٢٠٢٦	ينتهي في الثلاثاء، ١٤ أبريل ٢٠٢٦	سعودي	liss shampoo conditioner offer	6281031294925	https://mcprod.seoudisupermarket.com/media/catalog/product/cache/da04281da854ec319aff2207cb4cdbf5/6/2/6281031294925_1.jpg	Schwarzkopf Gliss Dry Hair Shampoo - 400 ml + Conditioner	249.95	82	Fair	TRUE	auto
سعودي	ينتهي في الثلاثاء، ١٤ أبريل ٢٠٢٦		2026-04-05 22:07:23	العناية الشخصية	NIVEA	Nivea Roll-On Deodorant	نيفيا رول أون	الفئة العناية الشخصية		89.95	79.95	11	EGP		page_30.jpg	flyer_9835	[898, 685, 942, 796, 942, 796, 898, 898, 685]	0.95	80.0555	9835	١٤ أبريل ٢٠٢٦	ينتهي في الثلاثاء، ١٤ أبريل ٢٠٢٦	سعودي	nivea roll on deodorant	42355182	https://mcprod.seoudisupermarket.com/media/catalog/product/cache/da04281da854ec319aff2207cb4cdbf5/4/2/42355182.jpg	Nivea Deep for Men Deodorant Roll On  - 50 ml	79.95	87.96610169	Good	FALSE	auto
سعودي	ينتهي في الثلاثاء، ١٤ أبريل ٢٠٢٦		2026-04-05 22:07:23	العناية بالشعر	NIVEA	Nivea Soft Moisturizing Cream	نيفيا كريم مرطب	الفئة العناية بالشعر		132.5	99.5	24	EGP		page_30.jpg	flyer_9835	[636, 489, 680, 629, 680, 629, 636, 636, 489]	0.95	99.375	9835	١٤ أبريل ٢٠٢٦	ينتهي في الثلاثاء، ١٤ أبريل ٢٠٢٦	سعودي	nivea soft moisturizin cream	4005808890590	https://mcprod.seoudisupermarket.com/media/catalog/product/cache/da04281da854ec319aff2207cb4cdbf5/4/0/4005808890590_copy.jpg	Nivea Soft Moisturizing Cream - 100 ml	59.95	100	Excellent	FALSE	auto
سعودي	ينتهي في الثلاثاء، ١٤ أبريل ٢٠٢٦		2026-04-05 22:07:23	العناية بالشعر	NIVEA	Nivea Creme	نيفيا كريم	الفئة العناية بالشعر		184.5	139.5	24	EGP		page_30.jpg	flyer_9835	[636, 163, 680, 299, 680, 299, 636, 636, 163]	0.95	140.22	9835	١٤ أبريل ٢٠٢٦	ينتهي في الثلاثاء، ١٤ أبريل ٢٠٢٦	سعودي	nivea creme	4005900000972	https://mcprod.seoudisupermarket.com/media/catalog/product/cache/da04281da854ec319aff2207cb4cdbf5/4/0/4005900000972.jpg	Nivea Men Cream - 150 ml	283.95	84.61538462	Fair	TRUE	auto
سعودي	ينتهي في الثلاثاء، ١٤ أبريل ٢٠٢٦		2026-04-05 22:07:23	العناية الشخصية	NIVEA	Nivea Spray Deodorant	نيفيا سبراي	الفئة العناية الشخصية		179.95	129.95	27	EGP		page_30.jpg	flyer_9835	[898, 300, 942, 417, 942, 417, 898, 898, 300]	0.95	129.564	9835	١٤ أبريل ٢٠٢٦	ينتهي في الثلاثاء، ١٤ أبريل ٢٠٢٦	سعودي	nivea spray deodorant	4006000169231	https://mcprod.seoudisupermarket.com/media/catalog/product/cache/da04281da854ec319aff2207cb4cdbf5/_/-/_-_150_copy.jpg	Nivea Women Deodorant Spray - 150 ml	129.95	97.5	Excellent	FALSE	auto
سعودي	ينتهي في الثلاثاء، ١٤ أبريل ٢٠٢٦		2026-04-05 22:07:29	البيبي (مستلزمات)	BabyJoy	BabyJoy Pants	بيبي جوي كلون	وفرى فلوسك 1 حفاض ليلة لكل مقاس ٤ الفئة البيبي (مستلزمات)			307.5	0	EGP		page_31.jpg	flyer_9835	[150, 150, 450, 350]	0.9		9835	١٤ أبريل ٢٠٢٦	ينتهي في الثلاثاء، ١٤ أبريل ٢٠٢٦	سعودي	babyjoy pants	8856884002638	https://mcprod.seoudisupermarket.com/media/catalog/product/cache/da04281da854ec319aff2207cb4cdbf5/8/8/8856884002638.jpg	Baby Corn Plate	106.5	64.28571429	Review	TRUE	auto
سعودي	ينتهي في الثلاثاء، ١٤ أبريل ٢٠٢٦		2026-04-05 22:07:29	البيبي (مستلزمات)	BabyJoy	BabyJoy Compressed Diapers	بيبي جوي مضغوطة	وفرى فلوسك 1 حفاض ليلة لكل مقاس ٣ أو ٤ الفئة البيبي (مستلزمات)			329.9	0	EGP		page_31.jpg	flyer_9835	[150, 550, 350, 650]	0.9		9835	١٤ أبريل ٢٠٢٦	ينتهي في الثلاثاء، ١٤ أبريل ٢٠٢٦	سعودي	babyjoy compressed diapers	6223014650175	https://mcprod.seoudisupermarket.com/media/catalog/product/cache/da04281da854ec319aff2207cb4cdbf5/6/2/6223014650175.jpg	"White Baby Wipes with  Chamomile - 72 Pieces
"	51.95	57.62711864	Review	TRUE	auto
سعودي	ينتهي في الثلاثاء، ١٤ أبريل ٢٠٢٦		2026-04-05 22:07:29	العناية الشخصية	Sofy	Sofy Ultra Thin Extra Long with Musk	سوفي الترا طويل جداً بالمسك	NEW Ultra Thin SPECIAL OFFER (٢٨ = ٢ × ١٤ فوطة) الفئة العناية الشخصية			123.5	0	EGP		page_31.jpg	flyer_9835	[730, 100, 920, 250]	0.9		9835	١٤ أبريل ٢٠٢٦	ينتهي في الثلاثاء، ١٤ أبريل ٢٠٢٦	سعودي	sofy ultra thin extra lon musk	6223007653305	https://mcprod.seoudisupermarket.com/media/catalog/product/cache/da04281da854ec319aff2207cb4cdbf5/6/2/6223007653305.jpg	Molped Ultra Extra Long Sanitary Pads, 20 + 2 Pieces	98.95	60.2739726	Review	TRUE	auto
سعودي	ينتهي في الثلاثاء، ١٤ أبريل ٢٠٢٦		2026-04-05 22:07:35	البيبي (مستلزمات)	Molfix	Molfix Premium Mega Diapers	مولفيكس بريميوم ميجا كبير عادي	بتكنولوجيا الأكسجين مضادة للالتهابات الفئة البيبي (مستلزمات)		464.95	464.95	0	EGP	مقاس ٥ (٦٦ ق)	page_32.jpg	flyer_9835	[590, 153, 790, 396]	0.95		9835	١٤ أبريل ٢٠٢٦	ينتهي في الثلاثاء، ١٤ أبريل ٢٠٢٦	سعودي	molfix premium mea diapers	6223007655729	https://mcprod.seoudisupermarket.com/media/catalog/product/cache/da04281da854ec319aff2207cb4cdbf5/6/2/6223007655729.jpg	Molfix Premium Diapers, Size 6 - Pack of 46	393.95	72.13114754	Review	TRUE	auto
سعودي	ينتهي في الثلاثاء، ١٤ أبريل ٢٠٢٦		2026-04-05 22:07:35	العناية الشخصية	Molped	Molped Sanitary Pads	مولبد طويل أو طويل جداً	عرض خاص ٣x عبوة الفئة العناية الشخصية		124.5	124.5	0	EGP	(ن أو ٤٤ ق) (عرض خاص ٣x عبوة)	page_32.jpg	flyer_9835	[829, 290, 970, 723]	0.95		9835	١٤ أبريل ٢٠٢٦	ينتهي في الثلاثاء، ١٤ أبريل ٢٠٢٦	سعودي	molped sanitary pads	6223007653466	https://mcprod.seoudisupermarket.com/media/catalog/product/cache/da04281da854ec319aff2207cb4cdbf5/6/2/6223007653466_1_.jpg	Molped Maxi Long Sanitary Pads - 40 Pieces	120.95	81.42857143	Fair	TRUE	auto
سعودي	ينتهي في الثلاثاء، ١٤ أبريل ٢٠٢٦		2026-04-05 22:07:35	البيبي (مستلزمات)	Molfix	Molfix Premium Mega Diapers	مولفيكس بريميوم ميجا	بتكنولوجيا الأكسجين مضادة للالتهابات الفئة البيبي (مستلزمات)		439.95	439.95	0	EGP	مقاس (٢/٣/٤/٦) أو (٧٦/٧١/٦٦/٦٠ ق)	page_32.jpg	flyer_9835	[336, 55, 535, 447]	0.95		9835	١٤ أبريل ٢٠٢٦	ينتهي في الثلاثاء، ١٤ أبريل ٢٠٢٦	سعودي	molfix premium mea diapers	6223007655729	https://mcprod.seoudisupermarket.com/media/catalog/product/cache/da04281da854ec319aff2207cb4cdbf5/6/2/6223007655729.jpg	Molfix Premium Diapers, Size 6 - Pack of 46	393.95	72.13114754	Review	TRUE	auto
سعودي	ينتهي في الثلاثاء، ١٤ أبريل ٢٠٢٦		2026-04-05 22:07:37	البيبي (مستلزمات)	Extra Hygiene	Extra Hygiene Wet Wipes Protection Offer	هاي جين ٤٠ وايبس عرض حمايه ٢ ق	٤٠ وايبس عرض حمايه ٢ ق الفئة البيبي (مستلزمات)	عبوة		69.95	0	EGP		page_33.jpg	flyer_9835	[650, 490, 860, 890]	0.95		9835	١٤ أبريل ٢٠٢٦	ينتهي في الثلاثاء، ١٤ أبريل ٢٠٢٦	سعودي	extra hyiene wet wipes protection offer	6224009939633	https://mcprod.seoudisupermarket.com/media/catalog/product/cache/da04281da854ec319aff2207cb4cdbf5/6/2/6224009939633.jpg	Extra Hygiene Mini Protection Wet Wipes - 15 Pieces	9.75	83.33333333	Fair	TRUE	auto
سعودي	ينتهي في الثلاثاء، ١٤ أبريل ٢٠٢٦		2026-04-05 22:07:37	البيبي (مستلزمات)	Extra Hygiene	Extra Hygiene Wet Wipes Value Pack	هاي جين عبوة التوفير	عبوة التوفير الفئة البيبي (مستلزمات)	عبوة		199.95	0	EGP	BUY 3 GET 1 FREE	page_33.jpg	flyer_9835	[650, 40, 860, 450]	0.95		9835	١٤ أبريل ٢٠٢٦	ينتهي في الثلاثاء، ١٤ أبريل ٢٠٢٦	سعودي	extra hyiene wet wipes value pack	6224009939251	https://mcprod.seoudisupermarket.com/media/catalog/product/cache/da04281da854ec319aff2207cb4cdbf5/6/2/6224009939251.jpg	Extra Hygiene Water Wet Wipes, 60 Pieces - Pack of 2	134.95	78.94736842	Fair	TRUE	auto
سعودي	ينتهي في الثلاثاء، ١٤ أبريل ٢٠٢٦		2026-04-05 22:07:37	البيبي (مستلزمات)	Extra Hygiene	Extra Hygiene Wet Wipes Sensitive Skin	وايبس ٧٠*٢ ق للبشره الحساسه	٧٠*٢ ق للبشره الحساسه الفئة البيبي (مستلزمات)	عبوة		119.95	0	EGP		page_33.jpg	flyer_9835	[400, 490, 570, 890]	0.95		9835	١٤ أبريل ٢٠٢٦	ينتهي في الثلاثاء، ١٤ أبريل ٢٠٢٦	سعودي	extra hyiene wet wipes sensitive skin	6224009939800	https://mcprod.seoudisupermarket.com/media/catalog/product/cache/da04281da854ec319aff2207cb4cdbf5/6/2/6224009939800.jpg	Extra Hygiene Sensitive Skin Wet Wipes, 70 Pieces - Pack of 2	119.95	93.14606742	Excellent	FALSE	auto
سعودي	ينتهي في الثلاثاء، ١٤ أبريل ٢٠٢٦		2026-04-05 22:07:37	البيبي (مستلزمات)	Extra Hygiene	Extra Hygiene Wet Wipes	هاي جين ٨٠ وايبس عرض أنواع ٣ ق	عرض أنواع ٣ ق الفئة البيبي (مستلزمات)	عبوة		169.95	0	EGP		page_33.jpg	flyer_9835	[100, 100, 360, 570]	0.95		9835	١٤ أبريل ٢٠٢٦	ينتهي في الثلاثاء، ١٤ أبريل ٢٠٢٦	سعودي	extra hyiene wet wipes	6223001240945	https://mcprod.seoudisupermarket.com/media/catalog/product/cache/da04281da854ec319aff2207cb4cdbf5/6/2/6224009939312_copy_1.jpg	Extra Hygiene Lavender Wet Wipes - 70 + 10 Pieces	69.45	73.33333333	Review	TRUE	auto
سعودي	ينتهي في الثلاثاء، ١٤ أبريل ٢٠٢٦		2026-04-05 22:07:37	البيبي (مستلزمات)	WaterWipes	Water Wipes	واتر وايبس ٦٠*٢ ق	٦٠*٢ ق الفئة البيبي (مستلزمات)	عبوة		134.95	0	EGP		page_33.jpg	flyer_9835	[400, 40, 570, 350]	0.95		9835	١٤ أبريل ٢٠٢٦	ينتهي في الثلاثاء، ١٤ أبريل ٢٠٢٦	سعودي	water wipes	6223001360100	https://mcprod.seoudisupermarket.com/media/catalog/product/cache/da04281da854ec319aff2207cb4cdbf5/6/2/6223001360100.jpg	Pepsi - 1.5 Liter	34.95	63.63636364	Review	TRUE	auto
سعودي	ينتهي في الثلاثاء، ١٤ أبريل ٢٠٢٦		2026-04-05 22:07:39	مناديل ورقية	White Bubbles	Bubbles Toilet Paper	وايت تواليت بابلز ٦ بكره	5+1 Free, TRIPLE LAYERS الفئة مناديل ورقية	6 rolls	109.45	69.45	36	EGP		page_34.jpg	flyer_9835	[[750, 340, 910, 640]]	0.95		9835	١٤ أبريل ٢٠٢٦	ينتهي في الثلاثاء، ١٤ أبريل ٢٠٢٦	سعودي	bubbles toilet paper	8690555730204	https://mcprod.seoudisupermarket.com/media/catalog/product/cache/da04281da854ec319aff2207cb4cdbf5/8/6/8690555730204.jpg	Pioneer Toilet Brush with Stand	175	65.11627907	Review	TRUE	auto
سعودي	ينتهي في الثلاثاء، ١٤ أبريل ٢٠٢٦		2026-04-05 22:07:39	مناديل ورقية	White Magic	Magic Kitchen Paper	وايت مطبخ ماجيك ١٢ رول	9+3 Free الفئة مناديل ورقية	12 rolls	172.45	129.95	24	EGP		page_34.jpg	flyer_9835	[[590, 340, 740, 640]]	0.95		9835	١٤ أبريل ٢٠٢٦	ينتهي في الثلاثاء، ١٤ أبريل ٢٠٢٦	سعودي	maic kitchen paper	6224008817260	https://mcprod.seoudisupermarket.com/media/catalog/product/cache/da04281da854ec319aff2207cb4cdbf5/6/2/6224008817260_copy.jpg	Papia Kitchen Rolls - Pack of 3 + 1	84.75	66.66666667	Review	TRUE	auto
سعودي	ينتهي في الثلاثاء، ١٤ أبريل ٢٠٢٦		2026-04-05 22:07:39	مطبخ(مستلزمات)	White Chef	Chef Kitchen Towel	فوط مطبخ شيف ٦ بكره	5+1 Free الفئة مطبخ(مستلزمات)	6 rolls	117.95	81.95	30	EGP		page_34.jpg	flyer_9835	[[590, 640, 740, 940]]	0.95		9835	١٤ أبريل ٢٠٢٦	ينتهي في الثلاثاء، ١٤ أبريل ٢٠٢٦	سعودي	chef kitchen towel	6223014652117	https://mcprod.seoudisupermarket.com/media/catalog/product/cache/da04281da854ec319aff2207cb4cdbf5/6/2/6223014652117_new.jpg	White Chef Pro Kitchen Towels - 6 Rolls	163.95	67.9245283	Review	TRUE	auto
سعودي	ينتهي في الثلاثاء، ١٤ أبريل ٢٠٢٦		2026-04-05 22:07:39	مطبخ(مستلزمات)	White	Chef Pro Kitchen Towel	Chef Pro Kitchen Towel	NOW 25% BIGGER! الفئة مطبخ(مستلزمات)		155.95	89.95	42	EGP		page_34.jpg	flyer_9835	[[170, 320, 299, 480], [326, 323, 360, 360]]	0.95		9835	١٤ أبريل ٢٠٢٦	ينتهي في الثلاثاء، ١٤ أبريل ٢٠٢٦	سعودي	chef pro kitchen towel	6223014652117	https://mcprod.seoudisupermarket.com/media/catalog/product/cache/da04281da854ec319aff2207cb4cdbf5/6/2/6223014652117_new.jpg	White Chef Pro Kitchen Towels - 6 Rolls	163.95	77.19298246	Fair	TRUE	auto
سعودي	ينتهي في الثلاثاء، ١٤ أبريل ٢٠٢٦		2026-04-05 22:07:39	مناديل ورقية	White Magic	Magic Toilet Paper	وايت تواليت ماجيك ١٢ بكره	9+3 Free الفئة مناديل ورقية	12 rolls	155.45	125.45	19	EGP		page_34.jpg	flyer_9835	[[590, 40, 740, 340]]	0.95		9835	١٤ أبريل ٢٠٢٦	ينتهي في الثلاثاء، ١٤ أبريل ٢٠٢٦	سعودي	maic toilet paper	6223014650335	https://mcprod.seoudisupermarket.com/media/catalog/product/cache/da04281da854ec319aff2207cb4cdbf5/6/2/6223014650335.jpg	White Magic Toilet Paper, 2 Ply - Pack of 9+3	125.45	75.38461538	Fair	TRUE	auto
سعودي	ينتهي في الثلاثاء، ١٤ أبريل ٢٠٢٦		2026-04-05 22:07:42	مناديل ورقية	Zeina	Zeina Compressed Kitchen Roll	مطبخ مضغوط 4 بكره	3+1 FREE ROLL الفئة مناديل ورقية			65.95	0	EGP	3+1 FREE ROLL	page_35.jpg	flyer_9835	[864, 30, 905, 100]	0.95		9835	١٤ أبريل ٢٠٢٦	ينتهي في الثلاثاء، ١٤ أبريل ٢٠٢٦	سعودي	zeina compressed kitchen roll	6223001241881	https://mcprod.seoudisupermarket.com/media/catalog/product/cache/da04281da854ec319aff2207cb4cdbf5/_/1/_10_2_-_6223001241881.jpg	Zeina Compressed Toilet Rolls, 2 Ply - 10 + 2 Pieces	131.75	72.46376812	Review	TRUE	auto
سعودي	ينتهي في الثلاثاء، ١٤ أبريل ٢٠٢٦		2026-04-05 22:07:42	مناديل ورقية	Zeina	Zeina Value Kitchen Roll	مطبخ فاليو 6 بكره	5+1 FREE ROLL الفئة مناديل ورقية			71.95	0	EGP	5+1 FREE ROLL	page_35.jpg	flyer_9835	[864, 539, 905, 600]	0.95		9835	١٤ أبريل ٢٠٢٦	ينتهي في الثلاثاء، ١٤ أبريل ٢٠٢٦	سعودي	zeina value kitchen roll	6223001240266	https://mcprod.seoudisupermarket.com/media/catalog/product/cache/da04281da854ec319aff2207cb4cdbf5/_/9/_9_3_-_6223001240266.jpg	Zeina Value Kitchen Rolls - 9 + 3 Pieces	131.45	85.71428571	Good	FALSE	auto
سعودي	ينتهي في الثلاثاء، ١٤ أبريل ٢٠٢٦		2026-04-05 22:07:42	مناديل ورقية	Zeina	Zeina Trio Compressed Toilet Roll	تواليت تريو / مضغوط 6 بكره	5+1 FREE ROLL الفئة مناديل ورقية			64.95	0	EGP	5+1 FREE ROLL	page_35.jpg	flyer_9835	[599, 30, 640, 100]	0.95		9835	١٤ أبريل ٢٠٢٦	ينتهي في الثلاثاء، ١٤ أبريل ٢٠٢٦	سعودي	zeina trio compressed toilet roll	6223001241881	https://mcprod.seoudisupermarket.com/media/catalog/product/cache/da04281da854ec319aff2207cb4cdbf5/_/1/_10_2_-_6223001241881.jpg	Zeina Compressed Toilet Rolls, 2 Ply - 10 + 2 Pieces	131.75	76.71232877	Fair	TRUE	auto
سعودي	ينتهي في الثلاثاء، ١٤ أبريل ٢٠٢٦		2026-04-05 22:07:42	مناديل ورقية	Zeina	Zeina Classic Tissues 400 sheets	زينه سحب كلاسيك 400 * 6	الفئة مناديل ورقية			147.95	0	EGP		page_35.jpg	flyer_9835	[377, 539, 407, 599]	0.95		9835	١٤ أبريل ٢٠٢٦	ينتهي في الثلاثاء، ١٤ أبريل ٢٠٢٦	سعودي	zeina classic tissues sheets	6223001240716	https://mcprod.seoudisupermarket.com/media/catalog/product/cache/da04281da854ec319aff2207cb4cdbf5/6/2/6223001240716_copy.jpg	Zeina Classic Soft Tissues - 500 Sheets	31.95	91.80327869	Good	FALSE	auto
سعودي	ينتهي في الثلاثاء، ١٤ أبريل ٢٠٢٦		2026-04-05 22:07:42	مناديل ورقية	Zeina	Zeina PRO XL Multipurpose Roll	متعدد الاستخدام XL	الفئة مناديل ورقية			89.95	0	EGP		page_35.jpg	flyer_9835	[599, 539, 640, 600]	0.95		9835	١٤ أبريل ٢٠٢٦	ينتهي في الثلاثاء، ١٤ أبريل ٢٠٢٦	سعودي	zeina pro xl multipurpose roll	6223001241195	https://mcprod.seoudisupermarket.com/media/catalog/product/cache/da04281da854ec319aff2207cb4cdbf5/_/-/_-6223001241195_xxl.jpg	Zeina Jumbo Multi-Purpose Roll - X X Large	121.95	72.46376812	Review	TRUE	auto
سعودي	ينتهي في الثلاثاء، ١٤ أبريل ٢٠٢٦		2026-04-05 22:07:44	مناديل ورقية	Fine	Fine Smart Toilet Paper 2 Ply Compressed (6+2 Free)	فاين تواليت سمارت 2 طبقة مضغوط (6+2 مجانا)	6+2 FREE ROLLS, MORE COMPRESSED ABSORBENT, NOW MADE STRONGER THAN EVER الفئة مناديل ورقية	عبوة	83.95	73.95	11	EGP		page_36.jpg	flyer_9835	[617, 209, 778, 456]	1	73.876	9835	١٤ أبريل ٢٠٢٦	ينتهي في الثلاثاء، ١٤ أبريل ٢٠٢٦	سعودي	fine smart toilet paper ply compressed free	6251001310269	https://mcprod.seoudisupermarket.com/media/catalog/product/cache/da04281da854ec319aff2207cb4cdbf5/6/2/6251001310269_2.jpg	Fine Compressed Duetto Toilet Paper, 2 Ply  - 2 Rolls	31.95	77.27272727	Fair	TRUE	auto
سعودي	ينتهي في الثلاثاء، ١٤ أبريل ٢٠٢٦		2026-04-05 22:07:44	مناديل ورقية	Fine	Fine Deluxe Toilet Paper 3 Ply Compressed (10+2 Free)	فاين تواليت ديلوكس 3 طبقة مضغوط (10+2 مجانا)	10+2 FREE ROLLS, THICKER AND MORE ABSORBENT, NOW MADE STRONGER THAN EVER الفئة مناديل ورقية	عبوة	132.95	99.95	24	EGP		page_36.jpg	flyer_9835	[617, 559, 778, 806]	1	99.7125	9835	١٤ أبريل ٢٠٢٦	ينتهي في الثلاثاء، ١٤ أبريل ٢٠٢٦	سعودي	fine deluxe toilet paper ply compressed free	6251001310269	https://mcprod.seoudisupermarket.com/media/catalog/product/cache/da04281da854ec319aff2207cb4cdbf5/6/2/6251001310269_2.jpg	Fine Compressed Duetto Toilet Paper, 2 Ply  - 2 Rolls	31.95	80.8988764	Fair	TRUE	auto
سعودي	ينتهي في الثلاثاء، ١٤ أبريل ٢٠٢٦		2026-04-05 22:07:44	مناديل ورقية	Fine	Fine Prestige Tissues 4 Ply (3*500)	فاين برستيج 4 طبقة (3*500)	SPECIAL BATCH 3 PLY, OUR SOFTEST EVER الفئة مناديل ورقية	عبوة	98.95	84.95	14	EGP		page_36.jpg	flyer_9835	[387, 209, 577, 456]	1	85.097	9835	١٤ أبريل ٢٠٢٦	ينتهي في الثلاثاء، ١٤ أبريل ٢٠٢٦	سعودي	fine prestie tissues ply	6294018800361	https://mcprod.seoudisupermarket.com/media/catalog/product/cache/da04281da854ec319aff2207cb4cdbf5/6/2/6294018800361.jpg	Fine Prestige Tissues - 400 Sheets	37.45	78.43137255	Fair	TRUE	auto
سعودي	ينتهي في الثلاثاء، ١٤ أبريل ٢٠٢٦		2026-04-05 22:07:44	مناديل ورقية	Fine	Fine Prestige Tissues 3 Ply (6*500)	فاين برستيج 3 طبقة (6*500)	عرض خاص الفئة مناديل ورقية	عبوة	189.95	149.95	21	EGP		page_36.jpg	flyer_9835	[387, 559, 577, 806]	1	150.0605	9835	١٤ أبريل ٢٠٢٦	ينتهي في الثلاثاء، ١٤ أبريل ٢٠٢٦	سعودي	fine prestie tissues ply	6294018800361	https://mcprod.seoudisupermarket.com/media/catalog/product/cache/da04281da854ec319aff2207cb4cdbf5/6/2/6294018800361.jpg	Fine Prestige Tissues - 400 Sheets	37.45	78.43137255	Fair	TRUE	auto
سعودي	ينتهي في الثلاثاء، ١٤ أبريل ٢٠٢٦		2026-04-05 22:07:46	مناديل ورقية	Papia	Papia Toilet Paper 5 + 1 FREE	بابيا ورق تواليت ٥ + ١ مجاناً	5+1 roll free, NEW 40% Thicker الفئة مناديل ورقية	لفة		65.95	0	EGP		page_37.jpg	flyer_9835	[738, 510, 938, 907]	0.95		9835	١٤ أبريل ٢٠٢٦	ينتهي في الثلاثاء، ١٤ أبريل ٢٠٢٦	سعودي	papia toilet paper free	6223007654654	https://mcprod.seoudisupermarket.com/media/catalog/product/cache/da04281da854ec319aff2207cb4cdbf5/6/2/6223007654654.jpg	Papia Toilet Paper, 4 Ply - Pack of 5+1	69.45	85.47169811	Good	FALSE	auto
سعودي	ينتهي في الثلاثاء، ١٤ أبريل ٢٠٢٦		2026-04-05 22:07:46	مناديل ورقية	Papia	Papia Facial Tissues 2 or 3 ply, 500 tissues, 3 pieces	بابيا مناديل وجه ٢ او ٣ طبقة ٥٠٠ منديل ٣ قطع	Special Offer الفئة مناديل ورقية	عبوة		98.95	0	EGP		page_37.jpg	flyer_9835	[187, 184, 689, 452]	0.95		9835	١٤ أبريل ٢٠٢٦	ينتهي في الثلاثاء، ١٤ أبريل ٢٠٢٦	سعودي	papia facial tissues or ply tissues pieces	6223007654418	https://mcprod.seoudisupermarket.com/media/catalog/product/cache/da04281da854ec319aff2207cb4cdbf5/6/2/6223007654418.jpg	Papia Facial Tissues, 4 Ply, 500 Sheets - Pack of 6	189.95	76.54320988	Fair	TRUE	auto
سعودي	ينتهي في الثلاثاء، ١٤ أبريل ٢٠٢٦		2026-04-05 22:07:46	مطبخ(مستلزمات)	Familia	Familia Kitchen Towels 9 + 3 FREE	فاميليا فوط مطبخ ٩ + ٣ مجاناً	9+3 Rolls FREE, ANTI BACTERIAL PROTECTION, Half Size Option الفئة مطبخ(مستلزمات)	لفة		129.95	0	EGP		page_37.jpg	flyer_9835	[430, 558, 689, 850]	0.95		9835	١٤ أبريل ٢٠٢٦	ينتهي في الثلاثاء، ١٤ أبريل ٢٠٢٦	سعودي	familia kitchen towels free	6224007974803	https://mcprod.seoudisupermarket.com/media/catalog/product/cache/da04281da854ec319aff2207cb4cdbf5/6/2/6224007974803.png	Familia Kitchen Rolls - 2 Pieces	39.95	69.09090909	Review	TRUE	auto
سعودي	ينتهي في الثلاثاء، ١٤ أبريل ٢٠٢٦		2026-04-05 22:07:46	مناديل ورقية	Papia	Papia Premium Toilet Paper with Lotion 10 + 2 FREE	بابيا بريميوم ورق تواليت باللوشن ١٠ + ٢ مجاناً	10+2 rolls free, NEW 40% Thicker, Compressed الفئة مناديل ورقية	لفة		179.95	0	EGP		page_37.jpg	flyer_9835	[738, 60, 938, 462]	0.95		9835	١٤ أبريل ٢٠٢٦	ينتهي في الثلاثاء، ١٤ أبريل ٢٠٢٦	سعودي	papia premium toilet paper lotion free	6224009136681	https://mcprod.seoudisupermarket.com/media/catalog/product/cache/da04281da854ec319aff2207cb4cdbf5/6/2/6224009136681_-_6rolls.jpg.jpg	Papia Premium Compressed Toilet Paper Rolls, 3 Ply - Pack of 5 + 1	98.95	68.8172043	Review	TRUE	auto
سعودي	ينتهي في الثلاثاء، ١٤ أبريل ٢٠٢٦		2026-04-05 22:07:48	غسيل الأطباق	Saudi	Dishwashing Liquid	سعودي منظف اطباق ٧٠٠ مل ٣ ق	الفئة غسيل الأطباق		86.85	76.85	11	EGP		page_38.jpg	flyer_9835	[442, 429, 591, 578]	0.98	76.428	9835	١٤ أبريل ٢٠٢٦	ينتهي في الثلاثاء، ١٤ أبريل ٢٠٢٦	سعودي	dishwashin liquid	6221143092057	https://mcprod.seoudisupermarket.com/media/catalog/product/cache/da04281da854ec319aff2207cb4cdbf5/6/2/6221143092057.jpg	Pril Dishwashing Liquid - 350 ml	19.95	87.17948718	Good	FALSE	auto
سعودي	ينتهي في الثلاثاء، ١٤ أبريل ٢٠٢٦		2026-04-05 22:07:48	غسيل (مسحوق )	Comfort	Fabric Softener	كمفورت منعم اللتر	الفئة غسيل (مسحوق )		102.95	87.95	14	EGP		page_38.jpg	flyer_9835	[280, 271, 429, 420]	0.98	87.5075	9835	١٤ أبريل ٢٠٢٦	ينتهي في الثلاثاء، ١٤ أبريل ٢٠٢٦	سعودي	fabric softener	6224008668671	https://mcprod.seoudisupermarket.com/media/catalog/product/cache/da04281da854ec319aff2207cb4cdbf5/6/2/6224008668671_1.jpg	Frida Fresh Fabric Softener - 2 L	104.95	82.94736842	Fair	TRUE	auto
سعودي	ينتهي في الثلاثاء، ١٤ أبريل ٢٠٢٦		2026-04-05 22:07:48	غسيل (مسحوق )	Ariel	Gel Detergent	اريال جل داوني ٣ لتر	GIANT SAVING الفئة غسيل (مسحوق )		546.95	476.95	12	EGP		page_38.jpg	flyer_9835	[280, 429, 429, 578]	0.98	475.8465	9835	١٤ أبريل ٢٠٢٦	ينتهي في الثلاثاء، ١٤ أبريل ٢٠٢٦	سعودي	el deterent	8006540820674	https://mcprod.seoudisupermarket.com/media/catalog/product/cache/da04281da854ec319aff2207cb4cdbf5/8/0/8006540820674_ccx.jpg	Tide Clean Gel Detergent - 3 kg	213.95	62.85714286	Review	TRUE	auto
سعودي	ينتهي في الثلاثاء، ١٤ أبريل ٢٠٢٦		2026-04-05 22:07:48	مناديل ورقية	Saudi	Strong Kitchen Paper	سعودي ورق مطبخ سترونج بلس ٢ بكر ٣ ق	الفئة مناديل ورقية		224.85	124.85	44	EGP		page_38.jpg	flyer_9835	[280, 720, 429, 869]	0.97	125.916	9835	١٤ أبريل ٢٠٢٦	ينتهي في الثلاثاء، ١٤ أبريل ٢٠٢٦	سعودي	stron kitchen paper	6223001241775	https://mcprod.seoudisupermarket.com/media/catalog/product/cache/da04281da854ec319aff2207cb4cdbf5/_/2/_2_-_6223001241775.jpg	Zeina Trio Kitchen Rolls - Pack of 2	52.95	62.74509804	Review	TRUE	auto
سعودي	ينتهي في الثلاثاء، ١٤ أبريل ٢٠٢٦		2026-04-05 22:07:48	تعطير الجو	Farida	Air Freshener	فريدا معطر جو ٤٠٠ مل	الفئة تعطير الجو		77.95	67.95	12	EGP		page_38.jpg	flyer_9835	[442, 271, 591, 420]	0.98	67.8165	9835	١٤ أبريل ٢٠٢٦	ينتهي في الثلاثاء، ١٤ أبريل ٢٠٢٦	سعودي	air ener	2000640000000	https://mcprod.seoudisupermarket.com/media/catalog/product/cache/da04281da854ec319aff2207cb4cdbf5/2/0/2000640000000.jpg	Ginger	264.95	66.66666667	Review	TRUE	auto
سعودي	ينتهي في الثلاثاء، ١٤ أبريل ٢٠٢٦		2026-04-05 22:07:48	مطبخ(مستلزمات)	Demitta	Aluminum Foil + Baking Paper	ديميتا فويل ١٠ امتر ازرق + ورق زبدة ١٠ امتر هدية	NEW الفئة مطبخ(مستلزمات)		134.95	119.95	11	EGP		page_38.jpg	flyer_9835	[766, 720, 915, 869]	0.97	120.1055	9835	١٤ أبريل ٢٠٢٦	ينتهي في الثلاثاء، ١٤ أبريل ٢٠٢٦	سعودي	aluminum foil bakin paper	6223001325482	https://mcprod.seoudisupermarket.com/media/catalog/product/cache/da04281da854ec319aff2207cb4cdbf5/6/2/6223001325482.jpg	Demitta Aluminium Foil, 20 m - Red + Baking Paper	209.95	76.92307692	Fair	TRUE	auto
سعودي	ينتهي في الثلاثاء، ١٤ أبريل ٢٠٢٦		2026-04-05 22:07:48	منظفات منزلية	Dettol	Disinfectant	ديتفول مطهر ٥٠٠ مل	الفئة منظفات منزلية		143.75	94.95	33	EGP		page_38.jpg	flyer_9835	[604, 429, 753, 578]	0.98	94.875	9835	١٤ أبريل ٢٠٢٦	ينتهي في الثلاثاء، ١٤ أبريل ٢٠٢٦	سعودي	disinfectant	6223006126077	https://mcprod.seoudisupermarket.com/media/catalog/product/cache/da04281da854ec319aff2207cb4cdbf5/6/2/6223006126077.jpg	Brix Disinfectant Bleach - 950 ml	21.45	66.66666667	Review	TRUE	auto
سعودي	ينتهي في الثلاثاء، ١٤ أبريل ٢٠٢٦		2026-04-05 22:07:48	تعطير الجو	Frida	Surface Freshener	فريدا معطر اسطح ٤٨٠ مل	الفئة تعطير الجو		49.95	45.95	8	EGP		page_38.jpg	flyer_9835	[604, 720, 753, 869]	0.98	45.954	9835	١٤ أبريل ٢٠٢٦	ينتهي في الثلاثاء، ١٤ أبريل ٢٠٢٦	سعودي	surface ener	6911657990016	https://mcprod.seoudisupermarket.com/media/catalog/product/cache/da04281da854ec319aff2207cb4cdbf5/6/9/6911657990016_copy.jpg	Heinz Oyster Sauce - 500 ml	170.95	60	Review	TRUE	auto
سعودي	ينتهي في الثلاثاء، ١٤ أبريل ٢٠٢٦		2026-04-05 22:07:48	مستلزمات منزلية	Energizer	Batteries AAA/AA	بطارية قلم / ريموت ٨ قطع + ٤ قطع هدية	الفئة مستلزمات منزلية		364.95	344.95	5	EGP		page_38.jpg	flyer_9835	[766, 271, 915, 420]	0.98	346.7025	9835	١٤ أبريل ٢٠٢٦	ينتهي في الثلاثاء، ١٤ أبريل ٢٠٢٦	سعودي	batteries aaa aa	6223000710036	https://mcprod.seoudisupermarket.com/media/catalog/product/cache/da04281da854ec319aff2207cb4cdbf5/m/i/microsoftteams-image_42__1.png	Hayat Natural Water - 600 ml	5.75	57.14285714	Review	TRUE	auto
سعودي	ينتهي في الثلاثاء، ١٤ أبريل ٢٠٢٦		2026-04-05 22:07:48	أدوات تنظيف	White	Shoe Wipes	وايت مناديل مبلله للاحذية ٢٠ منديل	الفئة أدوات تنظيف		47.5	32.5	31	EGP		page_38.jpg	flyer_9835	[766, 429, 915, 578]	0.98	32.3	9835	١٤ أبريل ٢٠٢٦	ينتهي في الثلاثاء، ١٤ أبريل ٢٠٢٦	سعودي	shoe wipes	6223001908326	https://mcprod.seoudisupermarket.com/media/catalog/product/cache/da04281da854ec319aff2207cb4cdbf5/6/2/6223001908326.jpg	Handy Baby Wet Wipes - 40 ml	15.45	63.25925926	Review	TRUE	auto
سعودي	ينتهي في الثلاثاء، ١٤ أبريل ٢٠٢٦		2026-04-05 22:07:48	أدوات تنظيف	Saudi Sweep	Sponge	سعودي اسفنجة سويب ٣ قطع	الفئة أدوات تنظيف		44.95	36.95	17	EGP		page_38.jpg	flyer_9835	[604, 271, 753, 420]	0.97	36.859	9835	١٤ أبريل ٢٠٢٦	ينتهي في الثلاثاء، ١٤ أبريل ٢٠٢٦	سعودي	spone	5449000226686	https://mcprod.seoudisupermarket.com/media/catalog/product/cache/da04281da854ec319aff2207cb4cdbf5/5/4/5449000226686.jpg	Sprite - 240 ml	14.95	54.54545455	Review	TRUE	auto
سعودي	ينتهي في الثلاثاء، ١٤ أبريل ٢٠٢٦		2026-04-05 22:07:48	غسيل الأطباق	Ludwik	Dishwasher Tablets Lemon or Mint	لودفيك اقراص ليمون او ليمون نعناع ٣٠ قرص ٢+١	Special Offer 2+1 الفئة غسيل الأطباق		693.9	519.95	25	EGP		page_38.jpg	flyer_9835	[442, 720, 591, 869]	0.98	520.425	9835	١٤ أبريل ٢٠٢٦	ينتهي في الثلاثاء، ١٤ أبريل ٢٠٢٦	سعودي	dishwasher tablets lemon or mint	6223014219365	https://mcprod.seoudisupermarket.com/media/catalog/product/cache/da04281da854ec319aff2207cb4cdbf5/6/2/6223014219365.jpg	Oxi Brite Lemon Dishwasher Capsules, 14 g - 30 Tablets	299.95	69.33333333	Review	TRUE	auto
سعودي	ينتهي في الثلاثاء، ١٤ أبريل ٢٠٢٦		2026-04-05 22:07:50	غسيل (مسحوق )	Persil	Persil Powder	برسيل بودر ٥ ك	الفئة غسيل (مسحوق )			219.95	0	EGP		page_39.jpg	flyer_9835	[640, 350, 860, 640]	0.95		9835	١٤ أبريل ٢٠٢٦	ينتهي في الثلاثاء، ١٤ أبريل ٢٠٢٦	سعودي	persil powder	5285001077441	https://mcprod.seoudisupermarket.com/media/catalog/product/cache/da04281da854ec319aff2207cb4cdbf5/5/2/5285001077441.jpeg	Esnad Paprika Powder - 75 g	78.75	60.60606061	Review	TRUE	auto
سعودي	ينتهي في الثلاثاء، ١٤ أبريل ٢٠٢٦		2026-04-05 22:07:50	غسيل (مسحوق )	Persil	Persil Gel Universal Lavender Rose	برسيل جل ٣ ل ك (يونيفرسال - لافندر - روز)	الفئة غسيل (مسحوق )			189.95	0	EGP		page_39.jpg	flyer_9835	[640, 665, 860, 955]	0.95		9835	١٤ أبريل ٢٠٢٦	ينتهي في الثلاثاء، ١٤ أبريل ٢٠٢٦	سعودي	persil el universal lavender rose	6221134031881	https://mcprod.seoudisupermarket.com/media/catalog/product/cache/da04281da854ec319aff2207cb4cdbf5/6/2/6221134031881.jpg	Snickers Lantern Wafer Rolls - 4+1 Pieces	48.95	58.82352941	Review	TRUE	auto
سعودي	ينتهي في الثلاثاء، ١٤ أبريل ٢٠٢٦		2026-04-05 22:07:50	غسيل (مسحوق )	Persil	Persil Gel Black	برسيل جل بلاك	الفئة غسيل (مسحوق )			164.95	0	EGP		page_39.jpg	flyer_9835	[400, 200, 620, 465]	0.95		9835	١٤ أبريل ٢٠٢٦	ينتهي في الثلاثاء، ١٤ أبريل ٢٠٢٦	سعودي	persil el black	6925250503191	https://mcprod.seoudisupermarket.com/media/catalog/product/cache/da04281da854ec319aff2207cb4cdbf5/6/9/6925250503191.jpg	Regal Thermos, 1 L - Black	1150	68.57142857	Review	TRUE	auto
سعودي	ينتهي في الثلاثاء، ١٤ أبريل ٢٠٢٦		2026-04-05 22:07:50	غسيل (مسحوق )	Perwoll	Perwoll Gel Colors Darks Sport	برقول جل ٢.٥ كجم (ألوان - غوامق - رياضي)	الفئة غسيل (مسحوق )			139.95	0	EGP		page_39.jpg	flyer_9835	[400, 520, 620, 795]	0.95		9835	١٤ أبريل ٢٠٢٦	ينتهي في الثلاثاء، ١٤ أبريل ٢٠٢٦	سعودي	perwoll el colors darks sport	6773505593240	https://mcprod.seoudisupermarket.com/media/catalog/product/cache/da04281da854ec319aff2207cb4cdbf5/6/7/6773505593240.jpg	CR7 Sports Drink with Grape - 591 ml	54.95	61.2244898	Review	TRUE	auto
سعودي	ينتهي في الثلاثاء، ١٤ أبريل ٢٠٢٦		2026-04-05 22:07:53	منظفات منزلية	Dettol	Dettol Wipes	ديتول مناديل مبلله	الفئة منظفات منزلية		299.85	189.95	36	EGP		page_40.jpg	flyer_9835	[189, 710, 346, 882]	0.95		9835	١٤ أبريل ٢٠٢٦	ينتهي في الثلاثاء، ١٤ أبريل ٢٠٢٦	سعودي	dettol wipes	6223001361824	https://mcprod.seoudisupermarket.com/media/catalog/product/cache/da04281da854ec319aff2207cb4cdbf5/6/2/6223001361824.jpg	Pepsi Diet - 400 ml	11.45	63.63636364	Review	TRUE	auto
سعودي	ينتهي في الثلاثاء، ١٤ أبريل ٢٠٢٦		2026-04-05 22:07:53	منظفات منزلية	Dettol	Dettol Kitchen & Bathroom Cleaner	ديتول منظف مطابخ وحمامات	الفئة منظفات منزلية		797.9	457.9	42	EGP		page_40.jpg	flyer_9835	[457, 710, 614, 882]	0.95		9835	١٤ أبريل ٢٠٢٦	ينتهي في الثلاثاء، ١٤ أبريل ٢٠٢٦	سعودي	dettol kitchen bathroom cleaner	5000146059790	https://mcprod.seoudisupermarket.com/media/catalog/product/cache/da04281da854ec319aff2207cb4cdbf5/5/0/5000146059790.jpg	Dettol Power Bathroom Cleaner - 500 ml	398.95	83.33333333	Fair	TRUE	auto
سعودي	ينتهي في الثلاثاء، ١٤ أبريل ٢٠٢٦		2026-04-05 22:07:53	منظفات منزلية	Dettol	Dettol Floor Cleaner	ديتول منظف ارضيات	الفئة منظفات منزلية		489.9	369.95	24	EGP		page_40.jpg	flyer_9835	[369, 710, 526, 882]	0.95		9835	١٤ أبريل ٢٠٢٦	ينتهي في الثلاثاء، ١٤ أبريل ٢٠٢٦	سعودي	dettol floor cleaner	5000146059783	https://mcprod.seoudisupermarket.com/media/catalog/product/cache/da04281da854ec319aff2207cb4cdbf5/5/0/5000146059783.jpg	Dettol Power Kitchen Cleaner - 500 ml	398.95	70.83333333	Review	TRUE	auto
سعودي	ينتهي في الثلاثاء، ١٤ أبريل ٢٠٢٦		2026-04-05 22:07:53	منظفات منزلية	Dettol	Dettol Disinfectant	ديتول مطهر	الفئة منظفات منزلية		1299.9	694.95	46	EGP		page_40.jpg	flyer_9835	[444, 448, 601, 620]	0.95		9835	١٤ أبريل ٢٠٢٦	ينتهي في الثلاثاء، ١٤ أبريل ٢٠٢٦	سعودي	dettol disinfectant	6223006126077	https://mcprod.seoudisupermarket.com/media/catalog/product/cache/da04281da854ec319aff2207cb4cdbf5/6/2/6223006126077.jpg	Brix Disinfectant Bleach - 950 ml	21.45	65.11627907	Review	TRUE	auto
سعودي	ينتهي في الثلاثاء، ١٤ أبريل ٢٠٢٦		2026-04-05 22:07:53	العناية الشخصية	Dettol	Dettol Hand Wash	ديتول هاند ووش	الفئة العناية الشخصية		386.25	249.25	35	EGP		page_40.jpg	flyer_9835	[229, 448, 386, 620]	0.95		9835	١٤ أبريل ٢٠٢٦	ينتهي في الثلاثاء، ١٤ أبريل ٢٠٢٦	سعودي	dettol h wash	6222048701976	https://mcprod.seoudisupermarket.com/media/catalog/product/cache/da04281da854ec319aff2207cb4cdbf5/6/2/6222048701976.jpg	Dettol Hand Wash Refreshing, 200 ml - Discount%	89.95	65	Review	TRUE	auto
سعودي	ينتهي في الثلاثاء، ١٤ أبريل ٢٠٢٦		2026-04-05 22:07:55	غسيل (مسحوق )	Vanish	Vanish Liquid Colors	فانيش سائل الوان	الفئة غسيل (مسحوق )		709.9	499.9	29	EGP		page_41.jpg	flyer_9835	[0, 0, 0, 0]	1	496.93	9835	١٤ أبريل ٢٠٢٦	ينتهي في الثلاثاء، ١٤ أبريل ٢٠٢٦	سعودي	vanish liquid colors	6223006880764	https://mcprod.seoudisupermarket.com/media/catalog/product/cache/da04281da854ec319aff2207cb4cdbf5/6/2/6223006880764.jpg	Dobella Liquid Vanilla - 100 ml	51.75	66.66666667	Review	TRUE	auto
سعودي	ينتهي في الثلاثاء، ١٤ أبريل ٢٠٢٦		2026-04-05 22:07:55	منظفات منزلية	Harpic	Harpic Toilet Cleaner (Assorted)	هاربيك (انواع)	الفئة منظفات منزلية		419.9	279.95	33	EGP		page_41.jpg	flyer_9835	[0, 0, 0, 0]	1	281.333	9835	١٤ أبريل ٢٠٢٦	ينتهي في الثلاثاء، ١٤ أبريل ٢٠٢٦	سعودي	harpic toilet cleaner assorted	6222048700825	https://mcprod.seoudisupermarket.com/media/catalog/product/cache/da04281da854ec319aff2207cb4cdbf5/6/2/6222048700825.jpg	Harpic Active Fresh Toilet Cleaner with Pine - 700 ml	209.95	79.36507937	Fair	TRUE	auto
سعودي	ينتهي في الثلاثاء، ١٤ أبريل ٢٠٢٦		2026-04-05 22:07:55	غسيل الأطباق	Finish	Finish Powerball Tablets Lemon	فينيش اقراص. 30 قرص ليمون	الفئة غسيل الأطباق		627.95	497.95	20	EGP		page_41.jpg	flyer_9835	[0, 0, 0, 0]	1	496.0805	9835	١٤ أبريل ٢٠٢٦	ينتهي في الثلاثاء، ١٤ أبريل ٢٠٢٦	سعودي	finish powerball tablets lemon	6222048703543	https://mcprod.seoudisupermarket.com/media/catalog/product/cache/da04281da854ec319aff2207cb4cdbf5/6/2/6222048703543.jpg	Finish Quantum Lemon Dishwasher Tablets - Pack of 59 + 18	699.95	59.74025974	Review	TRUE	auto
سعودي	ينتهي في الثلاثاء، ١٤ أبريل ٢٠٢٦		2026-04-05 22:07:55	غسيل الأطباق	Finish	Finish Quantum Tablets	فينيش أقراص كوانتم	38 + 12 مجاناً الفئة غسيل الأطباق		597.95	449.95	24	EGP		page_41.jpg	flyer_9835	[0, 0, 0, 0]	1	448.4625	9835	١٤ أبريل ٢٠٢٦	ينتهي في الثلاثاء، ١٤ أبريل ٢٠٢٦	سعودي	finish quantum tablets	6222048703543	https://mcprod.seoudisupermarket.com/media/catalog/product/cache/da04281da854ec319aff2207cb4cdbf5/6/2/6222048703543.jpg	Finish Quantum Lemon Dishwasher Tablets - Pack of 59 + 18	699.95	63.76811594	Review	TRUE	auto
سعودي	ينتهي في الثلاثاء، ١٤ أبريل ٢٠٢٦		2026-04-05 22:07:55	غسيل الأطباق	Finish	Finish Ultimate Sonic Tablets	فينيش أقراص ألترا سونيك	60 + 15 مجاناً الفئة غسيل الأطباق		674.95	654.95	2	EGP		page_41.jpg	flyer_9835	[0, 0, 0, 0]	1	654.7015	9835	١٤ أبريل ٢٠٢٦	ينتهي في الثلاثاء، ١٤ أبريل ٢٠٢٦	سعودي	finish ultimate sonic tablets	6222048703567	https://mcprod.seoudisupermarket.com/media/catalog/product/cache/da04281da854ec319aff2207cb4cdbf5/6/2/6222048703567.jpg	Finish Ultra Sonic Dishwasher Tablets, Lemon - Pack of 60+15	654.95	72.5	Review	TRUE	auto
سعودي	ينتهي في الثلاثاء، ١٤ أبريل ٢٠٢٦		2026-04-05 22:07:57	تعطير الجو	Glade	Glade Multi Spray	جليد مالتي سبراي ٤٠٠ مل	الفئة تعطير الجو		62.95	44.95	28	EGP		page_42.jpg	flyer_9835	[0, 0, 0, 0]		44.6945	9835	١٤ أبريل ٢٠٢٦	ينتهي في الثلاثاء، ١٤ أبريل ٢٠٢٦	سعودي	lade multi spray	6222021801228	https://mcprod.seoudisupermarket.com/media/catalog/product/cache/da04281da854ec319aff2207cb4cdbf5/6/2/6222021801228.jpg	Glade Go Multi-Spray Oriental - 460 ml	44.95	84.41860465	Fair	TRUE	auto
سعودي	ينتهي في الثلاثاء، ١٤ أبريل ٢٠٢٦		2026-04-05 22:07:57	مبيدات	Raid, OFF!	Raid Flying Insect Killer + OFF! Spray	ريد مبيد للحشرات الطائرة ٤٠٠ مل + اوف سبراي ٤٠٠ مل	الفئة مبيدات		322.9	262.75	18	EGP		page_42.jpg	flyer_9835	[0, 0, 0, 0]		261.549	9835	١٤ أبريل ٢٠٢٦	ينتهي في الثلاثاء، ١٤ أبريل ٢٠٢٦	سعودي	raid flyin insect killer off spray	6223001344827	https://mcprod.seoudisupermarket.com/media/catalog/product/cache/da04281da854ec319aff2207cb4cdbf5/6/2/6223001344827.jpg	"Raid Odorless Flying Insect Killer Spray - 400 ml "	119.95	87.67123288	Good	FALSE	auto
سعودي	ينتهي في الثلاثاء، ١٤ أبريل ٢٠٢٦		2026-04-05 22:07:57	تعطير الجو	Glade	Glade Automatic Air Freshener Refill	جليد معطر غيار أوتوماتيك ٢٦٩ مل	الفئة تعطير الجو		149.45	119.45	20	EGP		page_42.jpg	flyer_9835	[0, 0, 0, 0]		119.56	9835	١٤ أبريل ٢٠٢٦	ينتهي في الثلاثاء، ١٤ أبريل ٢٠٢٦	سعودي	lade automatic air ener refill	6223006131118	https://mcprod.seoudisupermarket.com/media/catalog/product/cache/da04281da854ec319aff2207cb4cdbf5/6/2/6223006131118.jpg	Frida Automatic Air Freshener Refill, Meadows - 250 ml	119.95	91.15942029	Good	FALSE	auto
سعودي	ينتهي في الثلاثاء، ١٤ أبريل ٢٠٢٦		2026-04-05 22:07:57	منظفات منزلية	Pledge	Pledge Natural Furniture Polish	بليدج موبيليا طبيعي ٣٠٠ مل	الفئة منظفات منزلية		84.95	69.95	17	EGP		page_42.jpg	flyer_9835	[0, 0, 0, 0]		69.659	9835	١٤ أبريل ٢٠٢٦	ينتهي في الثلاثاء، ١٤ أبريل ٢٠٢٦	سعودي	plede natural furniture polish	6223001343332	https://mcprod.seoudisupermarket.com/media/catalog/product/cache/da04281da854ec319aff2207cb4cdbf5/6/2/6223001343332.jpg	Pledge Furniture Polish, Orange - 300 ml	69.95	96.20689655	Excellent	FALSE	auto
سعودي	ينتهي في الثلاثاء، ١٤ أبريل ٢٠٢٦		2026-04-05 22:08:00	أدوات تنظيف	Feba, Maxil	Feba Liquid Soap 4kg + Maxil Floor Cleaner 1L	فيبا صابون سائل 4 كجم + ماكسيل ارضيات 1 لتر	SALE الفئة أدوات تنظيف	4 kg + 1 liter		137.95	0	EGP		page_43.jpg	flyer_9835	[508, 100, 672, 380]			9835	١٤ أبريل ٢٠٢٦	ينتهي في الثلاثاء، ١٤ أبريل ٢٠٢٦	سعودي	feba liquid soap k maxil floor cleaner l	6223004146343	https://mcprod.seoudisupermarket.com/media/catalog/product/cache/da04281da854ec319aff2207cb4cdbf5/6/2/6223004146343.jpg	Feba Dishwashing Liquid 4L + Maxell Parquet Cleaner 1L	137.95	77.41573034	Fair	TRUE	auto
سعودي	ينتهي في الثلاثاء، ١٤ أبريل ٢٠٢٦		2026-04-05 22:08:00	أدوات تنظيف	Clorel	Clorel Bleach (1050ml + 2x1 + 4x1 + Colors 1kg)	كلوريل (1050 مل + 2×1 + 4×1 + الوان 1 كجم)	SALE الفئة أدوات تنظيف	1050 ml + 2x1 + 4x1 + 1 kg		79.95	0	EGP		page_43.jpg	flyer_9835	[508, 600, 672, 960]			9835	١٤ أبريل ٢٠٢٦	ينتهي في الثلاثاء، ١٤ أبريل ٢٠٢٦	سعودي	clorel bleach x x colors k	6223000231609	https://mcprod.seoudisupermarket.com/media/catalog/product/cache/da04281da854ec319aff2207cb4cdbf5/6/2/6223000231609.jpg	Clorel Bleach For Colors, Blue - 1000 ml	38.75	76.36363636	Fair	TRUE	auto
سعودي	ينتهي في الثلاثاء، ١٤ أبريل ٢٠٢٦		2026-04-05 22:08:00	غسيل (مسحوق )	Velveta	Velveta Automatic Washing Machine Gel 3kg	فلفيتا جل لغسالات الاوتوماتيك 3 كجم 1 ق	SALE الفئة غسيل (مسحوق )	3 kg		174.45	0	EGP		page_43.jpg	flyer_9835	[778, 100, 942, 380]			9835	١٤ أبريل ٢٠٢٦	ينتهي في الثلاثاء، ١٤ أبريل ٢٠٢٦	سعودي	velveta automatic washin machine el k	6223000238387	https://mcprod.seoudisupermarket.com/media/catalog/product/cache/da04281da854ec319aff2207cb4cdbf5/6/2/6223000238387.jpg	Velveta Automatic Gel for Sports Wear - 1.5 Liters	146.45	67.5	Review	TRUE	auto
سعودي	ينتهي في الثلاثاء، ١٤ أبريل ٢٠٢٦		2026-04-05 22:08:00	غسيل (مستلزمات)	Velveta	Velveta Concentrated Fabric Softener & Freshener 1L	فلفيتا منعم ومعطر مركز 1 لتر الروائح	SALE الفئة غسيل (مستلزمات)	1 liter		119.75	0	EGP		page_43.jpg	flyer_9835	[778, 370, 942, 630]			9835	١٤ أبريل ٢٠٢٦	ينتهي في الثلاثاء، ١٤ أبريل ٢٠٢٦	سعودي	velveta concentrated fabric softener ener l	6223000234488	https://mcprod.seoudisupermarket.com/media/catalog/product/cache/da04281da854ec319aff2207cb4cdbf5/6/2/6223000234488_copy.jpg	Velveta Elegance Concentrated Fabric Softener - 1 Liter	119.75	100	Excellent	FALSE	auto
سعودي	ينتهي في الثلاثاء، ١٤ أبريل ٢٠٢٦		2026-04-05 22:08:00	أدوات تنظيف	Maxil	Maxil Toilet Cleaner 700ml (2 bottles)	ماكسيل منظف تواليت 700 مل 2 ق	SALE الفئة أدوات تنظيف	700 ml (x2)		99.95	0	EGP		page_43.jpg	flyer_9835	[778, 690, 942, 960]			9835	١٤ أبريل ٢٠٢٦	ينتهي في الثلاثاء، ١٤ أبريل ٢٠٢٦	سعودي	maxil toilet cleaner bottles	6223004146176	https://mcprod.seoudisupermarket.com/media/catalog/product/cache/da04281da854ec319aff2207cb4cdbf5/6/2/6223004146176.jpg	Maxell Toilet Cleaner, Sea Breeze - 500 ml	53.45	73.33333333	Review	TRUE	auto
سعودي	ينتهي في الثلاثاء، ١٤ أبريل ٢٠٢٦		2026-04-05 22:08:01	مفروشات ومنسوجات	يومي	Yomi Men's Cotton V-neck T-shirt	يومي تي شيرت قطن رجالي رقبة V أبيض / أسود	الفئة مفروشات ومنسوجات		249.95	149.95	40	EGP		page_44.jpg	flyer_9835	[198, 409, 410, 569]	0.98	149.97	9835	١٤ أبريل ٢٠٢٦	ينتهي في الثلاثاء، ١٤ أبريل ٢٠٢٦	سعودي	yomi men s cotton v neck t shirt	6624000371065	https://mcprod.seoudisupermarket.com/media/catalog/product/cache/da04281da854ec319aff2207cb4cdbf5/6/6/6624000371065.jpg	Sara's Jar  Honey & Walnut Greek Yogurt - 170 gm	68	53.125	Review	TRUE	auto
سعودي	ينتهي في الثلاثاء، ١٤ أبريل ٢٠٢٦		2026-04-05 22:08:01	مفروشات ومنسوجات	جراند هاوس	Grand House Raghad Towel 50x90 cm	جراند هاوس فوطة رغد ٥٠*٩٠ الوان	الفئة مفروشات ومنسوجات		450	375	16	EGP		page_44.jpg	flyer_9835	[609, 239, 749, 399]	0.98	373.5	9835	١٤ أبريل ٢٠٢٦	ينتهي في الثلاثاء، ١٤ أبريل ٢٠٢٦	سعودي	r house rahad towel x cm	6221346045515	https://mcprod.seoudisupermarket.com/media/catalog/product/cache/da04281da854ec319aff2207cb4cdbf5/6/2/6221346045515.jpg	Grand House Raghad Towel, 150*90 cm - Teal	375	96.2745098	Excellent	FALSE	auto
سعودي	ينتهي في الثلاثاء، ١٤ أبريل ٢٠٢٦		2026-04-05 22:08:01	مفروشات ومنسوجات	يومي	Yomi Men's Cotton T-shirt Lycra	يومي تي شيرت قطن رجالي داخلي ليكرا - أبيض / أسود	الفئة مفروشات ومنسوجات		279.95	199.95	28	EGP		page_44.jpg	flyer_9835	[198, 239, 410, 399]	0.98	198.7645	9835	١٤ أبريل ٢٠٢٦	ينتهي في الثلاثاء، ١٤ أبريل ٢٠٢٦	سعودي	yomi men s cotton t shirt lycra	5060166383046	https://mcprod.seoudisupermarket.com/media/catalog/product/cache/da04281da854ec319aff2207cb4cdbf5/e/c/ec32f1c1-c211-41ed-bfe1-09ec718eda4d.jpg	Sweet Grapes Cotton Candy - 35g	34.95	57.69230769	Review	TRUE	auto
سعودي	ينتهي في الثلاثاء، ١٤ أبريل ٢٠٢٦		2026-04-05 22:08:01	مفروشات ومنسوجات	جراند هاوس	Grand House Raghad Towel 30x30 cm	جراند هاوس فوطة رغد ٣٠*٣٠ الوان	الفئة مفروشات ومنسوجات		39	32	17	EGP		page_44.jpg	flyer_9835	[439, 239, 579, 399]	0.98	31.98	9835	١٤ أبريل ٢٠٢٦	ينتهي في الثلاثاء، ١٤ أبريل ٢٠٢٦	سعودي	r house rahad towel x cm	6221346045515	https://mcprod.seoudisupermarket.com/media/catalog/product/cache/da04281da854ec319aff2207cb4cdbf5/6/2/6221346045515.jpg	Grand House Raghad Towel, 150*90 cm - Teal	375	86.2745098	Good	FALSE	auto
سعودي	ينتهي في الثلاثاء، ١٤ أبريل ٢٠٢٦		2026-04-05 22:08:01	مستلزمات منزلية	جراند هاوس	Grand House Kitchen Towels 3 Pieces	جراند هاوس فوط مطبخ ٣ قطع ٥٠*٣٠	الفئة مستلزمات منزلية		174.95	154.95	11	EGP		page_44.jpg	flyer_9835	[779, 239, 919, 399]	0.98	155.7055	9835	١٤ أبريل ٢٠٢٦	ينتهي في الثلاثاء، ١٤ أبريل ٢٠٢٦	سعودي	r house kitchen towels pieces	6222018929539	https://mcprod.seoudisupermarket.com/media/catalog/product/cache/da04281da854ec319aff2207cb4cdbf5/6/2/6222018929539.jpg	Grand House Jakar Towel, Creamy - 3 Pieces	129.95	70.96774194	Review	TRUE	auto
سعودي	ينتهي في الثلاثاء، ١٤ أبريل ٢٠٢٦		2026-04-05 22:08:01	مفروشات ومنسوجات	جراند هاوس	Grand House Raghad Towel 70x140 cm	جراند هاوس فوطة رغد ٧٠*١٤٠ الوان	الفئة مفروشات ومنسوجات		325	275	15	EGP		page_44.jpg	flyer_9835	[609, 409, 749, 569]	0.98	276.25	9835	١٤ أبريل ٢٠٢٦	ينتهي في الثلاثاء، ١٤ أبريل ٢٠٢٦	سعودي	r house rahad towel x cm	6221346045515	https://mcprod.seoudisupermarket.com/media/catalog/product/cache/da04281da854ec319aff2207cb4cdbf5/6/2/6221346045515.jpg	Grand House Raghad Towel, 150*90 cm - Teal	375	86.2745098	Good	FALSE	auto
سعودي	ينتهي في الثلاثاء، ١٤ أبريل ٢٠٢٦		2026-04-05 22:08:01	مستلزمات منزلية	جراند هاوس	Grand House Kitchen Potholder 1 Piece	جراند هاوس مساكة مطبخ اشكال ١ قطعة	الفئة مستلزمات منزلية		69.95	24.95	64	EGP		page_44.jpg	flyer_9835	[779, 409, 919, 569]	0.98	25.182	9835	١٤ أبريل ٢٠٢٦	ينتهي في الثلاثاء، ١٤ أبريل ٢٠٢٦	سعودي	r house kitchen potholder piece	6225000928657	https://mcprod.seoudisupermarket.com/media/catalog/product/cache/da04281da854ec319aff2207cb4cdbf5/6/2/6225000928657.jpg	Kitch.N Truffle Potato Balls - 10 Pieces	260	63.63636364	Review	TRUE	auto
سعودي	ينتهي في الثلاثاء، ١٤ أبريل ٢٠٢٦		2026-04-05 22:08:01	مفروشات ومنسوجات	يومي	Yomi Men's Cotton V-neck Undershirt	يومي فانلة رجالي داخلية قطن رقبة V أبيض	الفئة مفروشات ومنسوجات		149.95	99.95	33	EGP		page_44.jpg	flyer_9835	[439, 409, 579, 569]	0.98	100.4665	9835	١٤ أبريل ٢٠٢٦	ينتهي في الثلاثاء، ١٤ أبريل ٢٠٢٦	سعودي	yomi men s cotton v neck undershirt	6224009922062	https://mcprod.seoudisupermarket.com/media/catalog/product/cache/da04281da854ec319aff2207cb4cdbf5/6/2/6224009922062.jpg	Wonderville Cotton Candy Ice Cream - 150 ml	21.95	54.54545455	Review	TRUE	auto
سعودي	ينتهي في الثلاثاء، ١٤ أبريل ٢٠٢٦		2026-04-05 22:08:01	مفروشات ومنسوجات	جراند هاوس	Grand House Raghad Towel 90x50 cm	جراند هاوس فوطة رغد ٩٠*٥٠ الوان	الفئة مفروشات ومنسوجات		159	130	18	EGP		page_44.jpg	flyer_9835	[609, 579, 749, 739]	0.98	130.38	9835	١٤ أبريل ٢٠٢٦	ينتهي في الثلاثاء، ١٤ أبريل ٢٠٢٦	سعودي	r house rahad towel x cm	6221346045515	https://mcprod.seoudisupermarket.com/media/catalog/product/cache/da04281da854ec319aff2207cb4cdbf5/6/2/6221346045515.jpg	Grand House Raghad Towel, 150*90 cm - Teal	375	86.2745098	Good	FALSE	auto
سعودي	ينتهي في الثلاثاء، ١٤ أبريل ٢٠٢٦		2026-04-05 22:08:03	أجهزة منزلية	FRESH	Smart Air Cooler 6 Liter	مبرد هواء ٦ لتر سمارت	HOT OFFER الفئة أجهزة منزلية		4999	4449	11	EGP		page_45.jpg	flyer_9835	[237, 675, 420, 955]	1	4449.11	9835	١٤ أبريل ٢٠٢٦	ينتهي في الثلاثاء، ١٤ أبريل ٢٠٢٦	سعودي	smart air cooler liter	6223004509124	https://mcprod.seoudisupermarket.com/media/catalog/product/cache/da04281da854ec319aff2207cb4cdbf5/6/2/6223004509124.jpg	Mienta Air Cooler, 75 liter - Grey	5199	81.63265306	Fair	TRUE	auto
سعودي	ينتهي في الثلاثاء، ١٤ أبريل ٢٠٢٦		2026-04-05 22:08:03	أجهزة منزلية	Tefal	Easy Fry Max Air Fryer 5 Liter	قلاية تحمير إيزي فراي ماكس ٥ لتر	HOT OFFER الفئة أجهزة منزلية		7699	3999	48	EGP		page_45.jpg	flyer_9835	[440, 675, 620, 955]	1	4003.48	9835	١٤ أبريل ٢٠٢٦	ينتهي في الثلاثاء، ١٤ أبريل ٢٠٢٦	سعودي	easy fry max air fryer liter	4897129250098	https://mcprod.seoudisupermarket.com/media/catalog/product/cache/da04281da854ec319aff2207cb4cdbf5/4/8/4897129250098.jpg	Mienta Air Fryer - 4.2 Liter	5599	72	Review	TRUE	auto
سعودي	ينتهي في الثلاثاء، ١٤ أبريل ٢٠٢٦		2026-04-05 22:08:03	أجهزة منزلية	Tefal	Stand Fan 16 inch with remote	مروحة ستاند ١٦ بوصة بالريموت	HOT OFFER الفئة أجهزة منزلية		2999	2399	20	EGP		page_45.jpg	flyer_9835	[237, 360, 420, 640]	1	2399.2	9835	١٤ أبريل ٢٠٢٦	ينتهي في الثلاثاء، ١٤ أبريل ٢٠٢٦	سعودي	st fan inch remote	6221103010718	https://mcprod.seoudisupermarket.com/media/catalog/product/cache/da04281da854ec319aff2207cb4cdbf5/6/2/6221103010718.png	Fresh Smart Stand Fan with Remote - 16 inch	1890	85.71428571	Good	FALSE	auto
سعودي	ينتهي في الثلاثاء، ١٤ أبريل ٢٠٢٦		2026-04-05 22:08:03	أجهزة منزلية	PHILIPS	Stand Fan 16 inch 45 Watt	مروحة ستاند ١٦ بوصة ٤٥ وات	HOT OFFER الفئة أجهزة منزلية		2999	2699	10	EGP		page_45.jpg	flyer_9835	[237, 44, 420, 320]	1	2699.1	9835	١٤ أبريل ٢٠٢٦	ينتهي في الثلاثاء، ١٤ أبريل ٢٠٢٦	سعودي	st fan inch watt	6222017759458	https://mcprod.seoudisupermarket.com/media/catalog/product/cache/da04281da854ec319aff2207cb4cdbf5/6/2/6222017759458.jpg.png	Sonai Stand Fan, 70 Watt - 18 Inch	1349	84.21052632	Fair	TRUE	auto
سعودي	ينتهي في الثلاثاء، ١٤ أبريل ٢٠٢٦		2026-04-05 22:08:03	أجهزة منزلية	Tefal	Stand Fan with Mosquito Repellent	مروحة ستاند بطارد للناموس	الفئة أجهزة منزلية			2799	0	EGP		page_45.jpg	flyer_9835	[248, 570, 307, 629]	1		9835	١٤ أبريل ٢٠٢٦	ينتهي في الثلاثاء، ١٤ أبريل ٢٠٢٦	سعودي	st fan mosquito repellent	6224008208389	https://mcprod.seoudisupermarket.com/media/catalog/product/cache/da04281da854ec319aff2207cb4cdbf5/6/2/6224008208389.jpg	Tefal Mosquito Protect Stand Fan	2799	80.37037037	Fair	TRUE	auto
سعودي	ينتهي في الثلاثاء، ١٤ أبريل ٢٠٢٦		2026-04-05 22:08:03	أجهزة منزلية	Mienta	Onion, Garlic & Vegetable Chopper 450 Watt	قطاعة بصل وثوم وخضراوات ٤٥٠ وات	HOT OFFER الفئة أجهزة منزلية		1025	729.9	28	EGP		page_45.jpg	flyer_9835	[440, 44, 620, 320]	1	727.75	9835	١٤ أبريل ٢٠٢٦	ينتهي في الثلاثاء، ١٤ أبريل ٢٠٢٦	سعودي	onion arlic veetable chopper watt	6224001735042	https://mcprod.seoudisupermarket.com/media/catalog/product/cache/da04281da854ec319aff2207cb4cdbf5/6/2/6224001735042_newwwww.jpg	Mienta Vegetable Chopper, 450 Watt – CH2331B	799	78.78787879	Fair	TRUE	auto
سعودي	ينتهي في الثلاثاء، ١٤ أبريل ٢٠٢٦		2026-04-05 22:08:03	أجهزة منزلية	Tefal	Tefal Virtuo Steam Iron	تيفال مكواة بخار فيرتو	HOT OFFER الفئة أجهزة منزلية		1599	1199	25	EGP		page_45.jpg	flyer_9835	[640, 360, 820, 640]	1	1199.25	9835	١٤ أبريل ٢٠٢٦	ينتهي في الثلاثاء، ١٤ أبريل ٢٠٢٦	سعودي	tefal virtuo steam iron	6221064027220	https://mcprod.seoudisupermarket.com/media/catalog/product/cache/da04281da854ec319aff2207cb4cdbf5/6/2/6221064027220.jpg	Tefal Virtuo Steam Iron - 2000 Watt	1199	100	Excellent	FALSE	auto
سعودي	ينتهي في الثلاثاء، ١٤ أبريل ٢٠٢٦		2026-04-05 22:08:03	أجهزة منزلية	PHILIPS	Vacuum Cleaner 1200 Watt	مكنسة كهربائية ١٢٠٠ وات	HOT OFFER الفئة أجهزة منزلية		5499	4799	12	EGP		page_45.jpg	flyer_9835	[640, 675, 820, 955]	1	4784.13	9835	١٤ أبريل ٢٠٢٦	ينتهي في الثلاثاء، ١٤ أبريل ٢٠٢٦	سعودي	cleaner watt	6221103001853	https://mcprod.seoudisupermarket.com/media/catalog/product/cache/da04281da854ec319aff2207cb4cdbf5/6/2/6221103001853.jpg	Fresh 3D Heater, 5 Candles - 2000 Watt	1425	73.33333333	Review	TRUE	auto
سعودي	ينتهي في الثلاثاء، ١٤ أبريل ٢٠٢٦		2026-04-05 22:08:03	أجهزة منزلية	FRESH	Glass Water Kettle 1.7 Liter	غلاية مياه زجاج ٧,١ لتر	HOT OFFER الفئة أجهزة منزلية		749.95	699.95	6	EGP		page_45.jpg	flyer_9835	[840, 44, 1020, 320]	1	697.4535	9835	١٤ أبريل ٢٠٢٦	ينتهي في الثلاثاء، ١٤ أبريل ٢٠٢٦	سعودي	lass water kettle liter	6224001735325	https://mcprod.seoudisupermarket.com/media/catalog/product/cache/da04281da854ec319aff2207cb4cdbf5/6/2/6224001735325.jpg	Mienta Glass Kettle, 2200 Watt - 1.7 Liter	1299	80.76923077	Fair	TRUE	auto
سعودي	ينتهي في الثلاثاء، ١٤ أبريل ٢٠٢٦		2026-04-05 22:08:03	أجهزة منزلية	BRAUN	Water Kettle White / Black 2200 Watt - WK1100	غلاية مياه ابيض / اسود ٢٢٠٠ وات - WK1100	HOT OFFER الفئة أجهزة منزلية		2222	1999	10	EGP		page_45.jpg	flyer_9835	[840, 675, 1020, 955]	1	1999.8	9835	١٤ أبريل ٢٠٢٦	ينتهي في الثلاثاء، ١٤ أبريل ٢٠٢٦	سعودي	water kettle white black watt wk	8021098773524	https://mcprod.seoudisupermarket.com/media/catalog/product/cache/da04281da854ec319aff2207cb4cdbf5/8/0/8021098773524.jpg	Braun Water Kettle, 2200 W - White - WK1100	1999	88.68852459	Good	FALSE	auto
سعودي	ينتهي في الثلاثاء، ١٤ أبريل ٢٠٢٦		2026-04-05 22:08:03	أجهزة منزلية	Moulinex	Hand Blender Turbomix 350 Watt	خلاط يدوي تيربو ميكس ٣٥٠ وات	HOT OFFER, قوة 350 واط, سعة الدورق 800 مللي, قدم ستانلس ستيل الفئة أجهزة منزلية		1299	999	23	EGP		page_45.jpg	flyer_9835	[440, 360, 620, 640]	1	1000.23	9835	١٤ أبريل ٢٠٢٦	ينتهي في الثلاثاء، ١٤ أبريل ٢٠٢٦	سعودي	h blender turbomix watt	6221127025774	https://mcprod.seoudisupermarket.com/media/catalog/product/cache/da04281da854ec319aff2207cb4cdbf5/6/2/6221127025774_1_copy.jpg	Tornado Hand Blender - 250 Watt	1850	80	Fair	TRUE	auto
سعودي	ينتهي في الثلاثاء، ١٤ أبريل ٢٠٢٦		2026-04-05 22:08:03	أجهزة منزلية	KENWOOD	Steam Iron 2000 Watt	مكواة بخار ٢٠٠٠ وات	HOT OFFER الفئة أجهزة منزلية		1499	1099	26	EGP		page_45.jpg	flyer_9835	[640, 44, 820, 320]	1	1094.27	9835	١٤ أبريل ٢٠٢٦	ينتهي في الثلاثاء، ١٤ أبريل ٢٠٢٦	سعودي	steam iron watt	8021098000767	https://mcprod.seoudisupermarket.com/media/catalog/product/cache/da04281da854ec319aff2207cb4cdbf5/8/0/8021098000767.jpg	Braun Steam Iron, 1900 Watt - Orange	1799	71.42857143	Review	TRUE	auto
سعودي	ينتهي في الثلاثاء، ١٤ أبريل ٢٠٢٦		2026-04-05 22:08:04	مستلزمات منزلية	Zahran	Silicone Fridge Set 4 pcs	طقم ثلاجة سيليكون ٤ق	وفر 326 جنيه الفئة مستلزمات منزلية		625	299	52	EGP		page_46.jpg	flyer_9835	[642, 750, 930, 899]	0.95	300	9835	١٤ أبريل ٢٠٢٦	ينتهي في الثلاثاء، ١٤ أبريل ٢٠٢٦	سعودي	silicone fride set pcs	6223001791256	https://mcprod.seoudisupermarket.com/media/catalog/product/cache/da04281da854ec319aff2207cb4cdbf5/6/2/6223001791256_-_3_pieces.jpg	Mido Fresh Smoked Salmon Slice, 100 g - 3 Pieces	624.95	60.86956522	Review	TRUE	auto
سعودي	ينتهي في الثلاثاء، ١٤ أبريل ٢٠٢٦		2026-04-05 22:08:04	مستلزمات منزلية		Square Food Storage Set 4 pcs	طقم حفظ طعام مربع ٤ق	وفر 100 جنيه الفئة مستلزمات منزلية		199	99	50	EGP		page_46.jpg	flyer_9835	[342, 750, 630, 899]	0.95	99.5	9835	١٤ أبريل ٢٠٢٦	ينتهي في الثلاثاء، ١٤ أبريل ٢٠٢٦	سعودي	square food storae set pcs	6222004114147	https://mcprod.seoudisupermarket.com/media/catalog/product/cache/da04281da854ec319aff2207cb4cdbf5/6/2/6222004114147_1.jpg	Migo's Food Storage Set - 4 Pieces	404	74.07407407	Review	TRUE	auto
سعودي	ينتهي في الثلاثاء، ١٤ أبريل ٢٠٢٦		2026-04-05 22:08:04	مستلزمات منزلية	Vileda	Microfibre Cloths Multi-purpose 8 pcs	فوطة ميكروفيبر متعددة ٨ق	وفر 266 جنيه الفئة مستلزمات منزلية		615	349	43	EGP		page_46.jpg	flyer_9835	[42, 750, 329, 899]	0.95	350.55	9835	١٤ أبريل ٢٠٢٦	ينتهي في الثلاثاء، ١٤ أبريل ٢٠٢٦	سعودي	microfibre cloths multi purpose pcs	6959125750991	https://mcprod.seoudisupermarket.com/media/catalog/product/cache/da04281da854ec319aff2207cb4cdbf5/6/9/6959125750991.jpg	Liao Multi-Purpose Microfiber Cleaning Cloths - 4 Pieces	235	79.06976744	Fair	TRUE	auto
سعودي	ينتهي في الثلاثاء، ١٤ أبريل ٢٠٢٦		2026-04-05 22:08:04	مستلزمات منزلية	Pyrex	Rectangular Roaster Set 2 pcs	طقم ٢ اوب مستطيل	وفر 355 جنيه الفئة مستلزمات منزلية		910	555	39	EGP		page_46.jpg	flyer_9835	[642, 590, 930, 739]	0.95	555.1	9835	١٤ أبريل ٢٠٢٦	ينتهي في الثلاثاء، ١٤ أبريل ٢٠٢٦	سعودي	rectanular roaster set pcs	3426470271806	https://mcprod.seoudisupermarket.com/media/catalog/product/cache/da04281da854ec319aff2207cb4cdbf5/3/4/3426470271806_1_1.jpg	Pyrex Classic Rectangular Roaster Set, 35 + 40 cm - Pack of 2	1400	68.49315068	Review	TRUE	auto
سعودي	ينتهي في الثلاثاء، ١٤ أبريل ٢٠٢٦		2026-04-05 22:08:04	مستلزمات منزلية	Lock&Lock	Food Storage Set 2 pcs	طقم حافظة طعام ٢ق	وفر 140 جنيه الفئة مستلزمات منزلية		479	339	29	EGP		page_46.jpg	flyer_9835	[42, 590, 329, 739]	0.95	340.09	9835	١٤ أبريل ٢٠٢٦	ينتهي في الثلاثاء، ١٤ أبريل ٢٠٢٦	سعودي	food storae set pcs	6222004114147	https://mcprod.seoudisupermarket.com/media/catalog/product/cache/da04281da854ec319aff2207cb4cdbf5/6/2/6222004114147_1.jpg	Migo's Food Storage Set - 4 Pieces	404	80.85106383	Fair	TRUE	auto
سعودي	ينتهي في الثلاثاء، ١٤ أبريل ٢٠٢٦		2026-04-05 22:08:04	مستلزمات منزلية	Nouval	Oven Tray Set 2 pcs	طقم طاجن فرن ٢ق	وفر 210 جنيه الفئة مستلزمات منزلية		909	699	23	EGP		page_46.jpg	flyer_9835	[642, 430, 930, 579]	0.95	699.93	9835	١٤ أبريل ٢٠٢٦	ينتهي في الثلاثاء، ١٤ أبريل ٢٠٢٦	سعودي	oven tray set pcs	6221064002708	https://mcprod.seoudisupermarket.com/media/catalog/product/cache/da04281da854ec319aff2207cb4cdbf5/6/2/6221064002708_copy.jpg	Tefal Tempo Oven Tray Set, 30 + 35 cm - 2 Pieces	1399	65.38461538	Review	TRUE	auto
سعودي	ينتهي في الثلاثاء، ١٤ أبريل ٢٠٢٦		2026-04-05 22:08:04	مستلزمات منزلية	Nouval	Crepe Pan Classic 2 pcs	مقلاية كريب ٢ق كلاسيك	وفر 170 جنيه الفئة مستلزمات منزلية		719	549	23	EGP		page_46.jpg	flyer_9835	[42, 270, 329, 419]	0.95	546.44	9835	١٤ أبريل ٢٠٢٦	ينتهي في الثلاثاء، ١٤ أبريل ٢٠٢٦	سعودي	crepe pan classic pcs	159431	https://mcprod.seoudisupermarket.com/media/catalog/product/cache/da04281da854ec319aff2207cb4cdbf5/1/5/159431.jpg	Nouval Classic Crepe Pan - 30 cm	357	70.83333333	Review	TRUE	auto
سعودي	ينتهي في الثلاثاء، ١٤ أبريل ٢٠٢٦		2026-04-05 22:08:04	مستلزمات منزلية	Bormioli Rocco	Italian Food Storage Set 3 pcs	طقم حفظ طعام ايطالي ٣ق	وفر 119 جنيه الفئة مستلزمات منزلية		599	480	19	EGP		page_46.jpg	flyer_9835	[342, 590, 630, 739]	0.95	479.2	9835	١٤ أبريل ٢٠٢٦	ينتهي في الثلاثاء، ١٤ أبريل ٢٠٢٦	سعودي	italian food storae set pcs	6222004114147	https://mcprod.seoudisupermarket.com/media/catalog/product/cache/da04281da854ec319aff2207cb4cdbf5/6/2/6222004114147_1.jpg	Migo's Food Storage Set - 4 Pieces	404	76.36363636	Fair	TRUE	auto
سعودي	ينتهي في الثلاثاء، ١٤ أبريل ٢٠٢٦		2026-04-05 22:08:04	مستلزمات منزلية	Nouval	Deep Frying Pan + Spatula	مقلاية عميقة لاقلي + قطعة توزيع	وفر 150 جنيه الفئة مستلزمات منزلية		649	499	23	EGP		page_46.jpg	flyer_9835	[42, 430, 329, 579]	0.95	499.73	9835	١٤ أبريل ٢٠٢٦	ينتهي في الثلاثاء، ١٤ أبريل ٢٠٢٦	سعودي	deep fryin pan spatula	155209	https://mcprod.seoudisupermarket.com/media/catalog/product/cache/da04281da854ec319aff2207cb4cdbf5/2/0/2022051700393_copy.jpg	Nouval Deep Drying Pan - 30 cm + 1 Spoon	499	71.53846154	Review	TRUE	auto
سعودي	ينتهي في الثلاثاء، ١٤ أبريل ٢٠٢٦		2026-04-05 22:08:04	مستلزمات منزلية	Tefal	Tempo Frying Pan Set 3 pcs	تيمبو ط٣ مقلاية	وفر 1308 جنيه الفئة مستلزمات منزلية		2707	1399	48	EGP		page_46.jpg	flyer_9835	[342, 270, 630, 419]	0.95	1407.64	9835	١٤ أبريل ٢٠٢٦	ينتهي في الثلاثاء، ١٤ أبريل ٢٠٢٦	سعودي	tempo fryin pan set pcs	6221064006829	https://mcprod.seoudisupermarket.com/media/catalog/product/cache/da04281da854ec319aff2207cb4cdbf5/6/2/6221064006829-16_20_24cm_copy_1.jpg	Tefal Tempo Frying Pan Set, 16,20,24 cm - 3 Pieces	1399	89.31034483	Good	FALSE	auto
سعودي	ينتهي في الثلاثاء، ١٤ أبريل ٢٠٢٦		2026-04-05 22:08:06	مستلزمات منزلية	Migos	Migo Hangers Plastic	تونكيتا ميجو ٥ شماعه بلاستيك	HOT OFFER الفئة مستلزمات منزلية		145	65	55	EGP		page_47.jpg	flyer_9835	[100, 780, 415, 950]	0.95	65.25	9835	١٤ أبريل ٢٠٢٦	ينتهي في الثلاثاء، ١٤ أبريل ٢٠٢٦	سعودي	mio haners plastic	6223007323956	https://mcprod.seoudisupermarket.com/media/catalog/product/cache/da04281da854ec319aff2207cb4cdbf5/6/2/6223007323956.jpg	Nilco Stitch Playing Cards	59	72.11627907	Review	TRUE	auto
سعودي	ينتهي في الثلاثاء، ١٤ أبريل ٢٠٢٦		2026-04-05 22:08:06	مستلزمات منزلية	Zinnia	Zinnia Glass Jar + Straw	مج برطمان زجاج + شاليمو	HOT OFFER الفئة مستلزمات منزلية		65	35	46	EGP		page_47.jpg	flyer_9835	[420, 780, 735, 950]	0.95	35.1	9835	١٤ أبريل ٢٠٢٦	ينتهي في الثلاثاء، ١٤ أبريل ٢٠٢٦	سعودي	zinnia lass straw	6220196000125	https://mcprod.seoudisupermarket.com/media/catalog/product/cache/da04281da854ec319aff2207cb4cdbf5/6/2/6220196000125.jpg	Zinnia Double Glass Cup + Straw - 480 ml	175	75.55555556	Fair	TRUE	auto
سعودي	ينتهي في الثلاثاء، ١٤ أبريل ٢٠٢٦		2026-04-05 22:08:06	مستلزمات منزلية	Pasabahce	Mug Trebika	مج تريبيكا ٤٠٠ مل	الفئة مستلزمات منزلية		90	50	44	EGP		page_47.jpg	flyer_9835	[100, 420, 415, 590]	0.95	50.4	9835	١٤ أبريل ٢٠٢٦	ينتهي في الثلاثاء، ١٤ أبريل ٢٠٢٦	سعودي	mu trebika	164024	https://mcprod.seoudisupermarket.com/media/catalog/product/cache/da04281da854ec319aff2207cb4cdbf5/1/6/164024.jpg	Porcelain Mug - 9065-1	95	54.54545455	Review	TRUE	auto
سعودي	ينتهي في الثلاثاء، ١٤ أبريل ٢٠٢٦		2026-04-05 22:08:06	مستلزمات منزلية	JM	Porcelain Mug Colors	مج بورسلين الوان	الفئة مستلزمات منزلية		99	89	10	EGP		page_47.jpg	flyer_9835	[100, 600, 415, 770]	0.95	89.1	9835	١٤ أبريل ٢٠٢٦	ينتهي في الثلاثاء، ١٤ أبريل ٢٠٢٦	سعودي	porcelain mu colors	162087	https://mcprod.seoudisupermarket.com/media/catalog/product/cache/da04281da854ec319aff2207cb4cdbf5/1/6/162087.jpg	Porcelain Mug, Creamy - 9065-15	95	85.94736842	Good	FALSE	auto
سعودي	ينتهي في الثلاثاء، ١٤ أبريل ٢٠٢٦		2026-04-05 22:08:06	مستلزمات منزلية	Pasabahce	Mug Iconic Plain	مج ايكونك ٣٧٠ مل سادة	الفئة مستلزمات منزلية		49.95	39.95	20	EGP		page_47.jpg	flyer_9835	[420, 420, 735, 590]	0.95	39.96	9835	١٤ أبريل ٢٠٢٦	ينتهي في الثلاثاء، ١٤ أبريل ٢٠٢٦	سعودي	mu iconic plain	2001264000000	https://mcprod.seoudisupermarket.com/media/catalog/product/cache/da04281da854ec319aff2207cb4cdbf5/2/0/2001264000000.jpg	Plain Minin	260	69.23076923	Review	TRUE	auto
سعودي	ينتهي في الثلاثاء، ١٤ أبريل ٢٠٢٦		2026-04-05 22:08:06	مستلزمات منزلية	Pasabahce	Mug Basic	مج باسيك	الفئة مستلزمات منزلية		84	45	46	EGP		page_47.jpg	flyer_9835	[740, 600, 1055, 770]	0.95	45.36	9835	١٤ أبريل ٢٠٢٦	ينتهي في الثلاثاء، ١٤ أبريل ٢٠٢٦	سعودي	mu basic	153891	https://mcprod.seoudisupermarket.com/media/catalog/product/cache/da04281da854ec319aff2207cb4cdbf5/1/5/153891_new_imagee.jpg	Dima Fresh Basil - 100 g	18.75	66.66666667	Review	TRUE	auto
سعودي	ينتهي في الثلاثاء، ١٤ أبريل ٢٠٢٦		2026-04-05 22:08:06	مستلزمات منزلية	Luminarc	Luminarc Pindrom Mug	مج بيندروم	HOT OFFER الفئة مستلزمات منزلية		99.95	78.95	21	EGP		page_47.jpg	flyer_9835	[740, 780, 1055, 950]	0.95	78.9605	9835	١٤ أبريل ٢٠٢٦	ينتهي في الثلاثاء، ١٤ أبريل ٢٠٢٦	سعودي	luminarc pindrom mu	026102689783	https://mcprod.seoudisupermarket.com/media/catalog/product/cache/da04281da854ec319aff2207cb4cdbf5/2/6/26102689783.jpg	Luminarc Trianon Porcelain Mug, White - 290 ml	69	69.96296296	Review	TRUE	auto
سعودي	ينتهي في الثلاثاء، ١٤ أبريل ٢٠٢٦		2026-04-05 22:08:06	مستلزمات منزلية	Pasabahce	Mug Iconic Colors	مج ايكونك ٣٧٠ مل الوان	الفئة مستلزمات منزلية		64.95	45.95	29	EGP		page_47.jpg	flyer_9835	[420, 600, 735, 770]	0.95	46.1145	9835	١٤ أبريل ٢٠٢٦	ينتهي في الثلاثاء، ١٤ أبريل ٢٠٢٦	سعودي	mu iconic colors	7622202348402	https://mcprod.seoudisupermarket.com/media/catalog/product/cache/da04281da854ec319aff2207cb4cdbf5/7/6/7622202348402_1_.jpg	Clorets Mint Gum - 12 Pieces	14.95	63.15789474	Review	TRUE	auto
سعودي	ينتهي في الثلاثاء، ١٤ أبريل ٢٠٢٦		2026-04-05 22:08:06	مستلزمات منزلية	Regal	Thermos	ترمس ١ لتر فضي	الفئة مستلزمات منزلية			999	0	EGP		page_47.jpg	flyer_9835	[100, 240, 415, 409]	0.95		9835	١٤ أبريل ٢٠٢٦	ينتهي في الثلاثاء، ١٤ أبريل ٢٠٢٦	سعودي	thermos	163694	https://mcprod.seoudisupermarket.com/media/catalog/product/cache/da04281da854ec319aff2207cb4cdbf5/1/6/163694.jpg	Regal Thermos, 1 L - Grey	920	56	Review	TRUE	auto
سعودي	ينتهي في الثلاثاء، ١٤ أبريل ٢٠٢٦		2026-04-05 22:08:06	مستلزمات منزلية	Tank	Stainless Steel Cool Bottle	زجاجة ستانلس كول ١٥٠ الوان	الفئة مستلزمات منزلية		699	599	14	EGP		page_47.jpg	flyer_9835	[740, 420, 1055, 590]	0.95	601.14	9835	١٤ أبريل ٢٠٢٦	ينتهي في الثلاثاء، ١٤ أبريل ٢٠٢٦	سعودي	stainless steel cool bottle	6223003242589	https://mcprod.seoudisupermarket.com/media/catalog/product/cache/da04281da854ec319aff2207cb4cdbf5/6/2/6223003242589.jpg	Tank Stainless Steel Cool Water Bottle, Red - 650 ml	599	88.26086957	Good	FALSE	auto
سعودي	ينتهي في الثلاثاء، ١٤ أبريل ٢٠٢٦		2026-04-05 22:08:07	مستلزمات منزلية	الامال الوطنية	Magic Bucket	جردل ماجيكو	الفئة مستلزمات منزلية	عبوة	1599	549	65	EGP		page_48.jpg	flyer_9835	[239, 53, 704, 331]	0.95	559.65	9835	١٤ أبريل ٢٠٢٦	ينتهي في الثلاثاء، ١٤ أبريل ٢٠٢٦	سعودي	maic bucket	6221007038009	https://mcprod.seoudisupermarket.com/media/catalog/product/cache/da04281da854ec319aff2207cb4cdbf5/6/2/6221007038009_copy.jpg	Maggi Burger Mix - 30 g	12.95	58.33333333	Review	TRUE	auto
سعودي	ينتهي في الثلاثاء، ١٤ أبريل ٢٠٢٦		2026-04-05 22:08:07	مستلزمات منزلية	Nova	Stainless Steel Mop Bucket	جردل مصفاة إستانلس	الفئة مستلزمات منزلية	عبوة	1199	569	52	EGP		page_48.jpg	flyer_9835	[239, 360, 456, 638]	0.94	563.53	9835	١٤ أبريل ٢٠٢٦	ينتهي في الثلاثاء، ١٤ أبريل ٢٠٢٦	سعودي	stainless steel mop bucket	6223002050628	https://mcprod.seoudisupermarket.com/media/catalog/product/cache/da04281da854ec319aff2207cb4cdbf5/6/2/6223002050628.jpg	Hui Stainless Steel Cleaner - 500 ml	48.45	71.69811321	Review	TRUE	auto
سعودي	ينتهي في الثلاثاء، ١٤ أبريل ٢٠٢٦		2026-04-05 22:08:07	مستلزمات منزلية	Vileda	Turbo Smart Mop Bucket	جردل تربو سمارت	الفئة مستلزمات منزلية	عبوة	1999	1699	15	EGP		page_48.jpg	flyer_9835	[239, 662, 456, 940]	0.93	1699.15	9835	١٤ أبريل ٢٠٢٦	ينتهي في الثلاثاء، ١٤ أبريل ٢٠٢٦	سعودي	turbo smart mop bucket	6223004623127	https://mcprod.seoudisupermarket.com/media/catalog/product/cache/da04281da854ec319aff2207cb4cdbf5/6/2/6223004623127.jpg	Orist 2*1 Bucket with Mop and Squeeze	1349	65.2173913	Review	TRUE	auto
سعودي	ينتهي في الثلاثاء، ١٤ أبريل ٢٠٢٦		2026-04-05 22:08:07	مستلزمات منزلية	Vileda	Spray Mop for All Purposes	مساحة موب اسبراي لجميع الاغراض	الفئة مستلزمات منزلية	عبوة	1699	1499	11	EGP		page_48.jpg	flyer_9835	[480, 53, 704, 331]	0.92	1495.12	9835	١٤ أبريل ٢٠٢٦	ينتهي في الثلاثاء، ١٤ أبريل ٢٠٢٦	سعودي	spray mop for all purposes	6223001300489	https://mcprod.seoudisupermarket.com/media/catalog/product/cache/da04281da854ec319aff2207cb4cdbf5/6/2/6223001300489_thumbnail.jpg	Five Stars All Purpose Flour - 1 kg	34.95	67.85714286	Review	TRUE	auto
سعودي	ينتهي في الثلاثاء، ١٤ أبريل ٢٠٢٦		2026-04-05 22:08:07	مستلزمات منزلية	الامال الوطنية	Plastic Clothes Dryer	منشر غسيل بلاستيك	الفئة مستلزمات منزلية	قطعة	999	599	40	EGP		page_48.jpg	flyer_9835	[480, 662, 704, 940]	0.9	599.4	9835	١٤ أبريل ٢٠٢٦	ينتهي في الثلاثاء، ١٤ أبريل ٢٠٢٦	سعودي	plastic clothes dryer	6224000011376	https://mcprod.seoudisupermarket.com/media/catalog/product/cache/da04281da854ec319aff2207cb4cdbf5/6/2/6224000011376.jpg	Clear Plastic Cups - 10 Pieces	6.95	60.86956522	Review	TRUE	auto
سعودي	ينتهي في الثلاثاء، ١٤ أبريل ٢٠٢٦		2026-04-05 22:08:07	مستلزمات منزلية	Vileda	Multi-purpose Gloves Large/Medium	جونتي متعدد الاغراض كبير / وسط	HOT OFFER, SENSITIVE الفئة مستلزمات منزلية	زوج	140	99	29	EGP		page_48.jpg	flyer_9835	[726, 53, 943, 331]	0.96	99.4	9835	١٤ أبريل ٢٠٢٦	ينتهي في الثلاثاء، ١٤ أبريل ٢٠٢٦	سعودي	multi purpose loves lare medium	6214003305121	https://mcprod.seoudisupermarket.com/media/catalog/product/cache/da04281da854ec319aff2207cb4cdbf5/6/2/6214003305121.jpg	Waritex Multi-Purpose Household Gloves, Medium	123	74.66666667	Review	TRUE	auto
سعودي	ينتهي في الثلاثاء، ١٤ أبريل ٢٠٢٦		2026-04-05 22:08:07	مستلزمات منزلية	White Swift	Floor Mop + Wet Wipes	وايت مساحة ارضيات + مناديل مبلله	HOT OFFER الفئة مستلزمات منزلية	عبوة	599	399	33	EGP		page_48.jpg	flyer_9835	[726, 662, 943, 940]	0.95	401.33	9835	١٤ أبريل ٢٠٢٦	ينتهي في الثلاثاء، ١٤ أبريل ٢٠٢٦	سعودي	floor mop wet wipes	6221999122083	https://mcprod.seoudisupermarket.com/media/catalog/product/cache/da04281da854ec319aff2207cb4cdbf5/6/2/6221999122083.png	Mirage Pro Floor Wiper	145	65	Review	TRUE	auto
